# WaveFront *.obj file (generated by Cinema 4D)

mtllib material.mtl

v 0 -132.30000305175781 0
v 0 132.30000305175781 0
v 11.85928058624268 -131.76739501953125 0
v 11.81153869628906 -131.76739501953125 -1.06305766105652
v 11.66869735717773 -131.76739501953125 -2.11755633354187
v 11.43190574645996 -131.76739501953125 -3.15500569343567
v 11.10307216644287 -131.76739501953125 -4.16705274581909
v 10.68484306335449 -131.76739501953125 -5.14554882049561
v 10.18058490753174 -131.76739501953125 -6.08261632919312
v 9.59435939788818 -131.76739501953125 -6.97071027755737
v 8.93088626861572 -131.76739501953125 -7.80268001556396
v 8.19550609588623 -131.76739501953125 -8.57182693481445
v 7.39414072036743 -131.76739501953125 -9.27195930480957
v 6.53324174880981 -131.76739501953125 -9.89743804931641
v 5.61974143981934 -131.76739501953125 -10.44322967529297
v 4.66099405288696 -131.76739501953125 -10.90493774414062
v 3.66471934318542 -131.76739501953125 -11.27884578704834
v 2.63893818855286 -131.76739501953125 -11.56194400787354
v 1.59191000461578 -131.76739501953125 -11.75195121765137
v 0.53206461668015 -131.76739501953125 -11.84733867645264
v -0.53206461668015 -131.76739501953125 -11.84733867645264
v -1.59191000461578 -131.76739501953125 -11.75195121765137
v -2.63893818855286 -131.76739501953125 -11.56194400787354
v -3.66471934318542 -131.76739501953125 -11.27884578704834
v -4.66099405288696 -131.76739501953125 -10.90493774414062
v -5.61974143981934 -131.76739501953125 -10.44322967529297
v -6.53324174880981 -131.76739501953125 -9.89743804931641
v -7.39414072036743 -131.76739501953125 -9.27195930480957
v -8.19550609588623 -131.76739501953125 -8.57182693481445
v -8.93088626861572 -131.76739501953125 -7.80268001556396
v -9.59435939788818 -131.76739501953125 -6.97071027755737
v -10.18058490753174 -131.76739501953125 -6.08261632919312
v -10.68484306335449 -131.76739501953125 -5.14554882049561
v -11.10307216644287 -131.76739501953125 -4.16705274581909
v -11.43190574645996 -131.76739501953125 -3.15500569343567
v -11.66869735717773 -131.76739501953125 -2.11755633354187
v -11.81153869628906 -131.76739501953125 -1.06305766105652
v -11.85928058624268 -131.76739501953125 0
v -11.81153869628906 -131.76739501953125 1.06305766105652
v -11.66869735717773 -131.76739501953125 2.11755633354187
v -11.43190574645996 -131.76739501953125 3.15500569343567
v -11.10307216644287 -131.76739501953125 4.16705274581909
v -10.68484306335449 -131.76739501953125 5.14554882049561
v -10.18058490753174 -131.76739501953125 6.08261632919312
v -9.59435939788818 -131.76739501953125 6.97071027755737
v -8.93088626861572 -131.76739501953125 7.80268001556396
v -8.19550609588623 -131.76739501953125 8.57182693481445
v -7.39414072036743 -131.76739501953125 9.27195930480957
v -6.53324174880981 -131.76739501953125 9.89743804931641
v -5.61974143981934 -131.76739501953125 10.44322967529297
v -4.66099405288696 -131.76739501953125 10.90493774414062
v -3.66471934318542 -131.76739501953125 11.27884578704834
v -2.63893818855286 -131.76739501953125 11.56194400787354
v -1.59191000461578 -131.76739501953125 11.75195121765137
v -0.53206461668015 -131.76739501953125 11.84733867645264
v 0.53206461668015 -131.76739501953125 11.84733867645264
v 1.59191000461578 -131.76739501953125 11.75195121765137
v 2.63893818855286 -131.76739501953125 11.56194400787354
v 3.66471934318542 -131.76739501953125 11.27884578704834
v 4.66099405288696 -131.76739501953125 10.90493774414062
v 5.61974143981934 -131.76739501953125 10.44322967529297
v 6.53324174880981 -131.76739501953125 9.89743804931641
v 7.39414072036743 -131.76739501953125 9.27195930480957
v 8.19550609588623 -131.76739501953125 8.57182693481445
v 8.93088626861572 -131.76739501953125 7.80268001556396
v 9.59435939788818 -131.76739501953125 6.97071027755737
v 10.18058490753174 -131.76739501953125 6.08261632919312
v 10.68484306335449 -131.76739501953125 5.14554882049561
v 11.10307216644287 -131.76739501953125 4.16705274581909
v 11.43190574645996 -131.76739501953125 3.15500569343567
v 11.66869735717773 -131.76739501953125 2.11755633354187
v 11.81153869628906 -131.76739501953125 1.06305766105652
v 23.62307739257812 -130.17388916015625 0
v 23.52797698974609 -130.17388916015625 -2.11755633354187
v 23.24344444274902 -130.17388916015625 -4.21806335449219
v 22.77176856994629 -130.17388916015625 -6.28460884094238
v 22.11674880981445 -130.17388916015625 -8.3005542755127
v 21.28365707397461 -130.17388916015625 -10.24966907501221
v 20.27920150756836 -130.17388916015625 -12.11625957489014
v 19.11147117614746 -130.17388916015625 -13.88529682159424
v 17.78986549377441 -130.17388916015625 -15.54253768920898
v 16.32502555847168 -130.17388916015625 -17.07463836669922
v 14.72874736785889 -130.17388916015625 -18.46926498413086
v 13.01388168334961 -130.17388916015625 -19.71518898010254
v 11.19423580169678 -130.17388916015625 -20.80237579345703
v 9.28446102142334 -130.17388916015625 -21.72207641601562
v 7.2999324798584 -130.17388916015625 -22.46688079833984
v 5.25662899017334 -130.17388916015625 -23.03079795837402
v 3.17100286483765 -130.17388916015625 -23.40928268432617
v 1.05984532833099 -130.17388916015625 -23.59929084777832
v -1.05984532833099 -130.17388916015625 -23.59929084777832
v -3.17100286483765 -130.17388916015625 -23.40928268432617
v -5.25662899017334 -130.17388916015625 -23.03079795837402
v -7.2999324798584 -130.17388916015625 -22.46688079833984
v -9.28446102142334 -130.17388916015625 -21.72207641601562
v -11.19423580169678 -130.17388916015625 -20.80237579345703
v -13.01388168334961 -130.17388916015625 -19.71518898010254
v -14.72874736785889 -130.17388916015625 -18.46926498413086
v -16.32502555847168 -130.17388916015625 -17.07463836669922
v -17.78986549377441 -130.17388916015625 -15.54253768920898
v -19.11147117614746 -130.17388916015625 -13.88529682159424
v -20.27920150756836 -130.17388916015625 -12.11625957489014
v -21.28365707397461 -130.17388916015625 -10.24966907501221
v -22.11674880981445 -130.17388916015625 -8.3005542755127
v -22.77176856994629 -130.17388916015625 -6.28460884094238
v -23.24344444274902 -130.17388916015625 -4.21806335449219
v -23.52797698974609 -130.17388916015625 -2.11755633354187
v -23.62307739257812 -130.17388916015625 0
v -23.52797698974609 -130.17388916015625 2.11755633354187
v -23.24344444274902 -130.17388916015625 4.21806335449219
v -22.77176856994629 -130.17388916015625 6.28460884094238
v -22.11674880981445 -130.17388916015625 8.3005542755127
v -21.28365707397461 -130.17388916015625 10.24966907501221
v -20.27920150756836 -130.17388916015625 12.11625957489014
v -19.11147117614746 -130.17388916015625 13.88529682159424
v -17.78986549377441 -130.17388916015625 15.54253768920898
v -16.32502555847168 -130.17388916015625 17.07463836669922
v -14.72874736785889 -130.17388916015625 18.46926498413086
v -13.01388168334961 -130.17388916015625 19.71518898010254
v -11.19423580169678 -130.17388916015625 20.80237579345703
v -9.28446102142334 -130.17388916015625 21.72207641601562
v -7.2999324798584 -130.17388916015625 22.46688079833984
v -5.25662899017334 -130.17388916015625 23.03079795837402
v -3.17100286483765 -130.17388916015625 23.40928268432617
v -1.05984532833099 -130.17388916015625 23.59929084777832
v 1.05984532833099 -130.17388916015625 23.59929084777832
v 3.17100286483765 -130.17388916015625 23.40928268432617
v 5.25662899017334 -130.17388916015625 23.03079795837402
v 7.2999324798584 -130.17388916015625 22.46688079833984
v 9.28446102142334 -130.17388916015625 21.72207641601562
v 11.19423580169678 -130.17388916015625 20.80237579345703
v 13.01388168334961 -130.17388916015625 19.71518898010254
v 14.72874736785889 -130.17388916015625 18.46926498413086
v 16.32502555847168 -130.17388916015625 17.07463836669922
v 17.78986549377441 -130.17388916015625 15.54253768920898
v 19.11147117614746 -130.17388916015625 13.88529682159424
v 20.27920150756836 -130.17388916015625 12.11625957489014
v 21.28365707397461 -130.17388916015625 10.24966907501221
v 22.11674880981445 -130.17388916015625 8.3005542755127
v 22.77176856994629 -130.17388916015625 6.28460884094238
v 23.24344444274902 -130.17388916015625 4.21806335449219
v 23.52797698974609 -130.17388916015625 2.11755633354187
v 35.19667434692383 -127.53228759765625 0
v 35.05498504638672 -127.53228759765625 -3.15500569343567
v 34.63105010986328 -127.53228759765625 -6.28460884094238
v 33.92828750610352 -127.53228759765625 -9.36361217498779
v 32.95235443115234 -127.53228759765625 -12.36722564697266
v 31.71110725402832 -127.53228759765625 -15.27126502990723
v 30.21454238891602 -127.53228759765625 -18.05234909057617
v 28.47470855712891 -127.53228759765625 -20.68808555603027
v 26.50561141967773 -127.53228759765625 -23.15725517272949
v 24.32310676574707 -127.53228759765625 -25.43997573852539
v 21.94476699829102 -127.53228759765625 -27.51786804199219
v 19.38974189758301 -127.53228759765625 -29.37420272827148
v 16.6786003112793 -127.53228759765625 -30.99403381347656
v 13.83317375183105 -127.53228759765625 -32.36431884765625
v 10.87637042999268 -127.53228759765625 -33.47402572631836
v 7.83199691772461 -127.53228759765625 -34.3142204284668
v 4.72456455230713 -127.53228759765625 -34.87813568115234
v 1.57909286022186 -127.53228759765625 -35.16123580932617
v -1.57909286022186 -127.53228759765625 -35.16123580932617
v -4.72456455230713 -127.53228759765625 -34.87813568115234
v -7.83199691772461 -127.53228759765625 -34.3142204284668
v -10.87637042999268 -127.53228759765625 -33.47402572631836
v -13.83317375183105 -127.53228759765625 -32.36431884765625
v -16.6786003112793 -127.53228759765625 -30.99403381347656
v -19.38974189758301 -127.53228759765625 -29.37420272827148
v -21.94476699829102 -127.53228759765625 -27.51786804199219
v -24.32310676574707 -127.53228759765625 -25.43997573852539
v -26.50561141967773 -127.53228759765625 -23.15725517272949
v -28.47470855712891 -127.53228759765625 -20.68808555603027
v -30.21454238891602 -127.53228759765625 -18.05234909057617
v -31.71110725402832 -127.53228759765625 -15.27126502990723
v -32.95235443115234 -127.53228759765625 -12.36722564697266
v -33.92828750610352 -127.53228759765625 -9.36361217498779
v -34.63105010986328 -127.53228759765625 -6.28460884094238
v -35.05498504638672 -127.53228759765625 -3.15500569343567
v -35.19667434692383 -127.53228759765625 0
v -35.05498504638672 -127.53228759765625 3.15500569343567
v -34.63105010986328 -127.53228759765625 6.28460884094238
v -33.92828750610352 -127.53228759765625 9.36361217498779
v -32.95235443115234 -127.53228759765625 12.36722564697266
v -31.71110725402832 -127.53228759765625 15.27126502990723
v -30.21454238891602 -127.53228759765625 18.05234909057617
v -28.47470855712891 -127.53228759765625 20.68808555603027
v -26.50561141967773 -127.53228759765625 23.15725517272949
v -24.32310676574707 -127.53228759765625 25.43997573852539
v -21.94476699829102 -127.53228759765625 27.51786804199219
v -19.38974189758301 -127.53228759765625 29.37420272827148
v -16.6786003112793 -127.53228759765625 30.99403381347656
v -13.83317375183105 -127.53228759765625 32.36431884765625
v -10.87637042999268 -127.53228759765625 33.47402572631836
v -7.83199691772461 -127.53228759765625 34.3142204284668
v -4.72456455230713 -127.53228759765625 34.87813568115234
v -1.57909286022186 -127.53228759765625 35.16123580932617
v 1.57909286022186 -127.53228759765625 35.16123580932617
v 4.72456455230713 -127.53228759765625 34.87813568115234
v 7.83199691772461 -127.53228759765625 34.3142204284668
v 10.87637042999268 -127.53228759765625 33.47402572631836
v 13.83317375183105 -127.53228759765625 32.36431884765625
v 16.6786003112793 -127.53228759765625 30.99403381347656
v 19.38974189758301 -127.53228759765625 29.37420272827148
v 21.94476699829102 -127.53228759765625 27.51786804199219
v 24.32310676574707 -127.53228759765625 25.43997573852539
v 26.50561141967773 -127.53228759765625 23.15725517272949
v 28.47470855712891 -127.53228759765625 20.68808555603027
v 30.21454238891602 -127.53228759765625 18.05234909057617
v 31.71110725402832 -127.53228759765625 15.27126502990723
v 32.95235443115234 -127.53228759765625 12.36722564697266
v 33.92828750610352 -127.53228759765625 9.36361217498779
v 34.63105010986328 -127.53228759765625 6.28460884094238
v 35.05498504638672 -127.53228759765625 3.15500569343567
v 46.48688888549805 -123.86387634277344 0
v 46.29974746704102 -123.86387634277344 -4.16705274581909
v 45.73982620239258 -123.86387634277344 -8.3005542755127
v 44.8116340637207 -123.86387634277344 -12.36722564697266
v 43.52264785766602 -123.86387634277344 -16.33432197570801
v 41.88323974609375 -123.86387634277344 -20.1699047088623
v 39.90661239624023 -123.86387634277344 -23.84309196472168
v 37.60868453979492 -123.86387634277344 -27.32430839538574
v 35.00794982910156 -123.86387634277344 -30.58552551269531
v 32.12535095214844 -123.86387634277344 -33.60048294067383
v 28.98410224914551 -123.86387634277344 -36.34491348266602
v 25.60948753356934 -123.86387634277344 -38.79671478271484
v 22.0286808013916 -123.86387634277344 -40.9361457824707
v 18.27051162719727 -123.86387634277344 -42.74598693847656
v 14.36523914337158 -123.86387634277344 -44.2116584777832
v 10.34430599212646 -123.86387634277344 -45.32136535644531
v 6.24008703231812 -123.86387634277344 -46.0661735534668
v 2.08562636375427 -123.86387634277344 -46.44007873535156
v -2.08562636375427 -123.86387634277344 -46.44007873535156
v -6.24008703231812 -123.86387634277344 -46.0661735534668
v -10.34430599212646 -123.86387634277344 -45.32136535644531
v -14.36523914337158 -123.86387634277344 -44.2116584777832
v -18.27051162719727 -123.86387634277344 -42.74598693847656
v -22.0286808013916 -123.86387634277344 -40.9361457824707
v -25.60948753356934 -123.86387634277344 -38.79671478271484
v -28.98410224914551 -123.86387634277344 -36.34491348266602
v -32.12535095214844 -123.86387634277344 -33.60048294067383
v -35.00794982910156 -123.86387634277344 -30.58552551269531
v -37.60868453979492 -123.86387634277344 -27.32430839538574
v -39.90661239624023 -123.86387634277344 -23.84309196472168
v -41.88323974609375 -123.86387634277344 -20.1699047088623
v -43.52264785766602 -123.86387634277344 -16.33432197570801
v -44.8116340637207 -123.86387634277344 -12.36722564697266
v -45.73982620239258 -123.86387634277344 -8.3005542755127
v -46.29974746704102 -123.86387634277344 -4.16705274581909
v -46.48688888549805 -123.86387634277344 -0.00000000000001
v -46.29974746704102 -123.86387634277344 4.16705274581909
v -45.73982620239258 -123.86387634277344 8.3005542755127
v -44.8116340637207 -123.86387634277344 12.36722564697266
v -43.52264785766602 -123.86387634277344 16.33432197570801
v -41.88323974609375 -123.86387634277344 20.1699047088623
v -39.90661239624023 -123.86387634277344 23.84309196472168
v -37.60868453979492 -123.86387634277344 27.32430839538574
v -35.00794982910156 -123.86387634277344 30.58552551269531
v -32.12535095214844 -123.86387634277344 33.60048294067383
v -28.98410224914551 -123.86387634277344 36.34491348266602
v -25.60948753356934 -123.86387634277344 38.79671478271484
v -22.0286808013916 -123.86387634277344 40.9361457824707
v -18.27051162719727 -123.86387634277344 42.74598693847656
v -14.36523914337158 -123.86387634277344 44.2116584777832
v -10.34430599212646 -123.86387634277344 45.32136535644531
v -6.24008703231812 -123.86387634277344 46.0661735534668
v -2.08562636375427 -123.86387634277344 46.44007873535156
v 2.08562636375427 -123.86387634277344 46.44007873535156
v 6.24008703231812 -123.86387634277344 46.0661735534668
v 10.34430599212646 -123.86387634277344 45.32136535644531
v 14.36523914337158 -123.86387634277344 44.2116584777832
v 18.27051162719727 -123.86387634277344 42.74598693847656
v 22.0286808013916 -123.86387634277344 40.9361457824707
v 25.60948753356934 -123.86387634277344 38.79671478271484
v 28.98410224914551 -123.86387634277344 36.34491348266602
v 32.12535095214844 -123.86387634277344 33.60048294067383
v 35.00794982910156 -123.86387634277344 30.58552551269531
v 37.60868453979492 -123.86387634277344 27.32430839538574
v 39.90661239624023 -123.86387634277344 23.84309196472168
v 41.88323974609375 -123.86387634277344 20.1699047088623
v 43.52264785766602 -123.86387634277344 16.33432197570801
v 44.8116340637207 -123.86387634277344 12.36722564697266
v 45.73982620239258 -123.86387634277344 8.3005542755127
v 46.29974746704102 -123.86387634277344 4.16705274581909
v 57.4028205871582 -119.19818115234375 0
v 57.17173004150391 -119.19818115234375 -5.14554882049561
v 56.48033142089844 -119.19818115234375 -10.24966907501221
v 55.33418655395508 -119.19818115234375 -15.27126502990723
v 53.74251937866211 -119.19818115234375 -20.1699047088623
v 51.7181510925293 -119.19818115234375 -24.90614891052246
v 49.27738189697266 -119.19818115234375 -29.44186401367188
v 46.43985748291016 -119.19818115234375 -33.74053192138672
v 43.22842407226562 -119.19818115234375 -37.76753616333008
v 39.6689453125 -119.19818115234375 -41.49046325683594
v 35.79007339477539 -119.19818115234375 -44.87932968139648
v 31.62303924560547 -119.19818115234375 -47.90685653686523
v 27.20139694213867 -119.19818115234375 -50.54866409301758
v 22.56074523925781 -119.19818115234375 -52.78348541259766
v 17.73844718933105 -119.19818115234375 -54.59332656860352
v 12.77332878112793 -119.19818115234375 -55.9636116027832
v 7.70536804199219 -119.19818115234375 -56.88330841064453
v 2.57536768913269 -119.19818115234375 -57.34501647949219
v -2.57536768913269 -119.19818115234375 -57.34501647949219
v -7.70536804199219 -119.19818115234375 -56.88330841064453
v -12.77332878112793 -119.19818115234375 -55.9636116027832
v -17.73844718933105 -119.19818115234375 -54.59332656860352
v -22.56074523925781 -119.19818115234375 -52.78348541259766
v -27.20139694213867 -119.19818115234375 -50.54866409301758
v -31.62303924560547 -119.19818115234375 -47.90685653686523
v -35.79007339477539 -119.19818115234375 -44.87932968139648
v -39.6689453125 -119.19818115234375 -41.49046325683594
v -43.22842407226562 -119.19818115234375 -37.76753616333008
v -46.43985748291016 -119.19818115234375 -33.74053192138672
v -49.27738189697266 -119.19818115234375 -29.44186401367188
v -51.7181510925293 -119.19818115234375 -24.90614891052246
v -53.74251937866211 -119.19818115234375 -20.1699047088623
v -55.33418655395508 -119.19818115234375 -15.27126502990723
v -56.48033142089844 -119.19818115234375 -10.24966907501221
v -57.17173004150391 -119.19818115234375 -5.14554882049561
v -57.4028205871582 -119.19818115234375 -0.00000000000001
v -57.17173004150391 -119.19818115234375 5.14554882049561
v -56.48033142089844 -119.19818115234375 10.24966907501221
v -55.33418655395508 -119.19818115234375 15.27126502990723
v -53.74251937866211 -119.19818115234375 20.1699047088623
v -51.7181510925293 -119.19818115234375 24.90614891052246
v -49.27738189697266 -119.19818115234375 29.44186401367188
v -46.43985748291016 -119.19818115234375 33.74053192138672
v -43.22842407226562 -119.19818115234375 37.76753616333008
v -39.6689453125 -119.19818115234375 41.49046325683594
v -35.79007339477539 -119.19818115234375 44.87932968139648
v -31.62303924560547 -119.19818115234375 47.90685653686523
v -27.20139694213867 -119.19818115234375 50.54866409301758
v -22.56074523925781 -119.19818115234375 52.78348541259766
v -17.73844718933105 -119.19818115234375 54.59332656860352
v -12.77332878112793 -119.19818115234375 55.9636116027832
v -7.70536804199219 -119.19818115234375 56.88330841064453
v -2.57536768913269 -119.19818115234375 57.34501647949219
v 2.57536768913269 -119.19818115234375 57.34501647949219
v 7.70536804199219 -119.19818115234375 56.88330841064453
v 12.77332878112793 -119.19818115234375 55.9636116027832
v 17.73844718933105 -119.19818115234375 54.59332656860352
v 22.56074523925781 -119.19818115234375 52.78348541259766
v 27.20139694213867 -119.19818115234375 50.54866409301758
v 31.62303924560547 -119.19818115234375 47.90685653686523
v 35.79007339477539 -119.19818115234375 44.87932968139648
v 39.6689453125 -119.19818115234375 41.49046325683594
v 43.22842407226562 -119.19818115234375 37.76753616333008
v 46.43985748291016 -119.19818115234375 33.74053192138672
v 49.27738189697266 -119.19818115234375 29.44186401367188
v 51.7181510925293 -119.19818115234375 24.90614891052246
v 53.74251937866211 -119.19818115234375 20.1699047088623
v 55.33418655395508 -119.19818115234375 15.27126502990723
v 56.48033142089844 -119.19818115234375 10.24966907501221
v 57.17173004150391 -119.19818115234375 5.14554882049561
v 67.85657501220703 -113.57277679443359 0
v 67.58340454101562 -113.57277679443359 -6.08261632919312
v 66.76609039306641 -113.57277679443359 -12.11625957489014
v 65.41121673583984 -113.57277679443359 -18.05234909057617
v 63.52968978881836 -113.57277679443359 -23.84309196472168
v 61.13666152954102 -113.57277679443359 -29.44186401367188
v 58.25139617919922 -113.57277679443359 -34.8035888671875
v 54.89712142944336 -113.57277679443359 -39.88509368896484
v 51.10084915161133 -113.57277679443359 -44.64546966552734
v 46.89314270019531 -113.57277679443359 -49.04638290405273
v 42.30788040161133 -113.57277679443359 -53.05240631103516
v 37.38198089599609 -113.57277679443359 -56.63128280639648
v 32.15510559082031 -113.57277679443359 -59.75419616699219
v 26.66933250427246 -113.57277679443359 -62.39600372314453
v 20.96883392333984 -113.57277679443359 -64.53543853759766
v 15.09950828552246 -113.57277679443359 -66.15526580810547
v 9.10860919952393 -113.57277679443359 -67.24245452880859
v 3.04437375068665 -113.57277679443359 -67.78824615478516
v -3.04437375068665 -113.57277679443359 -67.78824615478516
v -9.10860919952393 -113.57277679443359 -67.24245452880859
v -15.09950828552246 -113.57277679443359 -66.15526580810547
v -20.96883392333984 -113.57277679443359 -64.53543853759766
v -26.66933250427246 -113.57277679443359 -62.39600372314453
v -32.15510559082031 -113.57277679443359 -59.75419616699219
v -37.38198089599609 -113.57277679443359 -56.63128280639648
v -42.30788040161133 -113.57277679443359 -53.05240631103516
v -46.89314270019531 -113.57277679443359 -49.04638290405273
v -51.10084915161133 -113.57277679443359 -44.64546966552734
v -54.89712142944336 -113.57277679443359 -39.88509368896484
v -58.25139617919922 -113.57277679443359 -34.8035888671875
v -61.13666152954102 -113.57277679443359 -29.44186401367188
v -63.52968978881836 -113.57277679443359 -23.84309196472168
v -65.41121673583984 -113.57277679443359 -18.05234909057617
v -66.76609039306641 -113.57277679443359 -12.11625957489014
v -67.58340454101562 -113.57277679443359 -6.08261632919312
v -67.85657501220703 -113.57277679443359 -0.00000000000001
v -67.58340454101562 -113.57277679443359 6.08261632919312
v -66.76609039306641 -113.57277679443359 12.11625957489014
v -65.41121673583984 -113.57277679443359 18.05234909057617
v -63.52968978881836 -113.57277679443359 23.84309196472168
v -61.13666152954102 -113.57277679443359 29.44186401367188
v -58.25139617919922 -113.57277679443359 34.8035888671875
v -54.89712142944336 -113.57277679443359 39.88509368896484
v -51.10084915161133 -113.57277679443359 44.64546966552734
v -46.89314270019531 -113.57277679443359 49.04638290405273
v -42.30788040161133 -113.57277679443359 53.05240631103516
v -37.38198089599609 -113.57277679443359 56.63128280639648
v -32.15510559082031 -113.57277679443359 59.75419616699219
v -26.66933250427246 -113.57277679443359 62.39600372314453
v -20.96883392333984 -113.57277679443359 64.53543853759766
v -15.09950828552246 -113.57277679443359 66.15526580810547
v -9.10860919952393 -113.57277679443359 67.24245452880859
v -3.04437375068665 -113.57277679443359 67.78824615478516
v 3.04437375068665 -113.57277679443359 67.78824615478516
v 9.10860919952393 -113.57277679443359 67.24245452880859
v 15.09950828552246 -113.57277679443359 66.15526580810547
v 20.96883392333984 -113.57277679443359 64.53543853759766
v 26.66933250427246 -113.57277679443359 62.39600372314453
v 32.15510559082031 -113.57277679443359 59.75419616699219
v 37.38198089599609 -113.57277679443359 56.63128280639648
v 42.30788040161133 -113.57277679443359 53.05240631103516
v 46.89314270019531 -113.57277679443359 49.04638290405273
v 51.10084915161133 -113.57277679443359 44.64546966552734
v 54.89712142944336 -113.57277679443359 39.88509368896484
v 58.25139617919922 -113.57277679443359 34.8035888671875
v 61.13666152954102 -113.57277679443359 29.44186401367188
v 63.52968978881836 -113.57277679443359 23.84309196472168
v 65.41121673583984 -113.57277679443359 18.05234909057617
v 66.76609039306641 -113.57277679443359 12.11625957489014
v 67.58340454101562 -113.57277679443359 6.08261632919312
v 77.76399230957031 -107.03295135498047 0
v 77.45093536376953 -107.03295135498047 -6.97071027755737
v 76.51428985595703 -107.03295135498047 -13.88529682159424
v 74.96159362792969 -107.03295135498047 -20.68808555603027
v 72.80535888671875 -107.03295135498047 -27.32430839538574
v 70.06293487548828 -107.03295135498047 -33.74053192138672
v 66.75640106201172 -107.03295135498047 -39.88509368896484
v 62.91238784790039 -107.03295135498047 -45.70852661132812
v 58.56184005737305 -107.03295135498047 -51.1639404296875
v 53.73978805541992 -107.03295135498047 -56.20741271972656
v 48.48505401611328 -107.03295135498047 -60.79833602905273
v 42.83994674682617 -107.03295135498047 -64.89974212646484
v 36.84991836547852 -107.03295135498047 -68.47862243652344
v 30.56319427490234 -107.03295135498047 -71.50614929199219
v 24.03039360046387 -107.03295135498047 -73.95794677734375
v 17.30411529541016 -107.03295135498047 -75.81428527832031
v 10.43851375579834 -107.03295135498047 -77.06020355224609
v 3.48886823654175 -107.03295135498047 -77.68568420410156
v -3.48886823654175 -107.03295135498047 -77.68568420410156
v -10.43851375579834 -107.03295135498047 -77.06020355224609
v -17.30411529541016 -107.03295135498047 -75.81428527832031
v -24.03039360046387 -107.03295135498047 -73.95794677734375
v -30.56319427490234 -107.03295135498047 -71.50614929199219
v -36.84991836547852 -107.03295135498047 -68.47862243652344
v -42.83994674682617 -107.03295135498047 -64.89974212646484
v -48.48505401611328 -107.03295135498047 -60.79833602905273
v -53.73978805541992 -107.03295135498047 -56.20741271972656
v -58.56184005737305 -107.03295135498047 -51.1639404296875
v -62.91238784790039 -107.03295135498047 -45.70852661132812
v -66.75640106201172 -107.03295135498047 -39.88509368896484
v -70.06293487548828 -107.03295135498047 -33.74053192138672
v -72.80535888671875 -107.03295135498047 -27.32430839538574
v -74.96159362792969 -107.03295135498047 -20.68808555603027
v -76.51428985595703 -107.03295135498047 -13.88529682159424
v -77.45093536376953 -107.03295135498047 -6.97071027755737
v -77.76399230957031 -107.03295135498047 -0.00000000000001
v -77.45093536376953 -107.03295135498047 6.97071027755737
v -76.51428985595703 -107.03295135498047 13.88529682159424
v -74.96159362792969 -107.03295135498047 20.68808555603027
v -72.80535888671875 -107.03295135498047 27.32430839538574
v -70.06293487548828 -107.03295135498047 33.74053192138672
v -66.75640106201172 -107.03295135498047 39.88509368896484
v -62.91238784790039 -107.03295135498047 45.70852661132812
v -58.56184005737305 -107.03295135498047 51.1639404296875
v -53.73978805541992 -107.03295135498047 56.20741271972656
v -48.48505401611328 -107.03295135498047 60.79833602905273
v -42.83994674682617 -107.03295135498047 64.89974212646484
v -36.84991836547852 -107.03295135498047 68.47862243652344
v -30.56319427490234 -107.03295135498047 71.50614929199219
v -24.03039360046387 -107.03295135498047 73.95794677734375
v -17.30411529541016 -107.03295135498047 75.81428527832031
v -10.43851375579834 -107.03295135498047 77.06020355224609
v -3.48886823654175 -107.03295135498047 77.68568420410156
v 3.48886823654175 -107.03295135498047 77.68568420410156
v 10.43851375579834 -107.03295135498047 77.06020355224609
v 17.30411529541016 -107.03295135498047 75.81428527832031
v 24.03039360046387 -107.03295135498047 73.95794677734375
v 30.56319427490234 -107.03295135498047 71.50614929199219
v 36.84991836547852 -107.03295135498047 68.47862243652344
v 42.83994674682617 -107.03295135498047 64.89974212646484
v 48.48505401611328 -107.03295135498047 60.79833602905273
v 53.73978805541992 -107.03295135498047 56.20741271972656
v 58.56184005737305 -107.03295135498047 51.1639404296875
v 62.91238784790039 -107.03295135498047 45.70852661132812
v 66.75640106201172 -107.03295135498047 39.88509368896484
v 70.06293487548828 -107.03295135498047 33.74053192138672
v 72.80535888671875 -107.03295135498047 27.32430839538574
v 74.96159362792969 -107.03295135498047 20.68808555603027
v 76.51428985595703 -107.03295135498047 13.88529682159424
v 77.45093536376953 -107.03295135498047 6.97071027755737
v 87.04529571533203 -99.63135528564453 0
v 86.69487762451172 -99.63135528564453 -7.80268001556396
v 85.64643859863281 -99.63135528564453 -15.54253768920898
v 83.90843200683594 -99.63135528564453 -23.15725517272949
v 81.49484252929688 -99.63135528564453 -30.58552551269531
v 78.42510223388672 -99.63135528564453 -37.76753616333008
v 74.72393035888672 -99.63135528564453 -44.64546966552734
v 70.42111968994141 -99.63135528564453 -51.1639404296875
v 65.55132293701172 -99.63135528564453 -57.27046966552734
v 60.15375137329102 -99.63135528564453 -62.91588973999023
v 54.27185440063477 -99.63135528564453 -68.05474853515625
v 47.95298767089844 -99.63135528564453 -72.64567565917969
v 41.2480354309082 -99.63135528564453 -76.65169525146484
v 34.21097946166992 -99.63135528564453 -80.04056549072266
v 26.89847564697266 -99.63135528564453 -82.78499603271484
v 19.36940002441406 -99.63135528564453 -84.86288452148438
v 11.68437385559082 -99.63135528564453 -86.25751495361328
v 3.9052722454071 -99.63135528564453 -86.9576416015625
v -3.9052722454071 -99.63135528564453 -86.9576416015625
v -11.68437385559082 -99.63135528564453 -86.25751495361328
v -19.36940002441406 -99.63135528564453 -84.86288452148438
v -26.89847564697266 -99.63135528564453 -82.78499603271484
v -34.21097946166992 -99.63135528564453 -80.04056549072266
v -41.2480354309082 -99.63135528564453 -76.65169525146484
v -47.95298767089844 -99.63135528564453 -72.64567565917969
v -54.27185440063477 -99.63135528564453 -68.05474853515625
v -60.15375137329102 -99.63135528564453 -62.91588973999023
v -65.55132293701172 -99.63135528564453 -57.27046966552734
v -70.42111968994141 -99.63135528564453 -51.1639404296875
v -74.72393035888672 -99.63135528564453 -44.64546966552734
v -78.42510223388672 -99.63135528564453 -37.76753616333008
v -81.49484252929688 -99.63135528564453 -30.58552551269531
v -83.90843200683594 -99.63135528564453 -23.15725517272949
v -85.64643859863281 -99.63135528564453 -15.54253768920898
v -86.69487762451172 -99.63135528564453 -7.80268001556396
v -87.04529571533203 -99.63135528564453 -0.00000000000001
v -86.69487762451172 -99.63135528564453 7.80268001556396
v -85.64643859863281 -99.63135528564453 15.54253768920898
v -83.90843200683594 -99.63135528564453 23.15725517272949
v -81.49484252929688 -99.63135528564453 30.58552551269531
v -78.42510223388672 -99.63135528564453 37.76753616333008
v -74.72393035888672 -99.63135528564453 44.64546966552734
v -70.42111968994141 -99.63135528564453 51.1639404296875
v -65.55132293701172 -99.63135528564453 57.27046966552734
v -60.15375137329102 -99.63135528564453 62.91588973999023
v -54.27185440063477 -99.63135528564453 68.05474853515625
v -47.95298767089844 -99.63135528564453 72.64567565917969
v -41.2480354309082 -99.63135528564453 76.65169525146484
v -34.21097946166992 -99.63135528564453 80.04056549072266
v -26.89847564697266 -99.63135528564453 82.78499603271484
v -19.36940002441406 -99.63135528564453 84.86288452148438
v -11.68437385559082 -99.63135528564453 86.25751495361328
v -3.9052722454071 -99.63135528564453 86.9576416015625
v 3.9052722454071 -99.63135528564453 86.9576416015625
v 11.68437385559082 -99.63135528564453 86.25751495361328
v 19.36940002441406 -99.63135528564453 84.86288452148438
v 26.89847564697266 -99.63135528564453 82.78499603271484
v 34.21097946166992 -99.63135528564453 80.04056549072266
v 41.2480354309082 -99.63135528564453 76.65169525146484
v 47.95298767089844 -99.63135528564453 72.64567565917969
v 54.27185440063477 -99.63135528564453 68.05474853515625
v 60.15375137329102 -99.63135528564453 62.91588973999023
v 65.55132293701172 -99.63135528564453 57.27046966552734
v 70.42111968994141 -99.63135528564453 51.1639404296875
v 74.72393035888672 -99.63135528564453 44.64546966552734
v 78.42510223388672 -99.63135528564453 37.76753616333008
v 81.49484252929688 -99.63135528564453 30.58552551269531
v 83.90843200683594 -99.63135528564453 23.15725517272949
v 85.64643859863281 -99.63135528564453 15.54253768920898
v 86.69487762451172 -99.63135528564453 7.80268001556396
v 95.62576293945312 -91.42758941650391 0
v 95.24079895019531 -91.42758941650391 -8.57182693481445
v 94.08901214599609 -91.42758941650391 -17.07463836669922
v 92.17967987060547 -91.42758941650391 -25.43997573852539
v 89.52816772460938 -91.42758941650391 -33.60048294067383
v 86.15583038330078 -91.42758941650391 -41.49046325683594
v 82.08982086181641 -91.42758941650391 -49.04638290405273
v 77.36286163330078 -91.42758941650391 -56.20741271972656
v 72.01303100585938 -91.42758941650391 -62.91588973999023
v 66.08338928222656 -91.42758941650391 -69.11780548095703
v 59.62168502807617 -91.42758941650391 -74.76322937011719
v 52.6799430847168 -91.42758941650391 -79.80670166015625
v 45.31405258178711 -91.42758941650391 -84.20761871337891
v 37.58331680297852 -91.42758941650391 -87.9305419921875
v 29.54998588562012 -91.42758941650391 -90.94550323486328
v 21.27873420715332 -91.42758941650391 -93.22822570800781
v 12.83615779876709 -91.42758941650391 -94.76032257080078
v 4.29023361206055 -91.42758941650391 -95.52947235107422
v -4.29023361206055 -91.42758941650391 -95.52947235107422
v -12.83615779876709 -91.42758941650391 -94.76032257080078
v -21.27873420715332 -91.42758941650391 -93.22822570800781
v -29.54998588562012 -91.42758941650391 -90.94550323486328
v -37.58331680297852 -91.42758941650391 -87.9305419921875
v -45.31405258178711 -91.42758941650391 -84.20761871337891
v -52.6799430847168 -91.42758941650391 -79.80670166015625
v -59.62168502807617 -91.42758941650391 -74.76322937011719
v -66.08338928222656 -91.42758941650391 -69.11780548095703
v -72.01303100585938 -91.42758941650391 -62.91588973999023
v -77.36286163330078 -91.42758941650391 -56.20741271972656
v -82.08982086181641 -91.42758941650391 -49.04638290405273
v -86.15583038330078 -91.42758941650391 -41.49046325683594
v -89.52816772460938 -91.42758941650391 -33.60048294067383
v -92.17967987060547 -91.42758941650391 -25.43997573852539
v -94.08901214599609 -91.42758941650391 -17.07463836669922
v -95.24079895019531 -91.42758941650391 -8.57182693481445
v -95.62576293945312 -91.42758941650391 -0.00000000000001
v -95.24079895019531 -91.42758941650391 8.57182693481445
v -94.08901214599609 -91.42758941650391 17.07463836669922
v -92.17967987060547 -91.42758941650391 25.43997573852539
v -89.52816772460938 -91.42758941650391 33.60048294067383
v -86.15583038330078 -91.42758941650391 41.49046325683594
v -82.08982086181641 -91.42758941650391 49.04638290405273
v -77.36286163330078 -91.42758941650391 56.20741271972656
v -72.01303100585938 -91.42758941650391 62.91588973999023
v -66.08338928222656 -91.42758941650391 69.11780548095703
v -59.62168502807617 -91.42758941650391 74.76322937011719
v -52.6799430847168 -91.42758941650391 79.80670166015625
v -45.31405258178711 -91.42758941650391 84.20761871337891
v -37.58331680297852 -91.42758941650391 87.9305419921875
v -29.54998588562012 -91.42758941650391 90.94550323486328
v -21.27873420715332 -91.42758941650391 93.22822570800781
v -12.83615779876709 -91.42758941650391 94.76032257080078
v -4.29023361206055 -91.42758941650391 95.52947235107422
v 4.29023361206055 -91.42758941650391 95.52947235107422
v 12.83615779876709 -91.42758941650391 94.76032257080078
v 21.27873420715332 -91.42758941650391 93.22822570800781
v 29.54998588562012 -91.42758941650391 90.94550323486328
v 37.58331680297852 -91.42758941650391 87.9305419921875
v 45.31405258178711 -91.42758941650391 84.20761871337891
v 52.6799430847168 -91.42758941650391 79.80670166015625
v 59.62168502807617 -91.42758941650391 74.76322937011719
v 66.08338928222656 -91.42758941650391 69.11780548095703
v 72.01303100585938 -91.42758941650391 62.91588973999023
v 77.36286163330078 -91.42758941650391 56.20741271972656
v 82.08982086181641 -91.42758941650391 49.04638290405273
v 86.15583038330078 -91.42758941650391 41.49046325683594
v 89.52816772460938 -91.42758941650391 33.60048294067383
v 92.17967987060547 -91.42758941650391 25.43997573852539
v 94.08901214599609 -91.42758941650391 17.07463836669922
v 95.24079895019531 -91.42758941650391 8.57182693481445
v 103.43630218505859 -82.48770141601562 0
v 103.0198974609375 -82.48770141601562 -9.27195930480957
v 101.77404022216797 -82.48770141601562 -18.46926498413086
v 99.70875549316406 -82.48770141601562 -27.51786804199219
v 96.84067535400391 -82.48770141601562 -36.34491348266602
v 93.19289398193359 -82.48770141601562 -44.87932968139648
v 88.79476928710938 -82.48770141601562 -53.05240631103516
v 83.68173217773438 -82.48770141601562 -60.79833602905273
v 77.89492797851562 -82.48770141601562 -68.05474853515625
v 71.48096466064453 -82.48770141601562 -74.76322937011719
v 64.49147796630859 -82.48770141601562 -80.86975860595703
v 56.98274993896484 -82.48770141601562 -86.32517242431641
v 49.01522445678711 -82.48770141601562 -91.08554840087891
v 40.65305709838867 -82.48770141601562 -95.11255645751953
v 31.96357536315918 -82.48770141601562 -98.37377166748047
v 23.01674270629883 -82.48770141601562 -100.84294128417969
v 13.88459300994873 -82.48770141601562 -102.50018310546875
v 4.64065217971802 -82.48770141601562 -103.3321533203125
v -4.64065217971802 -82.48770141601562 -103.3321533203125
v -13.88459300994873 -82.48770141601562 -102.50018310546875
v -23.01674270629883 -82.48770141601562 -100.84294128417969
v -31.96357536315918 -82.48770141601562 -98.37377166748047
v -40.65305709838867 -82.48770141601562 -95.11255645751953
v -49.01522445678711 -82.48770141601562 -91.08554840087891
v -56.98274993896484 -82.48770141601562 -86.32517242431641
v -64.49147796630859 -82.48770141601562 -80.86975860595703
v -71.48096466064453 -82.48770141601562 -74.76322937011719
v -77.89492797851562 -82.48770141601562 -68.05474853515625
v -83.68173217773438 -82.48770141601562 -60.79833602905273
v -88.79476928710938 -82.48770141601562 -53.05240631103516
v -93.19289398193359 -82.48770141601562 -44.87932968139648
v -96.84067535400391 -82.48770141601562 -36.34491348266602
v -99.70875549316406 -82.48770141601562 -27.51786804199219
v -101.77404022216797 -82.48770141601562 -18.46926498413086
v -103.0198974609375 -82.48770141601562 -9.27195930480957
v -103.43630218505859 -82.48770141601562 -0.00000000000001
v -103.0198974609375 -82.48770141601562 9.27195930480957
v -101.77404022216797 -82.48770141601562 18.46926498413086
v -99.70875549316406 -82.48770141601562 27.51786804199219
v -96.84067535400391 -82.48770141601562 36.34491348266602
v -93.19289398193359 -82.48770141601562 44.87932968139648
v -88.79476928710938 -82.48770141601562 53.05240631103516
v -83.68173217773438 -82.48770141601562 60.79833602905273
v -77.89492797851562 -82.48770141601562 68.05474853515625
v -71.48096466064453 -82.48770141601562 74.76322937011719
v -64.49147796630859 -82.48770141601562 80.86975860595703
v -56.98274993896484 -82.48770141601562 86.32517242431641
v -49.01522445678711 -82.48770141601562 91.08554840087891
v -40.65305709838867 -82.48770141601562 95.11255645751953
v -31.96357536315918 -82.48770141601562 98.37377166748047
v -23.01674270629883 -82.48770141601562 100.84294128417969
v -13.88459300994873 -82.48770141601562 102.50018310546875
v -4.64065217971802 -82.48770141601562 103.3321533203125
v 4.64065217971802 -82.48770141601562 103.3321533203125
v 13.88459300994873 -82.48770141601562 102.50018310546875
v 23.01674270629883 -82.48770141601562 100.84294128417969
v 31.96357536315918 -82.48770141601562 98.37377166748047
v 40.65305709838867 -82.48770141601562 95.11255645751953
v 49.01522445678711 -82.48770141601562 91.08554840087891
v 56.98274993896484 -82.48770141601562 86.32517242431641
v 64.49147796630859 -82.48770141601562 80.86975860595703
v 71.48096466064453 -82.48770141601562 74.76322937011719
v 77.89492797851562 -82.48770141601562 68.05474853515625
v 83.68173217773438 -82.48770141601562 60.79833602905273
v 88.79476928710938 -82.48770141601562 53.05240631103516
v 93.19289398193359 -82.48770141601562 44.87932968139648
v 96.84067535400391 -82.48770141601562 36.34491348266602
v 99.70875549316406 -82.48770141601562 27.51786804199219
v 101.77404022216797 -82.48770141601562 18.46926498413086
v 103.0198974609375 -82.48770141601562 9.27195930480957
v 110.41403961181641 -72.8836669921875 0
v 109.96954345703125 -72.8836669921875 -9.89743804931641
v 108.63964080810547 -72.8836669921875 -19.71518898010254
v 106.43503570556641 -72.8836669921875 -29.37420272827148
v 103.37347412109375 -72.8836669921875 -38.79671478271484
v 99.4796142578125 -72.8836669921875 -47.90685653686523
v 94.78479766845703 -72.8836669921875 -56.63128280639648
v 89.32683563232422 -72.8836669921875 -64.89974212646484
v 83.14966583251953 -72.8836669921875 -72.64567565917969
v 76.30301666259766 -72.8836669921875 -79.80670166015625
v 68.84202575683594 -72.8836669921875 -86.32517242431641
v 60.82676315307617 -72.8836669921875 -92.14860534667969
v 52.32175445556641 -72.8836669921875 -97.23011016845703
v 43.39548110961914 -72.8836669921875 -101.52877807617188
v 34.11981582641602 -72.8836669921875 -105.00999450683594
v 24.56943511962891 -72.8836669921875 -107.64572906494141
v 14.82123756408691 -72.8836669921875 -109.41476440429688
v 4.95370721817017 -72.8836669921875 -110.30286407470703
v -4.95370721817017 -72.8836669921875 -110.30286407470703
v -14.82123756408691 -72.8836669921875 -109.41476440429688
v -24.56943511962891 -72.8836669921875 -107.64572906494141
v -34.11981582641602 -72.8836669921875 -105.00999450683594
v -43.39548110961914 -72.8836669921875 -101.52877807617188
v -52.32175445556641 -72.8836669921875 -97.23011016845703
v -60.82676315307617 -72.8836669921875 -92.14860534667969
v -68.84202575683594 -72.8836669921875 -86.32517242431641
v -76.30301666259766 -72.8836669921875 -79.80670166015625
v -83.14966583251953 -72.8836669921875 -72.64567565917969
v -89.32683563232422 -72.8836669921875 -64.89974212646484
v -94.78479766845703 -72.8836669921875 -56.63128280639648
v -99.4796142578125 -72.8836669921875 -47.90685653686523
v -103.37347412109375 -72.8836669921875 -38.79671478271484
v -106.43503570556641 -72.8836669921875 -29.37420272827148
v -108.63964080810547 -72.8836669921875 -19.71518898010254
v -109.96954345703125 -72.8836669921875 -9.89743804931641
v -110.41403961181641 -72.8836669921875 -0.00000000000001
v -109.96954345703125 -72.8836669921875 9.89743804931641
v -108.63964080810547 -72.8836669921875 19.71518898010254
v -106.43503570556641 -72.8836669921875 29.37420272827148
v -103.37347412109375 -72.8836669921875 38.79671478271484
v -99.4796142578125 -72.8836669921875 47.90685653686523
v -94.78479766845703 -72.8836669921875 56.63128280639648
v -89.32683563232422 -72.8836669921875 64.89974212646484
v -83.14966583251953 -72.8836669921875 72.64567565917969
v -76.30301666259766 -72.8836669921875 79.80670166015625
v -68.84202575683594 -72.8836669921875 86.32517242431641
v -60.82676315307617 -72.8836669921875 92.14860534667969
v -52.32175445556641 -72.8836669921875 97.23011016845703
v -43.39548110961914 -72.8836669921875 101.52877807617188
v -34.11981582641602 -72.8836669921875 105.00999450683594
v -24.56943511962891 -72.8836669921875 107.64572906494141
v -14.82123756408691 -72.8836669921875 109.41476440429688
v -4.95370721817017 -72.8836669921875 110.30286407470703
v 4.95370721817017 -72.8836669921875 110.30286407470703
v 14.82123756408691 -72.8836669921875 109.41476440429688
v 24.56943511962891 -72.8836669921875 107.64572906494141
v 34.11981582641602 -72.8836669921875 105.00999450683594
v 43.39548110961914 -72.8836669921875 101.52877807617188
v 52.32175445556641 -72.8836669921875 97.23011016845703
v 60.82676315307617 -72.8836669921875 92.14860534667969
v 68.84202575683594 -72.8836669921875 86.32517242431641
v 76.30301666259766 -72.8836669921875 79.80670166015625
v 83.14966583251953 -72.8836669921875 72.64567565917969
v 89.32683563232422 -72.8836669921875 64.89974212646484
v 94.78479766845703 -72.8836669921875 56.63128280639648
v 99.4796142578125 -72.8836669921875 47.90685653686523
v 103.37347412109375 -72.8836669921875 38.79671478271484
v 106.43503570556641 -72.8836669921875 29.37420272827148
v 108.63964080810547 -72.8836669921875 19.71518898010254
v 109.96954345703125 -72.8836669921875 9.89743804931641
v 116.50279235839844 -62.69282531738281 0
v 116.03378295898438 -62.69282531738281 -10.44322967529297
v 114.63053894042969 -62.69282531738281 -20.80237579345703
v 112.30435943603516 -62.69282531738281 -30.99403381347656
v 109.073974609375 -62.69282531738281 -40.9361457824707
v 104.96538543701172 -62.69282531738281 -50.54866409301758
v 100.01168060302734 -62.69282531738281 -59.75419616699219
v 94.25273895263672 -62.69282531738281 -68.47862243652344
v 87.73492431640625 -62.69282531738281 -76.65169525146484
v 80.51072692871094 -62.69282531738281 -84.20761871337891
v 72.63829803466797 -62.69282531738281 -91.08554840087891
v 64.18103790283203 -62.69282531738281 -97.23011016845703
v 55.2070198059082 -62.69282531738281 -102.59183502197266
v 45.78851318359375 -62.69282531738281 -107.12754821777344
v 36.0013427734375 -62.69282531738281 -110.80073547363281
v 25.92430877685547 -62.69282531738281 -113.58181762695312
v 15.6385498046875 -62.69282531738281 -115.44841003417969
v 5.22687768936157 -62.69282531738281 -116.38547515869141
v -5.22687768936157 -62.69282531738281 -116.38547515869141
v -15.6385498046875 -62.69282531738281 -115.44841003417969
v -25.92430877685547 -62.69282531738281 -113.58181762695312
v -36.0013427734375 -62.69282531738281 -110.80073547363281
v -45.78851318359375 -62.69282531738281 -107.12754821777344
v -55.2070198059082 -62.69282531738281 -102.59183502197266
v -64.18103790283203 -62.69282531738281 -97.23011016845703
v -72.63829803466797 -62.69282531738281 -91.08554840087891
v -80.51072692871094 -62.69282531738281 -84.20761871337891
v -87.73492431640625 -62.69282531738281 -76.65169525146484
v -94.25273895263672 -62.69282531738281 -68.47862243652344
v -100.01168060302734 -62.69282531738281 -59.75419616699219
v -104.96538543701172 -62.69282531738281 -50.54866409301758
v -109.073974609375 -62.69282531738281 -40.9361457824707
v -112.30435943603516 -62.69282531738281 -30.99403381347656
v -114.63053894042969 -62.69282531738281 -20.80237579345703
v -116.03378295898438 -62.69282531738281 -10.44322967529297
v -116.50279235839844 -62.69282531738281 -0.00000000000001
v -116.03378295898438 -62.69282531738281 10.44322967529297
v -114.63053894042969 -62.69282531738281 20.80237579345703
v -112.30435943603516 -62.69282531738281 30.99403381347656
v -109.073974609375 -62.69282531738281 40.9361457824707
v -104.96538543701172 -62.69282531738281 50.54866409301758
v -100.01168060302734 -62.69282531738281 59.75419616699219
v -94.25273895263672 -62.69282531738281 68.47862243652344
v -87.73492431640625 -62.69282531738281 76.65169525146484
v -80.51072692871094 -62.69282531738281 84.20761871337891
v -72.63829803466797 -62.69282531738281 91.08554840087891
v -64.18103790283203 -62.69282531738281 97.23011016845703
v -55.2070198059082 -62.69282531738281 102.59183502197266
v -45.78851318359375 -62.69282531738281 107.12754821777344
v -36.0013427734375 -62.69282531738281 110.80073547363281
v -25.92430877685547 -62.69282531738281 113.58181762695312
v -15.6385498046875 -62.69282531738281 115.44841003417969
v -5.22687768936157 -62.69282531738281 116.38547515869141
v 5.22687768936157 -62.69282531738281 116.38547515869141
v 15.6385498046875 -62.69282531738281 115.44841003417969
v 25.92430877685547 -62.69282531738281 113.58181762695312
v 36.0013427734375 -62.69282531738281 110.80073547363281
v 45.78851318359375 -62.69282531738281 107.12754821777344
v 55.2070198059082 -62.69282531738281 102.59183502197266
v 64.18103790283203 -62.69282531738281 97.23011016845703
v 72.63829803466797 -62.69282531738281 91.08554840087891
v 80.51072692871094 -62.69282531738281 84.20761871337891
v 87.73492431640625 -62.69282531738281 76.65169525146484
v 94.25273895263672 -62.69282531738281 68.47862243652344
v 100.01168060302734 -62.69282531738281 59.75419616699219
v 104.96538543701172 -62.69282531738281 50.54866409301758
v 109.073974609375 -62.69282531738281 40.9361457824707
v 112.30435943603516 -62.69282531738281 30.99403381347656
v 114.63053894042969 -62.69282531738281 20.80237579345703
v 116.03378295898438 -62.69282531738281 10.44322967529297
v 121.65352630615234 -51.99721145629883 0
v 121.16378021240234 -51.99721145629883 -10.90493774414062
v 119.69850158691406 -51.99721145629883 -21.72207641601562
v 117.26947784423828 -51.99721145629883 -32.36431884765625
v 113.89627075195312 -51.99721145629883 -42.74598693847656
v 109.60604095458984 -51.99721145629883 -52.78348541259766
v 104.43331909179688 -51.99721145629883 -62.39600372314453
v 98.41976928710938 -51.99721145629883 -71.50614929199219
v 91.61380004882812 -51.99721145629883 -80.04056549072266
v 84.07020568847656 -51.99721145629883 -87.9305419921875
v 75.8497314453125 -51.99721145629883 -95.11255645751953
v 67.01856231689453 -51.99721145629883 -101.52877807617188
v 57.64779281616211 -51.99721145629883 -107.12754821777344
v 47.81288146972656 -51.99721145629883 -111.86379241943359
v 37.5930061340332 -51.99721145629883 -115.69937896728516
v 27.07045555114746 -51.99721145629883 -118.60341644287109
v 16.3299503326416 -51.99721145629883 -120.55252838134766
v 5.45796489715576 -51.99721145629883 -121.53102874755859
v -5.45796489715576 -51.99721145629883 -121.53102874755859
v -16.3299503326416 -51.99721145629883 -120.55252838134766
v -27.07045555114746 -51.99721145629883 -118.60341644287109
v -37.5930061340332 -51.99721145629883 -115.69937896728516
v -47.81288146972656 -51.99721145629883 -111.86379241943359
v -57.64779281616211 -51.99721145629883 -107.12754821777344
v -67.01856231689453 -51.99721145629883 -101.52877807617188
v -75.8497314453125 -51.99721145629883 -95.11255645751953
v -84.07020568847656 -51.99721145629883 -87.9305419921875
v -91.61380004882812 -51.99721145629883 -80.04056549072266
v -98.41976928710938 -51.99721145629883 -71.50614929199219
v -104.43331909179688 -51.99721145629883 -62.39600372314453
v -109.60604095458984 -51.99721145629883 -52.78348541259766
v -113.89627075195312 -51.99721145629883 -42.74598693847656
v -117.26947784423828 -51.99721145629883 -32.36431884765625
v -119.69850158691406 -51.99721145629883 -21.72207641601562
v -121.16378021240234 -51.99721145629883 -10.90493774414062
v -121.65352630615234 -51.99721145629883 -0.00000000000001
v -121.16378021240234 -51.99721145629883 10.90493774414062
v -119.69850158691406 -51.99721145629883 21.72207641601562
v -117.26947784423828 -51.99721145629883 32.36431884765625
v -113.89627075195312 -51.99721145629883 42.74598693847656
v -109.60604095458984 -51.99721145629883 52.78348541259766
v -104.43331909179688 -51.99721145629883 62.39600372314453
v -98.41976928710938 -51.99721145629883 71.50614929199219
v -91.61380004882812 -51.99721145629883 80.04056549072266
v -84.07020568847656 -51.99721145629883 87.9305419921875
v -75.8497314453125 -51.99721145629883 95.11255645751953
v -67.01856231689453 -51.99721145629883 101.52877807617188
v -57.64779281616211 -51.99721145629883 107.12754821777344
v -47.81288146972656 -51.99721145629883 111.86379241943359
v -37.5930061340332 -51.99721145629883 115.69937896728516
v -27.07045555114746 -51.99721145629883 118.60341644287109
v -16.3299503326416 -51.99721145629883 120.55252838134766
v -5.45796489715576 -51.99721145629883 121.53102874755859
v 5.45796489715576 -51.99721145629883 121.53102874755859
v 16.3299503326416 -51.99721145629883 120.55252838134766
v 27.07045555114746 -51.99721145629883 118.60341644287109
v 37.5930061340332 -51.99721145629883 115.69937896728516
v 47.81288146972656 -51.99721145629883 111.86379241943359
v 57.64779281616211 -51.99721145629883 107.12754821777344
v 67.01856231689453 -51.99721145629883 101.52877807617188
v 75.8497314453125 -51.99721145629883 95.11255645751953
v 84.07020568847656 -51.99721145629883 87.9305419921875
v 91.61380004882812 -51.99721145629883 80.04056549072266
v 98.41976928710938 -51.99721145629883 71.50614929199219
v 104.43331909179688 -51.99721145629883 62.39600372314453
v 109.60604095458984 -51.99721145629883 52.78348541259766
v 113.89627075195312 -51.99721145629883 42.74598693847656
v 117.26947784423828 -51.99721145629883 32.36431884765625
v 119.69850158691406 -51.99721145629883 21.72207641601562
v 121.16378021240234 -51.99721145629883 10.90493774414062
v 125.82477569580078 -40.88294982910156 0
v 125.31824493408203 -40.88294982910156 -11.27884578704834
v 123.80271911621094 -40.88294982910156 -22.46688079833984
v 121.29041290283203 -40.88294982910156 -33.47402572631836
v 117.80154418945312 -40.88294982910156 -44.2116584777832
v 113.36420440673828 -40.88294982910156 -54.59332656860352
v 108.01412963867188 -40.88294982910156 -64.53543853759766
v 101.79438018798828 -40.88294982910156 -73.95794677734375
v 94.75505065917969 -40.88294982910156 -82.78499603271484
v 86.95280456542969 -40.88294982910156 -90.94550323486328
v 78.45046234130859 -40.88294982910156 -98.37377166748047
v 69.31649017333984 -40.88294982910156 -105.00999450683594
v 59.62442016601562 -40.88294982910156 -110.80073547363281
v 49.45228576660156 -40.88294982910156 -115.69937896728516
v 38.88199615478516 -40.88294982910156 -119.66647338867188
v 27.99864768981934 -40.88294982910156 -122.67008972167969
v 16.88987159729004 -40.88294982910156 -124.68603515625
v 5.64510726928711 -40.88294982910156 -125.69808197021484
v -5.64510726928711 -40.88294982910156 -125.69808197021484
v -16.88987159729004 -40.88294982910156 -124.68603515625
v -27.99864768981934 -40.88294982910156 -122.67008972167969
v -38.88199615478516 -40.88294982910156 -119.66647338867188
v -49.45228576660156 -40.88294982910156 -115.69937896728516
v -59.62442016601562 -40.88294982910156 -110.80073547363281
v -69.31649017333984 -40.88294982910156 -105.00999450683594
v -78.45046234130859 -40.88294982910156 -98.37377166748047
v -86.95280456542969 -40.88294982910156 -90.94550323486328
v -94.75505065917969 -40.88294982910156 -82.78499603271484
v -101.79438018798828 -40.88294982910156 -73.95794677734375
v -108.01412963867188 -40.88294982910156 -64.53543853759766
v -113.36420440673828 -40.88294982910156 -54.59332656860352
v -117.80154418945312 -40.88294982910156 -44.2116584777832
v -121.29041290283203 -40.88294982910156 -33.47402572631836
v -123.80271911621094 -40.88294982910156 -22.46688079833984
v -125.31824493408203 -40.88294982910156 -11.27884578704834
v -125.82477569580078 -40.88294982910156 -0.00000000000002
v -125.31824493408203 -40.88294982910156 11.27884578704834
v -123.80271911621094 -40.88294982910156 22.46688079833984
v -121.29041290283203 -40.88294982910156 33.47402572631836
v -117.80154418945312 -40.88294982910156 44.2116584777832
v -113.36420440673828 -40.88294982910156 54.59332656860352
v -108.01412963867188 -40.88294982910156 64.53543853759766
v -101.79438018798828 -40.88294982910156 73.95794677734375
v -94.75505065917969 -40.88294982910156 82.78499603271484
v -86.95280456542969 -40.88294982910156 90.94550323486328
v -78.45046234130859 -40.88294982910156 98.37377166748047
v -69.31649017333984 -40.88294982910156 105.00999450683594
v -59.62442016601562 -40.88294982910156 110.80073547363281
v -49.45228576660156 -40.88294982910156 115.69937896728516
v -38.88199615478516 -40.88294982910156 119.66647338867188
v -27.99864768981934 -40.88294982910156 122.67008972167969
v -16.88987159729004 -40.88294982910156 124.68603515625
v -5.64510726928711 -40.88294982910156 125.69808197021484
v 5.64510726928711 -40.88294982910156 125.69808197021484
v 16.88987159729004 -40.88294982910156 124.68603515625
v 27.99864768981934 -40.88294982910156 122.67008972167969
v 38.88199615478516 -40.88294982910156 119.66647338867188
v 49.45228576660156 -40.88294982910156 115.69937896728516
v 59.62442016601562 -40.88294982910156 110.80073547363281
v 69.31649017333984 -40.88294982910156 105.00999450683594
v 78.45046234130859 -40.88294982910156 98.37377166748047
v 86.95280456542969 -40.88294982910156 90.94550323486328
v 94.75505065917969 -40.88294982910156 82.78499603271484
v 101.79438018798828 -40.88294982910156 73.95794677734375
v 108.01412963867188 -40.88294982910156 64.53543853759766
v 113.36420440673828 -40.88294982910156 54.59332656860352
v 117.80154418945312 -40.88294982910156 44.2116584777832
v 121.29041290283203 -40.88294982910156 33.47402572631836
v 123.80271911621094 -40.88294982910156 22.46688079833984
v 125.31824493408203 -40.88294982910156 11.27884578704834
v 128.98295593261719 -29.43951988220215 0
v 128.46371459960938 -29.43951988220215 -11.56194400787354
v 126.91015625 -29.43951988220215 -23.03079795837402
v 124.33478546142578 -29.43951988220215 -34.3142204284668
v 120.75834655761719 -29.43951988220215 -45.32136535644531
v 116.20963287353516 -29.43951988220215 -55.9636116027832
v 110.72526550292969 -29.43951988220215 -66.15526580810547
v 104.34941101074219 -29.43951988220215 -75.81428527832031
v 97.13339233398438 -29.43951988220215 -84.86288452148438
v 89.13530731201172 -29.43951988220215 -93.22822570800781
v 80.41956329345703 -29.43951988220215 -100.84294128417969
v 71.05632781982422 -29.43951988220215 -107.64572906494141
v 61.1209831237793 -29.43951988220215 -113.58181762695312
v 50.69353485107422 -29.43951988220215 -118.60341644287109
v 39.85792922973633 -29.43951988220215 -122.67008972167969
v 28.7014102935791 -29.43951988220215 -125.74909210205078
v 17.31380462646484 -29.43951988220215 -127.81563568115234
v 5.78679895401001 -29.43951988220215 -128.85308837890625
v -5.78679895401001 -29.43951988220215 -128.85308837890625
v -17.31380462646484 -29.43951988220215 -127.81563568115234
v -28.7014102935791 -29.43951988220215 -125.74909210205078
v -39.85792922973633 -29.43951988220215 -122.67008972167969
v -50.69353485107422 -29.43951988220215 -118.60341644287109
v -61.1209831237793 -29.43951988220215 -113.58181762695312
v -71.05632781982422 -29.43951988220215 -107.64572906494141
v -80.41956329345703 -29.43951988220215 -100.84294128417969
v -89.13530731201172 -29.43951988220215 -93.22822570800781
v -97.13339233398438 -29.43951988220215 -84.86288452148438
v -104.34941101074219 -29.43951988220215 -75.81428527832031
v -110.72526550292969 -29.43951988220215 -66.15526580810547
v -116.20963287353516 -29.43951988220215 -55.9636116027832
v -120.75834655761719 -29.43951988220215 -45.32136535644531
v -124.33478546142578 -29.43951988220215 -34.3142204284668
v -126.91015625 -29.43951988220215 -23.03079795837402
v -128.46371459960938 -29.43951988220215 -11.56194400787354
v -128.98295593261719 -29.43951988220215 -0.00000000000002
v -128.46371459960938 -29.43951988220215 11.56194400787354
v -126.91015625 -29.43951988220215 23.03079795837402
v -124.33478546142578 -29.43951988220215 34.3142204284668
v -120.75834655761719 -29.43951988220215 45.32136535644531
v -116.20963287353516 -29.43951988220215 55.9636116027832
v -110.72526550292969 -29.43951988220215 66.15526580810547
v -104.34941101074219 -29.43951988220215 75.81428527832031
v -97.13339233398438 -29.43951988220215 84.86288452148438
v -89.13530731201172 -29.43951988220215 93.22822570800781
v -80.41956329345703 -29.43951988220215 100.84294128417969
v -71.05632781982422 -29.43951988220215 107.64572906494141
v -61.1209831237793 -29.43951988220215 113.58181762695312
v -50.69353485107422 -29.43951988220215 118.60341644287109
v -39.85792922973633 -29.43951988220215 122.67008972167969
v -28.7014102935791 -29.43951988220215 125.74909210205078
v -17.31380462646484 -29.43951988220215 127.81563568115234
v -5.78679895401001 -29.43951988220215 128.85308837890625
v 5.78679895401001 -29.43951988220215 128.85308837890625
v 17.31380462646484 -29.43951988220215 127.81563568115234
v 28.7014102935791 -29.43951988220215 125.74909210205078
v 39.85792922973633 -29.43951988220215 122.67008972167969
v 50.69353485107422 -29.43951988220215 118.60341644287109
v 61.1209831237793 -29.43951988220215 113.58181762695312
v 71.05632781982422 -29.43951988220215 107.64572906494141
v 80.41956329345703 -29.43951988220215 100.84294128417969
v 89.13530731201172 -29.43951988220215 93.22822570800781
v 97.13339233398438 -29.43951988220215 84.86288452148438
v 104.34941101074219 -29.43951988220215 75.81428527832031
v 110.72526550292969 -29.43951988220215 66.15526580810547
v 116.20963287353516 -29.43951988220215 55.9636116027832
v 120.75834655761719 -29.43951988220215 45.32136535644531
v 124.33478546142578 -29.43951988220215 34.3142204284668
v 126.91015625 -29.43951988220215 23.03079795837402
v 128.46371459960938 -29.43951988220215 11.56194400787354
v 131.10264587402344 -17.75906181335449 0
v 130.57487487792969 -17.75906181335449 -11.75195121765137
v 128.99577331542969 -17.75906181335449 -23.40928268432617
v 126.37808990478516 -17.75906181335449 -34.87813568115234
v 122.74287414550781 -17.75906181335449 -46.0661735534668
v 118.11940765380859 -17.75906181335449 -56.88330841064453
v 112.54491424560547 -17.75906181335449 -67.24245452880859
v 106.06427764892578 -17.75906181335449 -77.06020355224609
v 98.72966766357422 -17.75906181335449 -86.25751495361328
v 90.60014343261719 -17.75906181335449 -94.76032257080078
v 81.74116516113281 -17.75906181335449 -102.50018310546875
v 72.22405242919922 -17.75906181335449 -109.41476440429688
v 62.12543869018555 -17.75906181335449 -115.44841003417969
v 51.5266227722168 -17.75906181335449 -120.55252838134766
v 40.51294708251953 -17.75906181335449 -124.68603515625
v 29.1730842590332 -17.75906181335449 -127.81563568115234
v 17.59833717346191 -17.75906181335449 -129.9161376953125
v 5.88189840316772 -17.75906181335449 -130.97064208984375
v -5.88189840316772 -17.75906181335449 -130.97064208984375
v -17.59833717346191 -17.75906181335449 -129.9161376953125
v -29.1730842590332 -17.75906181335449 -127.81563568115234
v -40.51294708251953 -17.75906181335449 -124.68603515625
v -51.5266227722168 -17.75906181335449 -120.55252838134766
v -62.12543869018555 -17.75906181335449 -115.44841003417969
v -72.22405242919922 -17.75906181335449 -109.41476440429688
v -81.74116516113281 -17.75906181335449 -102.50018310546875
v -90.60014343261719 -17.75906181335449 -94.76032257080078
v -98.72966766357422 -17.75906181335449 -86.25751495361328
v -106.06427764892578 -17.75906181335449 -77.06020355224609
v -112.54491424560547 -17.75906181335449 -67.24245452880859
v -118.11940765380859 -17.75906181335449 -56.88330841064453
v -122.74287414550781 -17.75906181335449 -46.0661735534668
v -126.37808990478516 -17.75906181335449 -34.87813568115234
v -128.99577331542969 -17.75906181335449 -23.40928268432617
v -130.57487487792969 -17.75906181335449 -11.75195121765137
v -131.10264587402344 -17.75906181335449 -0.00000000000002
v -130.57487487792969 -17.75906181335449 11.75195121765137
v -128.99577331542969 -17.75906181335449 23.40928268432617
v -126.37808990478516 -17.75906181335449 34.87813568115234
v -122.74287414550781 -17.75906181335449 46.0661735534668
v -118.11940765380859 -17.75906181335449 56.88330841064453
v -112.54491424560547 -17.75906181335449 67.24245452880859
v -106.06427764892578 -17.75906181335449 77.06020355224609
v -98.72966766357422 -17.75906181335449 86.25751495361328
v -90.60014343261719 -17.75906181335449 94.76032257080078
v -81.74116516113281 -17.75906181335449 102.50018310546875
v -72.22405242919922 -17.75906181335449 109.41476440429688
v -62.12543869018555 -17.75906181335449 115.44841003417969
v -51.5266227722168 -17.75906181335449 120.55252838134766
v -40.51294708251953 -17.75906181335449 124.68603515625
v -29.1730842590332 -17.75906181335449 127.81563568115234
v -17.59833717346191 -17.75906181335449 129.9161376953125
v -5.88189840316772 -17.75906181335449 130.97064208984375
v 5.88189840316772 -17.75906181335449 130.97064208984375
v 17.59833717346191 -17.75906181335449 129.9161376953125
v 29.1730842590332 -17.75906181335449 127.81563568115234
v 40.51294708251953 -17.75906181335449 124.68603515625
v 51.5266227722168 -17.75906181335449 120.55252838134766
v 62.12543869018555 -17.75906181335449 115.44841003417969
v 72.22405242919922 -17.75906181335449 109.41476440429688
v 81.74116516113281 -17.75906181335449 102.50018310546875
v 90.60014343261719 -17.75906181335449 94.76032257080078
v 98.72966766357422 -17.75906181335449 86.25751495361328
v 106.06427764892578 -17.75906181335449 77.06020355224609
v 112.54491424560547 -17.75906181335449 67.24245452880859
v 118.11940765380859 -17.75906181335449 56.88330841064453
v 122.74287414550781 -17.75906181335449 46.0661735534668
v 126.37808990478516 -17.75906181335449 34.87813568115234
v 128.99577331542969 -17.75906181335449 23.40928268432617
v 130.57487487792969 -17.75906181335449 11.75195121765137
v 132.16677856445312 -5.93561697006226 0
v 131.63471984863281 -5.93561697006226 -11.84733867645264
v 130.04280090332031 -5.93561697006226 -23.59929084777832
v 127.40386962890625 -5.93561697006226 -35.16123580932617
v 123.73915100097656 -5.93561697006226 -46.44007873535156
v 119.07815551757812 -5.93561697006226 -57.34501647949219
v 113.45841217041016 -5.93561697006226 -67.78824615478516
v 106.9251708984375 -5.93561697006226 -77.68568420410156
v 99.53103637695312 -5.93561697006226 -86.9576416015625
v 91.33552551269531 -5.93561697006226 -95.52947235107422
v 82.40464019775391 -5.93561697006226 -103.3321533203125
v 72.81027984619141 -5.93561697006226 -110.30286407470703
v 62.62969589233398 -5.93561697006226 -116.38547515869141
v 51.94485473632812 -5.93561697006226 -121.53102874755859
v 40.84178161621094 -5.93561697006226 -125.69808197021484
v 29.40987586975098 -5.93561697006226 -128.85308837890625
v 17.74117851257324 -5.93561697006226 -130.97064208984375
v 5.92964029312134 -5.93561697006226 -132.03370666503906
v -5.92964029312134 -5.93561697006226 -132.03370666503906
v -17.74117851257324 -5.93561697006226 -130.97064208984375
v -29.40987586975098 -5.93561697006226 -128.85308837890625
v -40.84178161621094 -5.93561697006226 -125.69808197021484
v -51.94485473632812 -5.93561697006226 -121.53102874755859
v -62.62969589233398 -5.93561697006226 -116.38547515869141
v -72.81027984619141 -5.93561697006226 -110.30286407470703
v -82.40464019775391 -5.93561697006226 -103.3321533203125
v -91.33552551269531 -5.93561697006226 -95.52947235107422
v -99.53103637695312 -5.93561697006226 -86.9576416015625
v -106.9251708984375 -5.93561697006226 -77.68568420410156
v -113.45841217041016 -5.93561697006226 -67.78824615478516
v -119.07815551757812 -5.93561697006226 -57.34501647949219
v -123.73915100097656 -5.93561697006226 -46.44007873535156
v -127.40386962890625 -5.93561697006226 -35.16123580932617
v -130.04280090332031 -5.93561697006226 -23.59929084777832
v -131.63471984863281 -5.93561697006226 -11.84733867645264
v -132.16677856445312 -5.93561697006226 -0.00000000000002
v -131.63471984863281 -5.93561697006226 11.84733867645264
v -130.04280090332031 -5.93561697006226 23.59929084777832
v -127.40386962890625 -5.93561697006226 35.16123580932617
v -123.73915100097656 -5.93561697006226 46.44007873535156
v -119.07815551757812 -5.93561697006226 57.34501647949219
v -113.45841217041016 -5.93561697006226 67.78824615478516
v -106.9251708984375 -5.93561697006226 77.68568420410156
v -99.53103637695312 -5.93561697006226 86.9576416015625
v -91.33552551269531 -5.93561697006226 95.52947235107422
v -82.40464019775391 -5.93561697006226 103.3321533203125
v -72.81027984619141 -5.93561697006226 110.30286407470703
v -62.62969589233398 -5.93561697006226 116.38547515869141
v -51.94485473632812 -5.93561697006226 121.53102874755859
v -40.84178161621094 -5.93561697006226 125.69808197021484
v -29.40987586975098 -5.93561697006226 128.85308837890625
v -17.74117851257324 -5.93561697006226 130.97064208984375
v -5.92964029312134 -5.93561697006226 132.03370666503906
v 5.92964029312134 -5.93561697006226 132.03370666503906
v 17.74117851257324 -5.93561697006226 130.97064208984375
v 29.40987586975098 -5.93561697006226 128.85308837890625
v 40.84178161621094 -5.93561697006226 125.69808197021484
v 51.94485473632812 -5.93561697006226 121.53102874755859
v 62.62969589233398 -5.93561697006226 116.38547515869141
v 72.81027984619141 -5.93561697006226 110.30286407470703
v 82.40464019775391 -5.93561697006226 103.3321533203125
v 91.33552551269531 -5.93561697006226 95.52947235107422
v 99.53103637695312 -5.93561697006226 86.9576416015625
v 106.9251708984375 -5.93561697006226 77.68568420410156
v 113.45841217041016 -5.93561697006226 67.78824615478516
v 119.07815551757812 -5.93561697006226 57.34501647949219
v 123.73915100097656 -5.93561697006226 46.44007873535156
v 127.40386962890625 -5.93561697006226 35.16123580932617
v 130.04280090332031 -5.93561697006226 23.59929084777832
v 131.63471984863281 -5.93561697006226 11.84733867645264
v 132.16677856445312 5.93561697006226 0
v 131.63471984863281 5.93561697006226 -11.84733867645264
v 130.04280090332031 5.93561697006226 -23.59929084777832
v 127.40386962890625 5.93561697006226 -35.16123580932617
v 123.73915100097656 5.93561697006226 -46.44007873535156
v 119.07815551757812 5.93561697006226 -57.34501647949219
v 113.45841217041016 5.93561697006226 -67.78824615478516
v 106.9251708984375 5.93561697006226 -77.68568420410156
v 99.53103637695312 5.93561697006226 -86.9576416015625
v 91.33552551269531 5.93561697006226 -95.52947235107422
v 82.40464019775391 5.93561697006226 -103.3321533203125
v 72.81027984619141 5.93561697006226 -110.30286407470703
v 62.62969589233398 5.93561697006226 -116.38547515869141
v 51.94485473632812 5.93561697006226 -121.53102874755859
v 40.84178161621094 5.93561697006226 -125.69808197021484
v 29.40987586975098 5.93561697006226 -128.85308837890625
v 17.74117851257324 5.93561697006226 -130.97064208984375
v 5.92964029312134 5.93561697006226 -132.03370666503906
v -5.92964029312134 5.93561697006226 -132.03370666503906
v -17.74117851257324 5.93561697006226 -130.97064208984375
v -29.40987586975098 5.93561697006226 -128.85308837890625
v -40.84178161621094 5.93561697006226 -125.69808197021484
v -51.94485473632812 5.93561697006226 -121.53102874755859
v -62.62969589233398 5.93561697006226 -116.38547515869141
v -72.81027984619141 5.93561697006226 -110.30286407470703
v -82.40464019775391 5.93561697006226 -103.3321533203125
v -91.33552551269531 5.93561697006226 -95.52947235107422
v -99.53103637695312 5.93561697006226 -86.9576416015625
v -106.9251708984375 5.93561697006226 -77.68568420410156
v -113.45841217041016 5.93561697006226 -67.78824615478516
v -119.07815551757812 5.93561697006226 -57.34501647949219
v -123.73915100097656 5.93561697006226 -46.44007873535156
v -127.40386962890625 5.93561697006226 -35.16123580932617
v -130.04280090332031 5.93561697006226 -23.59929084777832
v -131.63471984863281 5.93561697006226 -11.84733867645264
v -132.16677856445312 5.93561697006226 -0.00000000000002
v -131.63471984863281 5.93561697006226 11.84733867645264
v -130.04280090332031 5.93561697006226 23.59929084777832
v -127.40386962890625 5.93561697006226 35.16123580932617
v -123.73915100097656 5.93561697006226 46.44007873535156
v -119.07815551757812 5.93561697006226 57.34501647949219
v -113.45841217041016 5.93561697006226 67.78824615478516
v -106.9251708984375 5.93561697006226 77.68568420410156
v -99.53103637695312 5.93561697006226 86.9576416015625
v -91.33552551269531 5.93561697006226 95.52947235107422
v -82.40464019775391 5.93561697006226 103.3321533203125
v -72.81027984619141 5.93561697006226 110.30286407470703
v -62.62969589233398 5.93561697006226 116.38547515869141
v -51.94485473632812 5.93561697006226 121.53102874755859
v -40.84178161621094 5.93561697006226 125.69808197021484
v -29.40987586975098 5.93561697006226 128.85308837890625
v -17.74117851257324 5.93561697006226 130.97064208984375
v -5.92964029312134 5.93561697006226 132.03370666503906
v 5.92964029312134 5.93561697006226 132.03370666503906
v 17.74117851257324 5.93561697006226 130.97064208984375
v 29.40987586975098 5.93561697006226 128.85308837890625
v 40.84178161621094 5.93561697006226 125.69808197021484
v 51.94485473632812 5.93561697006226 121.53102874755859
v 62.62969589233398 5.93561697006226 116.38547515869141
v 72.81027984619141 5.93561697006226 110.30286407470703
v 82.40464019775391 5.93561697006226 103.3321533203125
v 91.33552551269531 5.93561697006226 95.52947235107422
v 99.53103637695312 5.93561697006226 86.9576416015625
v 106.9251708984375 5.93561697006226 77.68568420410156
v 113.45841217041016 5.93561697006226 67.78824615478516
v 119.07815551757812 5.93561697006226 57.34501647949219
v 123.73915100097656 5.93561697006226 46.44007873535156
v 127.40386962890625 5.93561697006226 35.16123580932617
v 130.04280090332031 5.93561697006226 23.59929084777832
v 131.63471984863281 5.93561697006226 11.84733867645264
v 131.10264587402344 17.75906181335449 0
v 130.57487487792969 17.75906181335449 -11.75195121765137
v 128.99577331542969 17.75906181335449 -23.40928268432617
v 126.37808990478516 17.75906181335449 -34.87813568115234
v 122.74287414550781 17.75906181335449 -46.0661735534668
v 118.11940765380859 17.75906181335449 -56.88330841064453
v 112.54491424560547 17.75906181335449 -67.24245452880859
v 106.06427764892578 17.75906181335449 -77.06020355224609
v 98.72966766357422 17.75906181335449 -86.25751495361328
v 90.60014343261719 17.75906181335449 -94.76032257080078
v 81.74116516113281 17.75906181335449 -102.50018310546875
v 72.22405242919922 17.75906181335449 -109.41476440429688
v 62.12543869018555 17.75906181335449 -115.44841003417969
v 51.5266227722168 17.75906181335449 -120.55252838134766
v 40.51294708251953 17.75906181335449 -124.68603515625
v 29.1730842590332 17.75906181335449 -127.81563568115234
v 17.59833717346191 17.75906181335449 -129.9161376953125
v 5.88189840316772 17.75906181335449 -130.97064208984375
v -5.88189840316772 17.75906181335449 -130.97064208984375
v -17.59833717346191 17.75906181335449 -129.9161376953125
v -29.1730842590332 17.75906181335449 -127.81563568115234
v -40.51294708251953 17.75906181335449 -124.68603515625
v -51.5266227722168 17.75906181335449 -120.55252838134766
v -62.12543869018555 17.75906181335449 -115.44841003417969
v -72.22405242919922 17.75906181335449 -109.41476440429688
v -81.74116516113281 17.75906181335449 -102.50018310546875
v -90.60014343261719 17.75906181335449 -94.76032257080078
v -98.72966766357422 17.75906181335449 -86.25751495361328
v -106.06427764892578 17.75906181335449 -77.06020355224609
v -112.54491424560547 17.75906181335449 -67.24245452880859
v -118.11940765380859 17.75906181335449 -56.88330841064453
v -122.74287414550781 17.75906181335449 -46.0661735534668
v -126.37808990478516 17.75906181335449 -34.87813568115234
v -128.99577331542969 17.75906181335449 -23.40928268432617
v -130.57487487792969 17.75906181335449 -11.75195121765137
v -131.10264587402344 17.75906181335449 -0.00000000000002
v -130.57487487792969 17.75906181335449 11.75195121765137
v -128.99577331542969 17.75906181335449 23.40928268432617
v -126.37808990478516 17.75906181335449 34.87813568115234
v -122.74287414550781 17.75906181335449 46.0661735534668
v -118.11940765380859 17.75906181335449 56.88330841064453
v -112.54491424560547 17.75906181335449 67.24245452880859
v -106.06427764892578 17.75906181335449 77.06020355224609
v -98.72966766357422 17.75906181335449 86.25751495361328
v -90.60014343261719 17.75906181335449 94.76032257080078
v -81.74116516113281 17.75906181335449 102.50018310546875
v -72.22405242919922 17.75906181335449 109.41476440429688
v -62.12543869018555 17.75906181335449 115.44841003417969
v -51.5266227722168 17.75906181335449 120.55252838134766
v -40.51294708251953 17.75906181335449 124.68603515625
v -29.1730842590332 17.75906181335449 127.81563568115234
v -17.59833717346191 17.75906181335449 129.9161376953125
v -5.88189840316772 17.75906181335449 130.97064208984375
v 5.88189840316772 17.75906181335449 130.97064208984375
v 17.59833717346191 17.75906181335449 129.9161376953125
v 29.1730842590332 17.75906181335449 127.81563568115234
v 40.51294708251953 17.75906181335449 124.68603515625
v 51.5266227722168 17.75906181335449 120.55252838134766
v 62.12543869018555 17.75906181335449 115.44841003417969
v 72.22405242919922 17.75906181335449 109.41476440429688
v 81.74116516113281 17.75906181335449 102.50018310546875
v 90.60014343261719 17.75906181335449 94.76032257080078
v 98.72966766357422 17.75906181335449 86.25751495361328
v 106.06427764892578 17.75906181335449 77.06020355224609
v 112.54491424560547 17.75906181335449 67.24245452880859
v 118.11940765380859 17.75906181335449 56.88330841064453
v 122.74287414550781 17.75906181335449 46.0661735534668
v 126.37808990478516 17.75906181335449 34.87813568115234
v 128.99577331542969 17.75906181335449 23.40928268432617
v 130.57487487792969 17.75906181335449 11.75195121765137
v 128.98295593261719 29.43951988220215 0
v 128.46371459960938 29.43951988220215 -11.56194400787354
v 126.91015625 29.43951988220215 -23.03079795837402
v 124.33478546142578 29.43951988220215 -34.3142204284668
v 120.75834655761719 29.43951988220215 -45.32136535644531
v 116.20963287353516 29.43951988220215 -55.9636116027832
v 110.72526550292969 29.43951988220215 -66.15526580810547
v 104.34941101074219 29.43951988220215 -75.81428527832031
v 97.13339233398438 29.43951988220215 -84.86288452148438
v 89.13530731201172 29.43951988220215 -93.22822570800781
v 80.41956329345703 29.43951988220215 -100.84294128417969
v 71.05632781982422 29.43951988220215 -107.64572906494141
v 61.1209831237793 29.43951988220215 -113.58181762695312
v 50.69353485107422 29.43951988220215 -118.60341644287109
v 39.85792922973633 29.43951988220215 -122.67008972167969
v 28.7014102935791 29.43951988220215 -125.74909210205078
v 17.31380462646484 29.43951988220215 -127.81563568115234
v 5.78679895401001 29.43951988220215 -128.85308837890625
v -5.78679895401001 29.43951988220215 -128.85308837890625
v -17.31380462646484 29.43951988220215 -127.81563568115234
v -28.7014102935791 29.43951988220215 -125.74909210205078
v -39.85792922973633 29.43951988220215 -122.67008972167969
v -50.69353485107422 29.43951988220215 -118.60341644287109
v -61.1209831237793 29.43951988220215 -113.58181762695312
v -71.05632781982422 29.43951988220215 -107.64572906494141
v -80.41956329345703 29.43951988220215 -100.84294128417969
v -89.13530731201172 29.43951988220215 -93.22822570800781
v -97.13339233398438 29.43951988220215 -84.86288452148438
v -104.34941101074219 29.43951988220215 -75.81428527832031
v -110.72526550292969 29.43951988220215 -66.15526580810547
v -116.20963287353516 29.43951988220215 -55.9636116027832
v -120.75834655761719 29.43951988220215 -45.32136535644531
v -124.33478546142578 29.43951988220215 -34.3142204284668
v -126.91015625 29.43951988220215 -23.03079795837402
v -128.46371459960938 29.43951988220215 -11.56194400787354
v -128.98295593261719 29.43951988220215 -0.00000000000002
v -128.46371459960938 29.43951988220215 11.56194400787354
v -126.91015625 29.43951988220215 23.03079795837402
v -124.33478546142578 29.43951988220215 34.3142204284668
v -120.75834655761719 29.43951988220215 45.32136535644531
v -116.20963287353516 29.43951988220215 55.9636116027832
v -110.72526550292969 29.43951988220215 66.15526580810547
v -104.34941101074219 29.43951988220215 75.81428527832031
v -97.13339233398438 29.43951988220215 84.86288452148438
v -89.13530731201172 29.43951988220215 93.22822570800781
v -80.41956329345703 29.43951988220215 100.84294128417969
v -71.05632781982422 29.43951988220215 107.64572906494141
v -61.1209831237793 29.43951988220215 113.58181762695312
v -50.69353485107422 29.43951988220215 118.60341644287109
v -39.85792922973633 29.43951988220215 122.67008972167969
v -28.7014102935791 29.43951988220215 125.74909210205078
v -17.31380462646484 29.43951988220215 127.81563568115234
v -5.78679895401001 29.43951988220215 128.85308837890625
v 5.78679895401001 29.43951988220215 128.85308837890625
v 17.31380462646484 29.43951988220215 127.81563568115234
v 28.7014102935791 29.43951988220215 125.74909210205078
v 39.85792922973633 29.43951988220215 122.67008972167969
v 50.69353485107422 29.43951988220215 118.60341644287109
v 61.1209831237793 29.43951988220215 113.58181762695312
v 71.05632781982422 29.43951988220215 107.64572906494141
v 80.41956329345703 29.43951988220215 100.84294128417969
v 89.13530731201172 29.43951988220215 93.22822570800781
v 97.13339233398438 29.43951988220215 84.86288452148438
v 104.34941101074219 29.43951988220215 75.81428527832031
v 110.72526550292969 29.43951988220215 66.15526580810547
v 116.20963287353516 29.43951988220215 55.9636116027832
v 120.75834655761719 29.43951988220215 45.32136535644531
v 124.33478546142578 29.43951988220215 34.3142204284668
v 126.91015625 29.43951988220215 23.03079795837402
v 128.46371459960938 29.43951988220215 11.56194400787354
v 125.82477569580078 40.88294982910156 0
v 125.31824493408203 40.88294982910156 -11.27884578704834
v 123.80271911621094 40.88294982910156 -22.46688079833984
v 121.29041290283203 40.88294982910156 -33.47402572631836
v 117.80154418945312 40.88294982910156 -44.2116584777832
v 113.36420440673828 40.88294982910156 -54.59332656860352
v 108.01412963867188 40.88294982910156 -64.53543853759766
v 101.79438018798828 40.88294982910156 -73.95794677734375
v 94.75505065917969 40.88294982910156 -82.78499603271484
v 86.95280456542969 40.88294982910156 -90.94550323486328
v 78.45046234130859 40.88294982910156 -98.37377166748047
v 69.31649017333984 40.88294982910156 -105.00999450683594
v 59.62442016601562 40.88294982910156 -110.80073547363281
v 49.45228576660156 40.88294982910156 -115.69937896728516
v 38.88199615478516 40.88294982910156 -119.66647338867188
v 27.99864768981934 40.88294982910156 -122.67008972167969
v 16.88987159729004 40.88294982910156 -124.68603515625
v 5.64510726928711 40.88294982910156 -125.69808197021484
v -5.64510726928711 40.88294982910156 -125.69808197021484
v -16.88987159729004 40.88294982910156 -124.68603515625
v -27.99864768981934 40.88294982910156 -122.67008972167969
v -38.88199615478516 40.88294982910156 -119.66647338867188
v -49.45228576660156 40.88294982910156 -115.69937896728516
v -59.62442016601562 40.88294982910156 -110.80073547363281
v -69.31649017333984 40.88294982910156 -105.00999450683594
v -78.45046234130859 40.88294982910156 -98.37377166748047
v -86.95280456542969 40.88294982910156 -90.94550323486328
v -94.75505065917969 40.88294982910156 -82.78499603271484
v -101.79438018798828 40.88294982910156 -73.95794677734375
v -108.01412963867188 40.88294982910156 -64.53543853759766
v -113.36420440673828 40.88294982910156 -54.59332656860352
v -117.80154418945312 40.88294982910156 -44.2116584777832
v -121.29041290283203 40.88294982910156 -33.47402572631836
v -123.80271911621094 40.88294982910156 -22.46688079833984
v -125.31824493408203 40.88294982910156 -11.27884578704834
v -125.82477569580078 40.88294982910156 -0.00000000000002
v -125.31824493408203 40.88294982910156 11.27884578704834
v -123.80271911621094 40.88294982910156 22.46688079833984
v -121.29041290283203 40.88294982910156 33.47402572631836
v -117.80154418945312 40.88294982910156 44.2116584777832
v -113.36420440673828 40.88294982910156 54.59332656860352
v -108.01412963867188 40.88294982910156 64.53543853759766
v -101.79438018798828 40.88294982910156 73.95794677734375
v -94.75505065917969 40.88294982910156 82.78499603271484
v -86.95280456542969 40.88294982910156 90.94550323486328
v -78.45046234130859 40.88294982910156 98.37377166748047
v -69.31649017333984 40.88294982910156 105.00999450683594
v -59.62442016601562 40.88294982910156 110.80073547363281
v -49.45228576660156 40.88294982910156 115.69937896728516
v -38.88199615478516 40.88294982910156 119.66647338867188
v -27.99864768981934 40.88294982910156 122.67008972167969
v -16.88987159729004 40.88294982910156 124.68603515625
v -5.64510726928711 40.88294982910156 125.69808197021484
v 5.64510726928711 40.88294982910156 125.69808197021484
v 16.88987159729004 40.88294982910156 124.68603515625
v 27.99864768981934 40.88294982910156 122.67008972167969
v 38.88199615478516 40.88294982910156 119.66647338867188
v 49.45228576660156 40.88294982910156 115.69937896728516
v 59.62442016601562 40.88294982910156 110.80073547363281
v 69.31649017333984 40.88294982910156 105.00999450683594
v 78.45046234130859 40.88294982910156 98.37377166748047
v 86.95280456542969 40.88294982910156 90.94550323486328
v 94.75505065917969 40.88294982910156 82.78499603271484
v 101.79438018798828 40.88294982910156 73.95794677734375
v 108.01412963867188 40.88294982910156 64.53543853759766
v 113.36420440673828 40.88294982910156 54.59332656860352
v 117.80154418945312 40.88294982910156 44.2116584777832
v 121.29041290283203 40.88294982910156 33.47402572631836
v 123.80271911621094 40.88294982910156 22.46688079833984
v 125.31824493408203 40.88294982910156 11.27884578704834
v 121.65352630615234 51.99721145629883 0
v 121.16378021240234 51.99721145629883 -10.90493774414062
v 119.69850158691406 51.99721145629883 -21.72207641601562
v 117.26947784423828 51.99721145629883 -32.36431884765625
v 113.89627075195312 51.99721145629883 -42.74598693847656
v 109.60604095458984 51.99721145629883 -52.78348541259766
v 104.43331909179688 51.99721145629883 -62.39600372314453
v 98.41976928710938 51.99721145629883 -71.50614929199219
v 91.61380004882812 51.99721145629883 -80.04056549072266
v 84.07020568847656 51.99721145629883 -87.9305419921875
v 75.8497314453125 51.99721145629883 -95.11255645751953
v 67.01856231689453 51.99721145629883 -101.52877807617188
v 57.64779281616211 51.99721145629883 -107.12754821777344
v 47.81288146972656 51.99721145629883 -111.86379241943359
v 37.5930061340332 51.99721145629883 -115.69937896728516
v 27.07045555114746 51.99721145629883 -118.60341644287109
v 16.3299503326416 51.99721145629883 -120.55252838134766
v 5.45796489715576 51.99721145629883 -121.53102874755859
v -5.45796489715576 51.99721145629883 -121.53102874755859
v -16.3299503326416 51.99721145629883 -120.55252838134766
v -27.07045555114746 51.99721145629883 -118.60341644287109
v -37.5930061340332 51.99721145629883 -115.69937896728516
v -47.81288146972656 51.99721145629883 -111.86379241943359
v -57.64779281616211 51.99721145629883 -107.12754821777344
v -67.01856231689453 51.99721145629883 -101.52877807617188
v -75.8497314453125 51.99721145629883 -95.11255645751953
v -84.07020568847656 51.99721145629883 -87.9305419921875
v -91.61380004882812 51.99721145629883 -80.04056549072266
v -98.41976928710938 51.99721145629883 -71.50614929199219
v -104.43331909179688 51.99721145629883 -62.39600372314453
v -109.60604095458984 51.99721145629883 -52.78348541259766
v -113.89627075195312 51.99721145629883 -42.74598693847656
v -117.26947784423828 51.99721145629883 -32.36431884765625
v -119.69850158691406 51.99721145629883 -21.72207641601562
v -121.16378021240234 51.99721145629883 -10.90493774414062
v -121.65352630615234 51.99721145629883 -0.00000000000001
v -121.16378021240234 51.99721145629883 10.90493774414062
v -119.69850158691406 51.99721145629883 21.72207641601562
v -117.26947784423828 51.99721145629883 32.36431884765625
v -113.89627075195312 51.99721145629883 42.74598693847656
v -109.60604095458984 51.99721145629883 52.78348541259766
v -104.43331909179688 51.99721145629883 62.39600372314453
v -98.41976928710938 51.99721145629883 71.50614929199219
v -91.61380004882812 51.99721145629883 80.04056549072266
v -84.07020568847656 51.99721145629883 87.9305419921875
v -75.8497314453125 51.99721145629883 95.11255645751953
v -67.01856231689453 51.99721145629883 101.52877807617188
v -57.64779281616211 51.99721145629883 107.12754821777344
v -47.81288146972656 51.99721145629883 111.86379241943359
v -37.5930061340332 51.99721145629883 115.69937896728516
v -27.07045555114746 51.99721145629883 118.60341644287109
v -16.3299503326416 51.99721145629883 120.55252838134766
v -5.45796489715576 51.99721145629883 121.53102874755859
v 5.45796489715576 51.99721145629883 121.53102874755859
v 16.3299503326416 51.99721145629883 120.55252838134766
v 27.07045555114746 51.99721145629883 118.60341644287109
v 37.5930061340332 51.99721145629883 115.69937896728516
v 47.81288146972656 51.99721145629883 111.86379241943359
v 57.64779281616211 51.99721145629883 107.12754821777344
v 67.01856231689453 51.99721145629883 101.52877807617188
v 75.8497314453125 51.99721145629883 95.11255645751953
v 84.07020568847656 51.99721145629883 87.9305419921875
v 91.61380004882812 51.99721145629883 80.04056549072266
v 98.41976928710938 51.99721145629883 71.50614929199219
v 104.43331909179688 51.99721145629883 62.39600372314453
v 109.60604095458984 51.99721145629883 52.78348541259766
v 113.89627075195312 51.99721145629883 42.74598693847656
v 117.26947784423828 51.99721145629883 32.36431884765625
v 119.69850158691406 51.99721145629883 21.72207641601562
v 121.16378021240234 51.99721145629883 10.90493774414062
v 116.50279235839844 62.69282531738281 0
v 116.03378295898438 62.69282531738281 -10.44322967529297
v 114.63053894042969 62.69282531738281 -20.80237579345703
v 112.30435943603516 62.69282531738281 -30.99403381347656
v 109.073974609375 62.69282531738281 -40.9361457824707
v 104.96538543701172 62.69282531738281 -50.54866409301758
v 100.01168060302734 62.69282531738281 -59.75419616699219
v 94.25273895263672 62.69282531738281 -68.47862243652344
v 87.73492431640625 62.69282531738281 -76.65169525146484
v 80.51072692871094 62.69282531738281 -84.20761871337891
v 72.63829803466797 62.69282531738281 -91.08554840087891
v 64.18103790283203 62.69282531738281 -97.23011016845703
v 55.2070198059082 62.69282531738281 -102.59183502197266
v 45.78851318359375 62.69282531738281 -107.12754821777344
v 36.0013427734375 62.69282531738281 -110.80073547363281
v 25.92430877685547 62.69282531738281 -113.58181762695312
v 15.6385498046875 62.69282531738281 -115.44841003417969
v 5.22687768936157 62.69282531738281 -116.38547515869141
v -5.22687768936157 62.69282531738281 -116.38547515869141
v -15.6385498046875 62.69282531738281 -115.44841003417969
v -25.92430877685547 62.69282531738281 -113.58181762695312
v -36.0013427734375 62.69282531738281 -110.80073547363281
v -45.78851318359375 62.69282531738281 -107.12754821777344
v -55.2070198059082 62.69282531738281 -102.59183502197266
v -64.18103790283203 62.69282531738281 -97.23011016845703
v -72.63829803466797 62.69282531738281 -91.08554840087891
v -80.51072692871094 62.69282531738281 -84.20761871337891
v -87.73492431640625 62.69282531738281 -76.65169525146484
v -94.25273895263672 62.69282531738281 -68.47862243652344
v -100.01168060302734 62.69282531738281 -59.75419616699219
v -104.96538543701172 62.69282531738281 -50.54866409301758
v -109.073974609375 62.69282531738281 -40.9361457824707
v -112.30435943603516 62.69282531738281 -30.99403381347656
v -114.63053894042969 62.69282531738281 -20.80237579345703
v -116.03378295898438 62.69282531738281 -10.44322967529297
v -116.50279235839844 62.69282531738281 -0.00000000000001
v -116.03378295898438 62.69282531738281 10.44322967529297
v -114.63053894042969 62.69282531738281 20.80237579345703
v -112.30435943603516 62.69282531738281 30.99403381347656
v -109.073974609375 62.69282531738281 40.9361457824707
v -104.96538543701172 62.69282531738281 50.54866409301758
v -100.01168060302734 62.69282531738281 59.75419616699219
v -94.25273895263672 62.69282531738281 68.47862243652344
v -87.73492431640625 62.69282531738281 76.65169525146484
v -80.51072692871094 62.69282531738281 84.20761871337891
v -72.63829803466797 62.69282531738281 91.08554840087891
v -64.18103790283203 62.69282531738281 97.23011016845703
v -55.2070198059082 62.69282531738281 102.59183502197266
v -45.78851318359375 62.69282531738281 107.12754821777344
v -36.0013427734375 62.69282531738281 110.80073547363281
v -25.92430877685547 62.69282531738281 113.58181762695312
v -15.6385498046875 62.69282531738281 115.44841003417969
v -5.22687768936157 62.69282531738281 116.38547515869141
v 5.22687768936157 62.69282531738281 116.38547515869141
v 15.6385498046875 62.69282531738281 115.44841003417969
v 25.92430877685547 62.69282531738281 113.58181762695312
v 36.0013427734375 62.69282531738281 110.80073547363281
v 45.78851318359375 62.69282531738281 107.12754821777344
v 55.2070198059082 62.69282531738281 102.59183502197266
v 64.18103790283203 62.69282531738281 97.23011016845703
v 72.63829803466797 62.69282531738281 91.08554840087891
v 80.51072692871094 62.69282531738281 84.20761871337891
v 87.73492431640625 62.69282531738281 76.65169525146484
v 94.25273895263672 62.69282531738281 68.47862243652344
v 100.01168060302734 62.69282531738281 59.75419616699219
v 104.96538543701172 62.69282531738281 50.54866409301758
v 109.073974609375 62.69282531738281 40.9361457824707
v 112.30435943603516 62.69282531738281 30.99403381347656
v 114.63053894042969 62.69282531738281 20.80237579345703
v 116.03378295898438 62.69282531738281 10.44322967529297
v 110.41403961181641 72.8836669921875 0
v 109.96954345703125 72.8836669921875 -9.89743804931641
v 108.63964080810547 72.8836669921875 -19.71518898010254
v 106.43503570556641 72.8836669921875 -29.37420272827148
v 103.37347412109375 72.8836669921875 -38.79671478271484
v 99.4796142578125 72.8836669921875 -47.90685653686523
v 94.78479766845703 72.8836669921875 -56.63128280639648
v 89.32683563232422 72.8836669921875 -64.89974212646484
v 83.14966583251953 72.8836669921875 -72.64567565917969
v 76.30301666259766 72.8836669921875 -79.80670166015625
v 68.84202575683594 72.8836669921875 -86.32517242431641
v 60.82676315307617 72.8836669921875 -92.14860534667969
v 52.32175445556641 72.8836669921875 -97.23011016845703
v 43.39548110961914 72.8836669921875 -101.52877807617188
v 34.11981582641602 72.8836669921875 -105.00999450683594
v 24.56943511962891 72.8836669921875 -107.64572906494141
v 14.82123756408691 72.8836669921875 -109.41476440429688
v 4.95370721817017 72.8836669921875 -110.30286407470703
v -4.95370721817017 72.8836669921875 -110.30286407470703
v -14.82123756408691 72.8836669921875 -109.41476440429688
v -24.56943511962891 72.8836669921875 -107.64572906494141
v -34.11981582641602 72.8836669921875 -105.00999450683594
v -43.39548110961914 72.8836669921875 -101.52877807617188
v -52.32175445556641 72.8836669921875 -97.23011016845703
v -60.82676315307617 72.8836669921875 -92.14860534667969
v -68.84202575683594 72.8836669921875 -86.32517242431641
v -76.30301666259766 72.8836669921875 -79.80670166015625
v -83.14966583251953 72.8836669921875 -72.64567565917969
v -89.32683563232422 72.8836669921875 -64.89974212646484
v -94.78479766845703 72.8836669921875 -56.63128280639648
v -99.4796142578125 72.8836669921875 -47.90685653686523
v -103.37347412109375 72.8836669921875 -38.79671478271484
v -106.43503570556641 72.8836669921875 -29.37420272827148
v -108.63964080810547 72.8836669921875 -19.71518898010254
v -109.96954345703125 72.8836669921875 -9.89743804931641
v -110.41403961181641 72.8836669921875 -0.00000000000001
v -109.96954345703125 72.8836669921875 9.89743804931641
v -108.63964080810547 72.8836669921875 19.71518898010254
v -106.43503570556641 72.8836669921875 29.37420272827148
v -103.37347412109375 72.8836669921875 38.79671478271484
v -99.4796142578125 72.8836669921875 47.90685653686523
v -94.78479766845703 72.8836669921875 56.63128280639648
v -89.32683563232422 72.8836669921875 64.89974212646484
v -83.14966583251953 72.8836669921875 72.64567565917969
v -76.30301666259766 72.8836669921875 79.80670166015625
v -68.84202575683594 72.8836669921875 86.32517242431641
v -60.82676315307617 72.8836669921875 92.14860534667969
v -52.32175445556641 72.8836669921875 97.23011016845703
v -43.39548110961914 72.8836669921875 101.52877807617188
v -34.11981582641602 72.8836669921875 105.00999450683594
v -24.56943511962891 72.8836669921875 107.64572906494141
v -14.82123756408691 72.8836669921875 109.41476440429688
v -4.95370721817017 72.8836669921875 110.30286407470703
v 4.95370721817017 72.8836669921875 110.30286407470703
v 14.82123756408691 72.8836669921875 109.41476440429688
v 24.56943511962891 72.8836669921875 107.64572906494141
v 34.11981582641602 72.8836669921875 105.00999450683594
v 43.39548110961914 72.8836669921875 101.52877807617188
v 52.32175445556641 72.8836669921875 97.23011016845703
v 60.82676315307617 72.8836669921875 92.14860534667969
v 68.84202575683594 72.8836669921875 86.32517242431641
v 76.30301666259766 72.8836669921875 79.80670166015625
v 83.14966583251953 72.8836669921875 72.64567565917969
v 89.32683563232422 72.8836669921875 64.89974212646484
v 94.78479766845703 72.8836669921875 56.63128280639648
v 99.4796142578125 72.8836669921875 47.90685653686523
v 103.37347412109375 72.8836669921875 38.79671478271484
v 106.43503570556641 72.8836669921875 29.37420272827148
v 108.63964080810547 72.8836669921875 19.71518898010254
v 109.96954345703125 72.8836669921875 9.89743804931641
v 103.43630218505859 82.48770141601562 0
v 103.0198974609375 82.48770141601562 -9.27195930480957
v 101.77404022216797 82.48770141601562 -18.46926498413086
v 99.70875549316406 82.48770141601562 -27.51786804199219
v 96.84067535400391 82.48770141601562 -36.34491348266602
v 93.19289398193359 82.48770141601562 -44.87932968139648
v 88.79476928710938 82.48770141601562 -53.05240631103516
v 83.68173217773438 82.48770141601562 -60.79833602905273
v 77.89492797851562 82.48770141601562 -68.05474853515625
v 71.48096466064453 82.48770141601562 -74.76322937011719
v 64.49147796630859 82.48770141601562 -80.86975860595703
v 56.98274993896484 82.48770141601562 -86.32517242431641
v 49.01522445678711 82.48770141601562 -91.08554840087891
v 40.65305709838867 82.48770141601562 -95.11255645751953
v 31.96357536315918 82.48770141601562 -98.37377166748047
v 23.01674270629883 82.48770141601562 -100.84294128417969
v 13.88459300994873 82.48770141601562 -102.50018310546875
v 4.64065217971802 82.48770141601562 -103.3321533203125
v -4.64065217971802 82.48770141601562 -103.3321533203125
v -13.88459300994873 82.48770141601562 -102.50018310546875
v -23.01674270629883 82.48770141601562 -100.84294128417969
v -31.96357536315918 82.48770141601562 -98.37377166748047
v -40.65305709838867 82.48770141601562 -95.11255645751953
v -49.01522445678711 82.48770141601562 -91.08554840087891
v -56.98274993896484 82.48770141601562 -86.32517242431641
v -64.49147796630859 82.48770141601562 -80.86975860595703
v -71.48096466064453 82.48770141601562 -74.76322937011719
v -77.89492797851562 82.48770141601562 -68.05474853515625
v -83.68173217773438 82.48770141601562 -60.79833602905273
v -88.79476928710938 82.48770141601562 -53.05240631103516
v -93.19289398193359 82.48770141601562 -44.87932968139648
v -96.84067535400391 82.48770141601562 -36.34491348266602
v -99.70875549316406 82.48770141601562 -27.51786804199219
v -101.77404022216797 82.48770141601562 -18.46926498413086
v -103.0198974609375 82.48770141601562 -9.27195930480957
v -103.43630218505859 82.48770141601562 -0.00000000000001
v -103.0198974609375 82.48770141601562 9.27195930480957
v -101.77404022216797 82.48770141601562 18.46926498413086
v -99.70875549316406 82.48770141601562 27.51786804199219
v -96.84067535400391 82.48770141601562 36.34491348266602
v -93.19289398193359 82.48770141601562 44.87932968139648
v -88.79476928710938 82.48770141601562 53.05240631103516
v -83.68173217773438 82.48770141601562 60.79833602905273
v -77.89492797851562 82.48770141601562 68.05474853515625
v -71.48096466064453 82.48770141601562 74.76322937011719
v -64.49147796630859 82.48770141601562 80.86975860595703
v -56.98274993896484 82.48770141601562 86.32517242431641
v -49.01522445678711 82.48770141601562 91.08554840087891
v -40.65305709838867 82.48770141601562 95.11255645751953
v -31.96357536315918 82.48770141601562 98.37377166748047
v -23.01674270629883 82.48770141601562 100.84294128417969
v -13.88459300994873 82.48770141601562 102.50018310546875
v -4.64065217971802 82.48770141601562 103.3321533203125
v 4.64065217971802 82.48770141601562 103.3321533203125
v 13.88459300994873 82.48770141601562 102.50018310546875
v 23.01674270629883 82.48770141601562 100.84294128417969
v 31.96357536315918 82.48770141601562 98.37377166748047
v 40.65305709838867 82.48770141601562 95.11255645751953
v 49.01522445678711 82.48770141601562 91.08554840087891
v 56.98274993896484 82.48770141601562 86.32517242431641
v 64.49147796630859 82.48770141601562 80.86975860595703
v 71.48096466064453 82.48770141601562 74.76322937011719
v 77.89492797851562 82.48770141601562 68.05474853515625
v 83.68173217773438 82.48770141601562 60.79833602905273
v 88.79476928710938 82.48770141601562 53.05240631103516
v 93.19289398193359 82.48770141601562 44.87932968139648
v 96.84067535400391 82.48770141601562 36.34491348266602
v 99.70875549316406 82.48770141601562 27.51786804199219
v 101.77404022216797 82.48770141601562 18.46926498413086
v 103.0198974609375 82.48770141601562 9.27195930480957
v 95.62576293945312 91.42758941650391 0
v 95.24079895019531 91.42758941650391 -8.57182693481445
v 94.08901214599609 91.42758941650391 -17.07463836669922
v 92.17967987060547 91.42758941650391 -25.43997573852539
v 89.52816772460938 91.42758941650391 -33.60048294067383
v 86.15583038330078 91.42758941650391 -41.49046325683594
v 82.08982086181641 91.42758941650391 -49.04638290405273
v 77.36286163330078 91.42758941650391 -56.20741271972656
v 72.01303100585938 91.42758941650391 -62.91588973999023
v 66.08338928222656 91.42758941650391 -69.11780548095703
v 59.62168502807617 91.42758941650391 -74.76322937011719
v 52.6799430847168 91.42758941650391 -79.80670166015625
v 45.31405258178711 91.42758941650391 -84.20761871337891
v 37.58331680297852 91.42758941650391 -87.9305419921875
v 29.54998588562012 91.42758941650391 -90.94550323486328
v 21.27873420715332 91.42758941650391 -93.22822570800781
v 12.83615779876709 91.42758941650391 -94.76032257080078
v 4.29023361206055 91.42758941650391 -95.52947235107422
v -4.29023361206055 91.42758941650391 -95.52947235107422
v -12.83615779876709 91.42758941650391 -94.76032257080078
v -21.27873420715332 91.42758941650391 -93.22822570800781
v -29.54998588562012 91.42758941650391 -90.94550323486328
v -37.58331680297852 91.42758941650391 -87.9305419921875
v -45.31405258178711 91.42758941650391 -84.20761871337891
v -52.6799430847168 91.42758941650391 -79.80670166015625
v -59.62168502807617 91.42758941650391 -74.76322937011719
v -66.08338928222656 91.42758941650391 -69.11780548095703
v -72.01303100585938 91.42758941650391 -62.91588973999023
v -77.36286163330078 91.42758941650391 -56.20741271972656
v -82.08982086181641 91.42758941650391 -49.04638290405273
v -86.15583038330078 91.42758941650391 -41.49046325683594
v -89.52816772460938 91.42758941650391 -33.60048294067383
v -92.17967987060547 91.42758941650391 -25.43997573852539
v -94.08901214599609 91.42758941650391 -17.07463836669922
v -95.24079895019531 91.42758941650391 -8.57182693481445
v -95.62576293945312 91.42758941650391 -0.00000000000001
v -95.24079895019531 91.42758941650391 8.57182693481445
v -94.08901214599609 91.42758941650391 17.07463836669922
v -92.17967987060547 91.42758941650391 25.43997573852539
v -89.52816772460938 91.42758941650391 33.60048294067383
v -86.15583038330078 91.42758941650391 41.49046325683594
v -82.08982086181641 91.42758941650391 49.04638290405273
v -77.36286163330078 91.42758941650391 56.20741271972656
v -72.01303100585938 91.42758941650391 62.91588973999023
v -66.08338928222656 91.42758941650391 69.11780548095703
v -59.62168502807617 91.42758941650391 74.76322937011719
v -52.6799430847168 91.42758941650391 79.80670166015625
v -45.31405258178711 91.42758941650391 84.20761871337891
v -37.58331680297852 91.42758941650391 87.9305419921875
v -29.54998588562012 91.42758941650391 90.94550323486328
v -21.27873420715332 91.42758941650391 93.22822570800781
v -12.83615779876709 91.42758941650391 94.76032257080078
v -4.29023361206055 91.42758941650391 95.52947235107422
v 4.29023361206055 91.42758941650391 95.52947235107422
v 12.83615779876709 91.42758941650391 94.76032257080078
v 21.27873420715332 91.42758941650391 93.22822570800781
v 29.54998588562012 91.42758941650391 90.94550323486328
v 37.58331680297852 91.42758941650391 87.9305419921875
v 45.31405258178711 91.42758941650391 84.20761871337891
v 52.6799430847168 91.42758941650391 79.80670166015625
v 59.62168502807617 91.42758941650391 74.76322937011719
v 66.08338928222656 91.42758941650391 69.11780548095703
v 72.01303100585938 91.42758941650391 62.91588973999023
v 77.36286163330078 91.42758941650391 56.20741271972656
v 82.08982086181641 91.42758941650391 49.04638290405273
v 86.15583038330078 91.42758941650391 41.49046325683594
v 89.52816772460938 91.42758941650391 33.60048294067383
v 92.17967987060547 91.42758941650391 25.43997573852539
v 94.08901214599609 91.42758941650391 17.07463836669922
v 95.24079895019531 91.42758941650391 8.57182693481445
v 87.04529571533203 99.63135528564453 0
v 86.69487762451172 99.63135528564453 -7.80268001556396
v 85.64643859863281 99.63135528564453 -15.54253768920898
v 83.90843200683594 99.63135528564453 -23.15725517272949
v 81.49484252929688 99.63135528564453 -30.58552551269531
v 78.42510223388672 99.63135528564453 -37.76753616333008
v 74.72393035888672 99.63135528564453 -44.64546966552734
v 70.42111968994141 99.63135528564453 -51.1639404296875
v 65.55132293701172 99.63135528564453 -57.27046966552734
v 60.15375137329102 99.63135528564453 -62.91588973999023
v 54.27185440063477 99.63135528564453 -68.05474853515625
v 47.95298767089844 99.63135528564453 -72.64567565917969
v 41.2480354309082 99.63135528564453 -76.65169525146484
v 34.21097946166992 99.63135528564453 -80.04056549072266
v 26.89847564697266 99.63135528564453 -82.78499603271484
v 19.36940002441406 99.63135528564453 -84.86288452148438
v 11.68437385559082 99.63135528564453 -86.25751495361328
v 3.9052722454071 99.63135528564453 -86.9576416015625
v -3.9052722454071 99.63135528564453 -86.9576416015625
v -11.68437385559082 99.63135528564453 -86.25751495361328
v -19.36940002441406 99.63135528564453 -84.86288452148438
v -26.89847564697266 99.63135528564453 -82.78499603271484
v -34.21097946166992 99.63135528564453 -80.04056549072266
v -41.2480354309082 99.63135528564453 -76.65169525146484
v -47.95298767089844 99.63135528564453 -72.64567565917969
v -54.27185440063477 99.63135528564453 -68.05474853515625
v -60.15375137329102 99.63135528564453 -62.91588973999023
v -65.55132293701172 99.63135528564453 -57.27046966552734
v -70.42111968994141 99.63135528564453 -51.1639404296875
v -74.72393035888672 99.63135528564453 -44.64546966552734
v -78.42510223388672 99.63135528564453 -37.76753616333008
v -81.49484252929688 99.63135528564453 -30.58552551269531
v -83.90843200683594 99.63135528564453 -23.15725517272949
v -85.64643859863281 99.63135528564453 -15.54253768920898
v -86.69487762451172 99.63135528564453 -7.80268001556396
v -87.04529571533203 99.63135528564453 -0.00000000000001
v -86.69487762451172 99.63135528564453 7.80268001556396
v -85.64643859863281 99.63135528564453 15.54253768920898
v -83.90843200683594 99.63135528564453 23.15725517272949
v -81.49484252929688 99.63135528564453 30.58552551269531
v -78.42510223388672 99.63135528564453 37.76753616333008
v -74.72393035888672 99.63135528564453 44.64546966552734
v -70.42111968994141 99.63135528564453 51.1639404296875
v -65.55132293701172 99.63135528564453 57.27046966552734
v -60.15375137329102 99.63135528564453 62.91588973999023
v -54.27185440063477 99.63135528564453 68.05474853515625
v -47.95298767089844 99.63135528564453 72.64567565917969
v -41.2480354309082 99.63135528564453 76.65169525146484
v -34.21097946166992 99.63135528564453 80.04056549072266
v -26.89847564697266 99.63135528564453 82.78499603271484
v -19.36940002441406 99.63135528564453 84.86288452148438
v -11.68437385559082 99.63135528564453 86.25751495361328
v -3.9052722454071 99.63135528564453 86.9576416015625
v 3.9052722454071 99.63135528564453 86.9576416015625
v 11.68437385559082 99.63135528564453 86.25751495361328
v 19.36940002441406 99.63135528564453 84.86288452148438
v 26.89847564697266 99.63135528564453 82.78499603271484
v 34.21097946166992 99.63135528564453 80.04056549072266
v 41.2480354309082 99.63135528564453 76.65169525146484
v 47.95298767089844 99.63135528564453 72.64567565917969
v 54.27185440063477 99.63135528564453 68.05474853515625
v 60.15375137329102 99.63135528564453 62.91588973999023
v 65.55132293701172 99.63135528564453 57.27046966552734
v 70.42111968994141 99.63135528564453 51.1639404296875
v 74.72393035888672 99.63135528564453 44.64546966552734
v 78.42510223388672 99.63135528564453 37.76753616333008
v 81.49484252929688 99.63135528564453 30.58552551269531
v 83.90843200683594 99.63135528564453 23.15725517272949
v 85.64643859863281 99.63135528564453 15.54253768920898
v 86.69487762451172 99.63135528564453 7.80268001556396
v 77.76399230957031 107.03295135498047 0
v 77.45093536376953 107.03295135498047 -6.97071027755737
v 76.51428985595703 107.03295135498047 -13.88529682159424
v 74.96159362792969 107.03295135498047 -20.68808555603027
v 72.80535888671875 107.03295135498047 -27.32430839538574
v 70.06293487548828 107.03295135498047 -33.74053192138672
v 66.75640106201172 107.03295135498047 -39.88509368896484
v 62.91238784790039 107.03295135498047 -45.70852661132812
v 58.56184005737305 107.03295135498047 -51.1639404296875
v 53.73978805541992 107.03295135498047 -56.20741271972656
v 48.48505401611328 107.03295135498047 -60.79833602905273
v 42.83994674682617 107.03295135498047 -64.89974212646484
v 36.84991836547852 107.03295135498047 -68.47862243652344
v 30.56319427490234 107.03295135498047 -71.50614929199219
v 24.03039360046387 107.03295135498047 -73.95794677734375
v 17.30411529541016 107.03295135498047 -75.81428527832031
v 10.43851375579834 107.03295135498047 -77.06020355224609
v 3.48886823654175 107.03295135498047 -77.68568420410156
v -3.48886823654175 107.03295135498047 -77.68568420410156
v -10.43851375579834 107.03295135498047 -77.06020355224609
v -17.30411529541016 107.03295135498047 -75.81428527832031
v -24.03039360046387 107.03295135498047 -73.95794677734375
v -30.56319427490234 107.03295135498047 -71.50614929199219
v -36.84991836547852 107.03295135498047 -68.47862243652344
v -42.83994674682617 107.03295135498047 -64.89974212646484
v -48.48505401611328 107.03295135498047 -60.79833602905273
v -53.73978805541992 107.03295135498047 -56.20741271972656
v -58.56184005737305 107.03295135498047 -51.1639404296875
v -62.91238784790039 107.03295135498047 -45.70852661132812
v -66.75640106201172 107.03295135498047 -39.88509368896484
v -70.06293487548828 107.03295135498047 -33.74053192138672
v -72.80535888671875 107.03295135498047 -27.32430839538574
v -74.96159362792969 107.03295135498047 -20.68808555603027
v -76.51428985595703 107.03295135498047 -13.88529682159424
v -77.45093536376953 107.03295135498047 -6.97071027755737
v -77.76399230957031 107.03295135498047 -0.00000000000001
v -77.45093536376953 107.03295135498047 6.97071027755737
v -76.51428985595703 107.03295135498047 13.88529682159424
v -74.96159362792969 107.03295135498047 20.68808555603027
v -72.80535888671875 107.03295135498047 27.32430839538574
v -70.06293487548828 107.03295135498047 33.74053192138672
v -66.75640106201172 107.03295135498047 39.88509368896484
v -62.91238784790039 107.03295135498047 45.70852661132812
v -58.56184005737305 107.03295135498047 51.1639404296875
v -53.73978805541992 107.03295135498047 56.20741271972656
v -48.48505401611328 107.03295135498047 60.79833602905273
v -42.83994674682617 107.03295135498047 64.89974212646484
v -36.84991836547852 107.03295135498047 68.47862243652344
v -30.56319427490234 107.03295135498047 71.50614929199219
v -24.03039360046387 107.03295135498047 73.95794677734375
v -17.30411529541016 107.03295135498047 75.81428527832031
v -10.43851375579834 107.03295135498047 77.06020355224609
v -3.48886823654175 107.03295135498047 77.68568420410156
v 3.48886823654175 107.03295135498047 77.68568420410156
v 10.43851375579834 107.03295135498047 77.06020355224609
v 17.30411529541016 107.03295135498047 75.81428527832031
v 24.03039360046387 107.03295135498047 73.95794677734375
v 30.56319427490234 107.03295135498047 71.50614929199219
v 36.84991836547852 107.03295135498047 68.47862243652344
v 42.83994674682617 107.03295135498047 64.89974212646484
v 48.48505401611328 107.03295135498047 60.79833602905273
v 53.73978805541992 107.03295135498047 56.20741271972656
v 58.56184005737305 107.03295135498047 51.1639404296875
v 62.91238784790039 107.03295135498047 45.70852661132812
v 66.75640106201172 107.03295135498047 39.88509368896484
v 70.06293487548828 107.03295135498047 33.74053192138672
v 72.80535888671875 107.03295135498047 27.32430839538574
v 74.96159362792969 107.03295135498047 20.68808555603027
v 76.51428985595703 107.03295135498047 13.88529682159424
v 77.45093536376953 107.03295135498047 6.97071027755737
v 67.85657501220703 113.57277679443359 0
v 67.58340454101562 113.57277679443359 -6.08261632919312
v 66.76609039306641 113.57277679443359 -12.11625957489014
v 65.41121673583984 113.57277679443359 -18.05234909057617
v 63.52968978881836 113.57277679443359 -23.84309196472168
v 61.13666152954102 113.57277679443359 -29.44186401367188
v 58.25139617919922 113.57277679443359 -34.8035888671875
v 54.89712142944336 113.57277679443359 -39.88509368896484
v 51.10084915161133 113.57277679443359 -44.64546966552734
v 46.89314270019531 113.57277679443359 -49.04638290405273
v 42.30788040161133 113.57277679443359 -53.05240631103516
v 37.38198089599609 113.57277679443359 -56.63128280639648
v 32.15510559082031 113.57277679443359 -59.75419616699219
v 26.66933250427246 113.57277679443359 -62.39600372314453
v 20.96883392333984 113.57277679443359 -64.53543853759766
v 15.09950828552246 113.57277679443359 -66.15526580810547
v 9.10860919952393 113.57277679443359 -67.24245452880859
v 3.04437375068665 113.57277679443359 -67.78824615478516
v -3.04437375068665 113.57277679443359 -67.78824615478516
v -9.10860919952393 113.57277679443359 -67.24245452880859
v -15.09950828552246 113.57277679443359 -66.15526580810547
v -20.96883392333984 113.57277679443359 -64.53543853759766
v -26.66933250427246 113.57277679443359 -62.39600372314453
v -32.15510559082031 113.57277679443359 -59.75419616699219
v -37.38198089599609 113.57277679443359 -56.63128280639648
v -42.30788040161133 113.57277679443359 -53.05240631103516
v -46.89314270019531 113.57277679443359 -49.04638290405273
v -51.10084915161133 113.57277679443359 -44.64546966552734
v -54.89712142944336 113.57277679443359 -39.88509368896484
v -58.25139617919922 113.57277679443359 -34.8035888671875
v -61.13666152954102 113.57277679443359 -29.44186401367188
v -63.52968978881836 113.57277679443359 -23.84309196472168
v -65.41121673583984 113.57277679443359 -18.05234909057617
v -66.76609039306641 113.57277679443359 -12.11625957489014
v -67.58340454101562 113.57277679443359 -6.08261632919312
v -67.85657501220703 113.57277679443359 -0.00000000000001
v -67.58340454101562 113.57277679443359 6.08261632919312
v -66.76609039306641 113.57277679443359 12.11625957489014
v -65.41121673583984 113.57277679443359 18.05234909057617
v -63.52968978881836 113.57277679443359 23.84309196472168
v -61.13666152954102 113.57277679443359 29.44186401367188
v -58.25139617919922 113.57277679443359 34.8035888671875
v -54.89712142944336 113.57277679443359 39.88509368896484
v -51.10084915161133 113.57277679443359 44.64546966552734
v -46.89314270019531 113.57277679443359 49.04638290405273
v -42.30788040161133 113.57277679443359 53.05240631103516
v -37.38198089599609 113.57277679443359 56.63128280639648
v -32.15510559082031 113.57277679443359 59.75419616699219
v -26.66933250427246 113.57277679443359 62.39600372314453
v -20.96883392333984 113.57277679443359 64.53543853759766
v -15.09950828552246 113.57277679443359 66.15526580810547
v -9.10860919952393 113.57277679443359 67.24245452880859
v -3.04437375068665 113.57277679443359 67.78824615478516
v 3.04437375068665 113.57277679443359 67.78824615478516
v 9.10860919952393 113.57277679443359 67.24245452880859
v 15.09950828552246 113.57277679443359 66.15526580810547
v 20.96883392333984 113.57277679443359 64.53543853759766
v 26.66933250427246 113.57277679443359 62.39600372314453
v 32.15510559082031 113.57277679443359 59.75419616699219
v 37.38198089599609 113.57277679443359 56.63128280639648
v 42.30788040161133 113.57277679443359 53.05240631103516
v 46.89314270019531 113.57277679443359 49.04638290405273
v 51.10084915161133 113.57277679443359 44.64546966552734
v 54.89712142944336 113.57277679443359 39.88509368896484
v 58.25139617919922 113.57277679443359 34.8035888671875
v 61.13666152954102 113.57277679443359 29.44186401367188
v 63.52968978881836 113.57277679443359 23.84309196472168
v 65.41121673583984 113.57277679443359 18.05234909057617
v 66.76609039306641 113.57277679443359 12.11625957489014
v 67.58340454101562 113.57277679443359 6.08261632919312
v 57.4028205871582 119.19818115234375 0
v 57.17173004150391 119.19818115234375 -5.14554882049561
v 56.48033142089844 119.19818115234375 -10.24966907501221
v 55.33418655395508 119.19818115234375 -15.27126502990723
v 53.74251937866211 119.19818115234375 -20.1699047088623
v 51.7181510925293 119.19818115234375 -24.90614891052246
v 49.27738189697266 119.19818115234375 -29.44186401367188
v 46.43985748291016 119.19818115234375 -33.74053192138672
v 43.22842407226562 119.19818115234375 -37.76753616333008
v 39.6689453125 119.19818115234375 -41.49046325683594
v 35.79007339477539 119.19818115234375 -44.87932968139648
v 31.62303924560547 119.19818115234375 -47.90685653686523
v 27.20139694213867 119.19818115234375 -50.54866409301758
v 22.56074523925781 119.19818115234375 -52.78348541259766
v 17.73844718933105 119.19818115234375 -54.59332656860352
v 12.77332878112793 119.19818115234375 -55.9636116027832
v 7.70536804199219 119.19818115234375 -56.88330841064453
v 2.57536768913269 119.19818115234375 -57.34501647949219
v -2.57536768913269 119.19818115234375 -57.34501647949219
v -7.70536804199219 119.19818115234375 -56.88330841064453
v -12.77332878112793 119.19818115234375 -55.9636116027832
v -17.73844718933105 119.19818115234375 -54.59332656860352
v -22.56074523925781 119.19818115234375 -52.78348541259766
v -27.20139694213867 119.19818115234375 -50.54866409301758
v -31.62303924560547 119.19818115234375 -47.90685653686523
v -35.79007339477539 119.19818115234375 -44.87932968139648
v -39.6689453125 119.19818115234375 -41.49046325683594
v -43.22842407226562 119.19818115234375 -37.76753616333008
v -46.43985748291016 119.19818115234375 -33.74053192138672
v -49.27738189697266 119.19818115234375 -29.44186401367188
v -51.7181510925293 119.19818115234375 -24.90614891052246
v -53.74251937866211 119.19818115234375 -20.1699047088623
v -55.33418655395508 119.19818115234375 -15.27126502990723
v -56.48033142089844 119.19818115234375 -10.24966907501221
v -57.17173004150391 119.19818115234375 -5.14554882049561
v -57.4028205871582 119.19818115234375 -0.00000000000001
v -57.17173004150391 119.19818115234375 5.14554882049561
v -56.48033142089844 119.19818115234375 10.24966907501221
v -55.33418655395508 119.19818115234375 15.27126502990723
v -53.74251937866211 119.19818115234375 20.1699047088623
v -51.7181510925293 119.19818115234375 24.90614891052246
v -49.27738189697266 119.19818115234375 29.44186401367188
v -46.43985748291016 119.19818115234375 33.74053192138672
v -43.22842407226562 119.19818115234375 37.76753616333008
v -39.6689453125 119.19818115234375 41.49046325683594
v -35.79007339477539 119.19818115234375 44.87932968139648
v -31.62303924560547 119.19818115234375 47.90685653686523
v -27.20139694213867 119.19818115234375 50.54866409301758
v -22.56074523925781 119.19818115234375 52.78348541259766
v -17.73844718933105 119.19818115234375 54.59332656860352
v -12.77332878112793 119.19818115234375 55.9636116027832
v -7.70536804199219 119.19818115234375 56.88330841064453
v -2.57536768913269 119.19818115234375 57.34501647949219
v 2.57536768913269 119.19818115234375 57.34501647949219
v 7.70536804199219 119.19818115234375 56.88330841064453
v 12.77332878112793 119.19818115234375 55.9636116027832
v 17.73844718933105 119.19818115234375 54.59332656860352
v 22.56074523925781 119.19818115234375 52.78348541259766
v 27.20139694213867 119.19818115234375 50.54866409301758
v 31.62303924560547 119.19818115234375 47.90685653686523
v 35.79007339477539 119.19818115234375 44.87932968139648
v 39.6689453125 119.19818115234375 41.49046325683594
v 43.22842407226562 119.19818115234375 37.76753616333008
v 46.43985748291016 119.19818115234375 33.74053192138672
v 49.27738189697266 119.19818115234375 29.44186401367188
v 51.7181510925293 119.19818115234375 24.90614891052246
v 53.74251937866211 119.19818115234375 20.1699047088623
v 55.33418655395508 119.19818115234375 15.27126502990723
v 56.48033142089844 119.19818115234375 10.24966907501221
v 57.17173004150391 119.19818115234375 5.14554882049561
v 46.48688888549805 123.86387634277344 0
v 46.29974746704102 123.86387634277344 -4.16705274581909
v 45.73982620239258 123.86387634277344 -8.3005542755127
v 44.8116340637207 123.86387634277344 -12.36722564697266
v 43.52264785766602 123.86387634277344 -16.33432197570801
v 41.88323974609375 123.86387634277344 -20.1699047088623
v 39.90661239624023 123.86387634277344 -23.84309196472168
v 37.60868453979492 123.86387634277344 -27.32430839538574
v 35.00794982910156 123.86387634277344 -30.58552551269531
v 32.12535095214844 123.86387634277344 -33.60048294067383
v 28.98410224914551 123.86387634277344 -36.34491348266602
v 25.60948753356934 123.86387634277344 -38.79671478271484
v 22.0286808013916 123.86387634277344 -40.9361457824707
v 18.27051162719727 123.86387634277344 -42.74598693847656
v 14.36523914337158 123.86387634277344 -44.2116584777832
v 10.34430599212646 123.86387634277344 -45.32136535644531
v 6.24008703231812 123.86387634277344 -46.0661735534668
v 2.08562636375427 123.86387634277344 -46.44007873535156
v -2.08562636375427 123.86387634277344 -46.44007873535156
v -6.24008703231812 123.86387634277344 -46.0661735534668
v -10.34430599212646 123.86387634277344 -45.32136535644531
v -14.36523914337158 123.86387634277344 -44.2116584777832
v -18.27051162719727 123.86387634277344 -42.74598693847656
v -22.0286808013916 123.86387634277344 -40.9361457824707
v -25.60948753356934 123.86387634277344 -38.79671478271484
v -28.98410224914551 123.86387634277344 -36.34491348266602
v -32.12535095214844 123.86387634277344 -33.60048294067383
v -35.00794982910156 123.86387634277344 -30.58552551269531
v -37.60868453979492 123.86387634277344 -27.32430839538574
v -39.90661239624023 123.86387634277344 -23.84309196472168
v -41.88323974609375 123.86387634277344 -20.1699047088623
v -43.52264785766602 123.86387634277344 -16.33432197570801
v -44.8116340637207 123.86387634277344 -12.36722564697266
v -45.73982620239258 123.86387634277344 -8.3005542755127
v -46.29974746704102 123.86387634277344 -4.16705274581909
v -46.48688888549805 123.86387634277344 -0.00000000000001
v -46.29974746704102 123.86387634277344 4.16705274581909
v -45.73982620239258 123.86387634277344 8.3005542755127
v -44.8116340637207 123.86387634277344 12.36722564697266
v -43.52264785766602 123.86387634277344 16.33432197570801
v -41.88323974609375 123.86387634277344 20.1699047088623
v -39.90661239624023 123.86387634277344 23.84309196472168
v -37.60868453979492 123.86387634277344 27.32430839538574
v -35.00794982910156 123.86387634277344 30.58552551269531
v -32.12535095214844 123.86387634277344 33.60048294067383
v -28.98410224914551 123.86387634277344 36.34491348266602
v -25.60948753356934 123.86387634277344 38.79671478271484
v -22.0286808013916 123.86387634277344 40.9361457824707
v -18.27051162719727 123.86387634277344 42.74598693847656
v -14.36523914337158 123.86387634277344 44.2116584777832
v -10.34430599212646 123.86387634277344 45.32136535644531
v -6.24008703231812 123.86387634277344 46.0661735534668
v -2.08562636375427 123.86387634277344 46.44007873535156
v 2.08562636375427 123.86387634277344 46.44007873535156
v 6.24008703231812 123.86387634277344 46.0661735534668
v 10.34430599212646 123.86387634277344 45.32136535644531
v 14.36523914337158 123.86387634277344 44.2116584777832
v 18.27051162719727 123.86387634277344 42.74598693847656
v 22.0286808013916 123.86387634277344 40.9361457824707
v 25.60948753356934 123.86387634277344 38.79671478271484
v 28.98410224914551 123.86387634277344 36.34491348266602
v 32.12535095214844 123.86387634277344 33.60048294067383
v 35.00794982910156 123.86387634277344 30.58552551269531
v 37.60868453979492 123.86387634277344 27.32430839538574
v 39.90661239624023 123.86387634277344 23.84309196472168
v 41.88323974609375 123.86387634277344 20.1699047088623
v 43.52264785766602 123.86387634277344 16.33432197570801
v 44.8116340637207 123.86387634277344 12.36722564697266
v 45.73982620239258 123.86387634277344 8.3005542755127
v 46.29974746704102 123.86387634277344 4.16705274581909
v 35.19667434692383 127.53228759765625 0
v 35.05498504638672 127.53228759765625 -3.15500569343567
v 34.63105010986328 127.53228759765625 -6.28460884094238
v 33.92828750610352 127.53228759765625 -9.36361217498779
v 32.95235443115234 127.53228759765625 -12.36722564697266
v 31.71110725402832 127.53228759765625 -15.27126502990723
v 30.21454238891602 127.53228759765625 -18.05234909057617
v 28.47470855712891 127.53228759765625 -20.68808555603027
v 26.50561141967773 127.53228759765625 -23.15725517272949
v 24.32310676574707 127.53228759765625 -25.43997573852539
v 21.94476699829102 127.53228759765625 -27.51786804199219
v 19.38974189758301 127.53228759765625 -29.37420272827148
v 16.6786003112793 127.53228759765625 -30.99403381347656
v 13.83317375183105 127.53228759765625 -32.36431884765625
v 10.87637042999268 127.53228759765625 -33.47402572631836
v 7.83199691772461 127.53228759765625 -34.3142204284668
v 4.72456455230713 127.53228759765625 -34.87813568115234
v 1.57909286022186 127.53228759765625 -35.16123580932617
v -1.57909286022186 127.53228759765625 -35.16123580932617
v -4.72456455230713 127.53228759765625 -34.87813568115234
v -7.83199691772461 127.53228759765625 -34.3142204284668
v -10.87637042999268 127.53228759765625 -33.47402572631836
v -13.83317375183105 127.53228759765625 -32.36431884765625
v -16.6786003112793 127.53228759765625 -30.99403381347656
v -19.38974189758301 127.53228759765625 -29.37420272827148
v -21.94476699829102 127.53228759765625 -27.51786804199219
v -24.32310676574707 127.53228759765625 -25.43997573852539
v -26.50561141967773 127.53228759765625 -23.15725517272949
v -28.47470855712891 127.53228759765625 -20.68808555603027
v -30.21454238891602 127.53228759765625 -18.05234909057617
v -31.71110725402832 127.53228759765625 -15.27126502990723
v -32.95235443115234 127.53228759765625 -12.36722564697266
v -33.92828750610352 127.53228759765625 -9.36361217498779
v -34.63105010986328 127.53228759765625 -6.28460884094238
v -35.05498504638672 127.53228759765625 -3.15500569343567
v -35.19667434692383 127.53228759765625 0
v -35.05498504638672 127.53228759765625 3.15500569343567
v -34.63105010986328 127.53228759765625 6.28460884094238
v -33.92828750610352 127.53228759765625 9.36361217498779
v -32.95235443115234 127.53228759765625 12.36722564697266
v -31.71110725402832 127.53228759765625 15.27126502990723
v -30.21454238891602 127.53228759765625 18.05234909057617
v -28.47470855712891 127.53228759765625 20.68808555603027
v -26.50561141967773 127.53228759765625 23.15725517272949
v -24.32310676574707 127.53228759765625 25.43997573852539
v -21.94476699829102 127.53228759765625 27.51786804199219
v -19.38974189758301 127.53228759765625 29.37420272827148
v -16.6786003112793 127.53228759765625 30.99403381347656
v -13.83317375183105 127.53228759765625 32.36431884765625
v -10.87637042999268 127.53228759765625 33.47402572631836
v -7.83199691772461 127.53228759765625 34.3142204284668
v -4.72456455230713 127.53228759765625 34.87813568115234
v -1.57909286022186 127.53228759765625 35.16123580932617
v 1.57909286022186 127.53228759765625 35.16123580932617
v 4.72456455230713 127.53228759765625 34.87813568115234
v 7.83199691772461 127.53228759765625 34.3142204284668
v 10.87637042999268 127.53228759765625 33.47402572631836
v 13.83317375183105 127.53228759765625 32.36431884765625
v 16.6786003112793 127.53228759765625 30.99403381347656
v 19.38974189758301 127.53228759765625 29.37420272827148
v 21.94476699829102 127.53228759765625 27.51786804199219
v 24.32310676574707 127.53228759765625 25.43997573852539
v 26.50561141967773 127.53228759765625 23.15725517272949
v 28.47470855712891 127.53228759765625 20.68808555603027
v 30.21454238891602 127.53228759765625 18.05234909057617
v 31.71110725402832 127.53228759765625 15.27126502990723
v 32.95235443115234 127.53228759765625 12.36722564697266
v 33.92828750610352 127.53228759765625 9.36361217498779
v 34.63105010986328 127.53228759765625 6.28460884094238
v 35.05498504638672 127.53228759765625 3.15500569343567
v 23.62307739257812 130.17388916015625 0
v 23.52797698974609 130.17388916015625 -2.11755633354187
v 23.24344444274902 130.17388916015625 -4.21806335449219
v 22.77176856994629 130.17388916015625 -6.28460884094238
v 22.11674880981445 130.17388916015625 -8.3005542755127
v 21.28365707397461 130.17388916015625 -10.24966907501221
v 20.27920150756836 130.17388916015625 -12.11625957489014
v 19.11147117614746 130.17388916015625 -13.88529682159424
v 17.78986549377441 130.17388916015625 -15.54253768920898
v 16.32502555847168 130.17388916015625 -17.07463836669922
v 14.72874736785889 130.17388916015625 -18.46926498413086
v 13.01388168334961 130.17388916015625 -19.71518898010254
v 11.19423580169678 130.17388916015625 -20.80237579345703
v 9.28446102142334 130.17388916015625 -21.72207641601562
v 7.2999324798584 130.17388916015625 -22.46688079833984
v 5.25662899017334 130.17388916015625 -23.03079795837402
v 3.17100286483765 130.17388916015625 -23.40928268432617
v 1.05984532833099 130.17388916015625 -23.59929084777832
v -1.05984532833099 130.17388916015625 -23.59929084777832
v -3.17100286483765 130.17388916015625 -23.40928268432617
v -5.25662899017334 130.17388916015625 -23.03079795837402
v -7.2999324798584 130.17388916015625 -22.46688079833984
v -9.28446102142334 130.17388916015625 -21.72207641601562
v -11.19423580169678 130.17388916015625 -20.80237579345703
v -13.01388168334961 130.17388916015625 -19.71518898010254
v -14.72874736785889 130.17388916015625 -18.46926498413086
v -16.32502555847168 130.17388916015625 -17.07463836669922
v -17.78986549377441 130.17388916015625 -15.54253768920898
v -19.11147117614746 130.17388916015625 -13.88529682159424
v -20.27920150756836 130.17388916015625 -12.11625957489014
v -21.28365707397461 130.17388916015625 -10.24966907501221
v -22.11674880981445 130.17388916015625 -8.3005542755127
v -22.77176856994629 130.17388916015625 -6.28460884094238
v -23.24344444274902 130.17388916015625 -4.21806335449219
v -23.52797698974609 130.17388916015625 -2.11755633354187
v -23.62307739257812 130.17388916015625 0
v -23.52797698974609 130.17388916015625 2.11755633354187
v -23.24344444274902 130.17388916015625 4.21806335449219
v -22.77176856994629 130.17388916015625 6.28460884094238
v -22.11674880981445 130.17388916015625 8.3005542755127
v -21.28365707397461 130.17388916015625 10.24966907501221
v -20.27920150756836 130.17388916015625 12.11625957489014
v -19.11147117614746 130.17388916015625 13.88529682159424
v -17.78986549377441 130.17388916015625 15.54253768920898
v -16.32502555847168 130.17388916015625 17.07463836669922
v -14.72874736785889 130.17388916015625 18.46926498413086
v -13.01388168334961 130.17388916015625 19.71518898010254
v -11.19423580169678 130.17388916015625 20.80237579345703
v -9.28446102142334 130.17388916015625 21.72207641601562
v -7.2999324798584 130.17388916015625 22.46688079833984
v -5.25662899017334 130.17388916015625 23.03079795837402
v -3.17100286483765 130.17388916015625 23.40928268432617
v -1.05984532833099 130.17388916015625 23.59929084777832
v 1.05984532833099 130.17388916015625 23.59929084777832
v 3.17100286483765 130.17388916015625 23.40928268432617
v 5.25662899017334 130.17388916015625 23.03079795837402
v 7.2999324798584 130.17388916015625 22.46688079833984
v 9.28446102142334 130.17388916015625 21.72207641601562
v 11.19423580169678 130.17388916015625 20.80237579345703
v 13.01388168334961 130.17388916015625 19.71518898010254
v 14.72874736785889 130.17388916015625 18.46926498413086
v 16.32502555847168 130.17388916015625 17.07463836669922
v 17.78986549377441 130.17388916015625 15.54253768920898
v 19.11147117614746 130.17388916015625 13.88529682159424
v 20.27920150756836 130.17388916015625 12.11625957489014
v 21.28365707397461 130.17388916015625 10.24966907501221
v 22.11674880981445 130.17388916015625 8.3005542755127
v 22.77176856994629 130.17388916015625 6.28460884094238
v 23.24344444274902 130.17388916015625 4.21806335449219
v 23.52797698974609 130.17388916015625 2.11755633354187
v 11.85928058624268 131.76739501953125 0
v 11.81153869628906 131.76739501953125 -1.06305766105652
v 11.66869735717773 131.76739501953125 -2.11755633354187
v 11.43190574645996 131.76739501953125 -3.15500569343567
v 11.10307216644287 131.76739501953125 -4.16705274581909
v 10.68484306335449 131.76739501953125 -5.14554882049561
v 10.18058490753174 131.76739501953125 -6.08261632919312
v 9.59435939788818 131.76739501953125 -6.97071027755737
v 8.93088626861572 131.76739501953125 -7.80268001556396
v 8.19550609588623 131.76739501953125 -8.57182693481445
v 7.39414072036743 131.76739501953125 -9.27195930480957
v 6.53324174880981 131.76739501953125 -9.89743804931641
v 5.61974143981934 131.76739501953125 -10.44322967529297
v 4.66099405288696 131.76739501953125 -10.90493774414062
v 3.66471934318542 131.76739501953125 -11.27884578704834
v 2.63893818855286 131.76739501953125 -11.56194400787354
v 1.59191000461578 131.76739501953125 -11.75195121765137
v 0.53206461668015 131.76739501953125 -11.84733867645264
v -0.53206461668015 131.76739501953125 -11.84733867645264
v -1.59191000461578 131.76739501953125 -11.75195121765137
v -2.63893818855286 131.76739501953125 -11.56194400787354
v -3.66471934318542 131.76739501953125 -11.27884578704834
v -4.66099405288696 131.76739501953125 -10.90493774414062
v -5.61974143981934 131.76739501953125 -10.44322967529297
v -6.53324174880981 131.76739501953125 -9.89743804931641
v -7.39414072036743 131.76739501953125 -9.27195930480957
v -8.19550609588623 131.76739501953125 -8.57182693481445
v -8.93088626861572 131.76739501953125 -7.80268001556396
v -9.59435939788818 131.76739501953125 -6.97071027755737
v -10.18058490753174 131.76739501953125 -6.08261632919312
v -10.68484306335449 131.76739501953125 -5.14554882049561
v -11.10307216644287 131.76739501953125 -4.16705274581909
v -11.43190574645996 131.76739501953125 -3.15500569343567
v -11.66869735717773 131.76739501953125 -2.11755633354187
v -11.81153869628906 131.76739501953125 -1.06305766105652
v -11.85928058624268 131.76739501953125 0
v -11.81153869628906 131.76739501953125 1.06305766105652
v -11.66869735717773 131.76739501953125 2.11755633354187
v -11.43190574645996 131.76739501953125 3.15500569343567
v -11.10307216644287 131.76739501953125 4.16705274581909
v -10.68484306335449 131.76739501953125 5.14554882049561
v -10.18058490753174 131.76739501953125 6.08261632919312
v -9.59435939788818 131.76739501953125 6.97071027755737
v -8.93088626861572 131.76739501953125 7.80268001556396
v -8.19550609588623 131.76739501953125 8.57182693481445
v -7.39414072036743 131.76739501953125 9.27195930480957
v -6.53324174880981 131.76739501953125 9.89743804931641
v -5.61974143981934 131.76739501953125 10.44322967529297
v -4.66099405288696 131.76739501953125 10.90493774414062
v -3.66471934318542 131.76739501953125 11.27884578704834
v -2.63893818855286 131.76739501953125 11.56194400787354
v -1.59191000461578 131.76739501953125 11.75195121765137
v -0.53206461668015 131.76739501953125 11.84733867645264
v 0.53206461668015 131.76739501953125 11.84733867645264
v 1.59191000461578 131.76739501953125 11.75195121765137
v 2.63893818855286 131.76739501953125 11.56194400787354
v 3.66471934318542 131.76739501953125 11.27884578704834
v 4.66099405288696 131.76739501953125 10.90493774414062
v 5.61974143981934 131.76739501953125 10.44322967529297
v 6.53324174880981 131.76739501953125 9.89743804931641
v 7.39414072036743 131.76739501953125 9.27195930480957
v 8.19550609588623 131.76739501953125 8.57182693481445
v 8.93088626861572 131.76739501953125 7.80268001556396
v 9.59435939788818 131.76739501953125 6.97071027755737
v 10.18058490753174 131.76739501953125 6.08261632919312
v 10.68484306335449 131.76739501953125 5.14554882049561
v 11.10307216644287 131.76739501953125 4.16705274581909
v 11.43190574645996 131.76739501953125 3.15500569343567
v 11.66869735717773 131.76739501953125 2.11755633354187
v 11.81153869628906 131.76739501953125 1.06305766105652
# 2382 vertices

vn 0.08963874727488 -0.99597436189651 -0.00000001742181
vn 0.17855598032475 -0.98392975330353 -0.000000009556
vn 0.17783716320992 -0.98392975330353 -0.01600564271212
vn 0.08927801996469 -0.99597436189651 -0.00803517643362
vn 0.17568650841713 -0.98392975330353 -0.03188242763281
vn 0.08819834887981 -0.99597430229187 -0.01600566133857
vn 0.1721213310957 -0.98392975330353 -0.04750246927142
vn 0.0864085406065 -0.99597436189651 -0.02384725026786
vn 0.16717034578323 -0.98392975330353 -0.06274005025625
vn 0.08392304182053 -0.99597436189651 -0.03149681910872
vn 0.16087338328362 -0.98392975330353 -0.07747254520655
vn 0.08076184242964 -0.99597430229187 -0.03889286145568
vn 0.1532811820507 -0.98392975330353 -0.09158121794462
vn 0.07695039361715 -0.99597430229187 -0.04597572237253
vn 0.14445482194424 -0.98392975330353 -0.10495257377625
vn 0.07251937687397 -0.99597436189651 -0.05268839374185
vn 0.13446541130543 -0.98392975330353 -0.11747892946005
vn 0.06750447303057 -0.99597430229187 -0.05897691100836
vn 0.12339335680008 -0.98392975330353 -0.12905937433243
vn 0.06194608658552 -0.99597430229187 -0.06479053944349
vn 0.11132784187794 -0.98392975330353 -0.13960067927837
vn 0.05588891729712 -0.99597436189651 -0.07008249312639
vn 0.09836595505476 -0.98392975330353 -0.14901804924011
vn 0.04938178509474 -0.99597436189651 -0.07481019943953
vn 0.08461210131645 -0.98392975330353 -0.15723562240601
vn 0.04247706383467 -0.99597436189651 -0.07893559336662
vn 0.07017697393894 -0.98392975330353 -0.16418720781803
vn 0.035230319947 -0.99597430229187 -0.08242544531822
vn 0.0551768578589 -0.98392975330353 -0.16981685161591
vn 0.02769995853305 -0.99597430229187 -0.08525164425373
vn 0.03973246365786 -0.98392975330353 -0.17407920956612
vn 0.01994652673602 -0.99597430229187 -0.08739145100117
vn 0.02396814711392 -0.98392975330353 -0.17694002389908
vn 0.012032488361 -0.99597430229187 -0.08882763981819
vn 0.00801090523601 -0.98392975330353 -0.17837618291378
vn 0.00402162410319 -0.99597436189651 -0.08954861760139
vn -0.00801091454923 -0.98392975330353 -0.17837618291378
vn -0.00402163341641 -0.99597436189651 -0.08954861760139
vn -0.02396816574037 -0.98392975330353 -0.17694002389908
vn -0.01203250698745 -0.99597430229187 -0.08882763981819
vn -0.03973247110844 -0.98392975330353 -0.17407920956612
vn -0.01994653604925 -0.99597430229187 -0.08739145100117
vn -0.05517683550715 -0.98392975330353 -0.16981682181358
vn -0.02769994735718 -0.99597436189651 -0.08525162935257
vn -0.07017695903778 -0.98392975330353 -0.16418719291687
vn -0.03523030504584 -0.99597436189651 -0.08242543041706
vn -0.08461210876703 -0.98392975330353 -0.15723562240601
vn -0.04247706383467 -0.99597436189651 -0.07893559336662
vn -0.09836596995592 -0.98392975330353 -0.14901804924011
vn -0.04938179254532 -0.99597436189651 -0.07481020689011
vn -0.11132784187794 -0.98392975330353 -0.13960067927837
vn -0.05588892474771 -0.99597436189651 -0.07008249312639
vn -0.12339335680008 -0.98392975330353 -0.12905937433243
vn -0.06194609031081 -0.99597430229187 -0.06479053199291
vn -0.13446541130543 -0.98392975330353 -0.11747892200947
vn -0.06750448793173 -0.99597430229187 -0.05897690355778
vn -0.14445485174656 -0.98392975330353 -0.10495255887508
vn -0.07251939177513 -0.99597436189651 -0.05268838629127
vn -0.1532811820507 -0.98392975330353 -0.09158121794462
vn -0.07695039361715 -0.99597436189651 -0.04597571119666
vn -0.16087336838245 -0.98392975330353 -0.07747254520655
vn -0.08076182752848 -0.99597436189651 -0.03889285027981
vn -0.16717033088207 -0.98392975330353 -0.06274007260799
vn -0.08392304182053 -0.99597436189651 -0.03149681910872
vn -0.17212134599686 -0.98392975330353 -0.04750248417258
vn -0.08640854805708 -0.99597436189651 -0.02384725026786
vn -0.17568650841713 -0.98392975330353 -0.03188242390752
vn -0.08819834887981 -0.99597430229187 -0.0160056501627
vn -0.17783714830875 -0.98392975330353 -0.01600562781096
vn -0.08927801996469 -0.99597436189651 -0.00803515780717
vn -0.17855596542358 -0.98392975330353 0.000000009556
vn -0.08963887393475 -0.99597436189651 0.00000000955577
vn -0.17783716320992 -0.98392975330353 0.01600564271212
vn -0.08927801996469 -0.99597436189651 0.00803517643362
vn -0.17568650841713 -0.98392975330353 0.03188242763281
vn -0.08819834887981 -0.99597430229187 0.01600566133857
vn -0.1721213310957 -0.98392975330353 0.04750246927142
vn -0.0864085406065 -0.99597436189651 0.02384725026786
vn -0.16717034578323 -0.98392975330353 0.06274005025625
vn -0.08392304182053 -0.99597436189651 0.03149681910872
vn -0.16087338328362 -0.98392975330353 0.07747254520655
vn -0.08076184242964 -0.99597430229187 0.03889286145568
vn -0.1532811820507 -0.98392975330353 0.09158121794462
vn -0.07695039361715 -0.99597430229187 0.04597572237253
vn -0.14445482194424 -0.98392975330353 0.10495257377625
vn -0.07251937687397 -0.99597436189651 0.05268839374185
vn -0.13446541130543 -0.98392975330353 0.11747892946005
vn -0.06750447303057 -0.99597430229187 0.05897691100836
vn -0.12339335680008 -0.98392975330353 0.12905937433243
vn -0.06194608658552 -0.99597430229187 0.06479053944349
vn -0.11132784187794 -0.98392975330353 0.13960067927837
vn -0.05588891729712 -0.99597436189651 0.07008249312639
vn -0.09836595505476 -0.98392975330353 0.14901804924011
vn -0.04938178509474 -0.99597436189651 0.07481019943953
vn -0.08461210131645 -0.98392975330353 0.15723562240601
vn -0.04247706383467 -0.99597436189651 0.07893559336662
vn -0.07017697393894 -0.98392975330353 0.16418720781803
vn -0.035230319947 -0.99597430229187 0.08242544531822
vn -0.0551768578589 -0.98392975330353 0.16981685161591
vn -0.02769995853305 -0.99597430229187 0.08525164425373
vn -0.03973246365786 -0.98392975330353 0.17407920956612
vn -0.01994652673602 -0.99597430229187 0.08739145100117
vn -0.02396814711392 -0.98392975330353 0.17694002389908
vn -0.012032488361 -0.99597430229187 0.08882763981819
vn -0.00801090523601 -0.98392975330353 0.17837618291378
vn -0.00402162410319 -0.99597436189651 0.08954861760139
vn 0.00801091454923 -0.98392975330353 0.17837618291378
vn 0.00402163341641 -0.99597436189651 0.08954861760139
vn 0.02396816574037 -0.98392975330353 0.17694002389908
vn 0.01203250698745 -0.99597430229187 0.08882763981819
vn 0.03973247110844 -0.98392975330353 0.17407920956612
vn 0.01994653604925 -0.99597430229187 0.08739145100117
vn 0.05517683550715 -0.98392975330353 0.16981682181358
vn 0.02769994735718 -0.99597436189651 0.08525162935257
vn 0.07017695903778 -0.98392975330353 0.16418719291687
vn 0.03523030504584 -0.99597436189651 0.08242543041706
vn 0.08461210876703 -0.98392975330353 0.15723562240601
vn 0.04247706383467 -0.99597436189651 0.07893559336662
vn 0.09836596995592 -0.98392975330353 0.14901804924011
vn 0.04938179254532 -0.99597436189651 0.07481020689011
vn 0.11132784187794 -0.98392975330353 0.13960067927837
vn 0.05588892474771 -0.99597436189651 0.07008249312639
vn 0.12339335680008 -0.98392975330353 0.12905937433243
vn 0.06194609031081 -0.99597430229187 0.06479053199291
vn 0.13446541130543 -0.98392975330353 0.11747892200947
vn 0.06750448793173 -0.99597430229187 0.05897690355778
vn 0.14445485174656 -0.98392975330353 0.10495255887508
vn 0.07251939177513 -0.99597436189651 0.05268838629127
vn 0.1532811820507 -0.98392975330353 0.09158121794462
vn 0.07695039361715 -0.99597436189651 0.04597571119666
vn 0.16087336838245 -0.98392975330353 0.07747254520655
vn 0.08076182752848 -0.99597436189651 0.03889285027981
vn 0.16717033088207 -0.98392975330353 0.06274007260799
vn 0.08392304182053 -0.99597436189651 0.03149681910872
vn 0.17212134599686 -0.98392975330353 0.04750248417258
vn 0.08640854805708 -0.99597436189651 0.02384725026786
vn 0.17568650841713 -0.98392975330353 0.03188242390752
vn 0.08819834887981 -0.99597430229187 0.0160056501627
vn 0.17783714830875 -0.98392975330353 0.01600562781096
vn 0.08927787840366 -0.99597436189651 0.00803515035659
vn 0.26603588461876 -0.96396315097809 -0.00000000023308
vn 0.26496490836143 -0.96396315097809 -0.02384725213051
vn 0.26176059246063 -0.96396309137344 -0.04750258848071
vn 0.25644874572754 -0.96396309137344 -0.07077535241842
vn 0.2490720897913 -0.96396309137344 -0.09347831457853
vn 0.23969008028507 -0.96396309137344 -0.11542869359255
vn 0.22837825119495 -0.96396309137344 -0.13644960522652
vn 0.21522757411003 -0.96396309137344 -0.15637196600437
vn 0.20034402608871 -0.96396309137344 -0.17503537237644
vn 0.18384748697281 -0.96396309137344 -0.19228941202164
vn 0.16587071120739 -0.96396309137344 -0.20799523591995
vn 0.14655837416649 -0.96396309137344 -0.22202648222446
vn 0.12606607377529 -0.96396309137344 -0.23427003622055
vn 0.10455877333879 -0.96396315097809 -0.24462740123272
vn 0.08220961689949 -0.96396315097809 -0.25301516056061
vn 0.05919858813286 -0.96396309137344 -0.25936582684517
vn 0.03571090102196 -0.96396309137344 -0.2636282145977
vn 0.01193569041789 -0.96396309137344 -0.26576805114746
vn -0.01193568855524 -0.96396309137344 -0.26576805114746
vn -0.03571089729667 -0.96396309137344 -0.2636282145977
vn -0.05919858813286 -0.96396309137344 -0.25936582684517
vn -0.08220960944891 -0.96396315097809 -0.25301516056061
vn -0.10455876588821 -0.96396315097809 -0.24462740123272
vn -0.12606608867645 -0.96396309137344 -0.23427003622055
vn -0.14655838906765 -0.96396309137344 -0.22202645242214
vn -0.16587071120739 -0.96396309137344 -0.20799522101879
vn -0.18384745717049 -0.96396309137344 -0.1922894269228
vn -0.20034402608871 -0.96396309137344 -0.17503537237644
vn -0.21522760391235 -0.96396309137344 -0.15637196600437
vn -0.22837823629379 -0.96396309137344 -0.13644959032536
vn -0.23969005048275 -0.96396309137344 -0.11542869359255
vn -0.2490720897913 -0.96396309137344 -0.09347834438086
vn -0.25644874572754 -0.96396309137344 -0.07077536731958
vn -0.26176059246063 -0.96396309137344 -0.04750259593129
vn -0.26496490836143 -0.96396315097809 -0.02384725399315
vn -0.26603591442108 -0.96396309137344 0.00000000046616
vn -0.26496490836143 -0.96396315097809 0.02384725213051
vn -0.26176059246063 -0.96396309137344 0.04750258848071
vn -0.25644874572754 -0.96396309137344 0.07077535241842
vn -0.2490720897913 -0.96396309137344 0.09347831457853
vn -0.23969008028507 -0.96396309137344 0.11542869359255
vn -0.22837825119495 -0.96396309137344 0.13644960522652
vn -0.21522757411003 -0.96396309137344 0.15637196600437
vn -0.20034402608871 -0.96396309137344 0.17503537237644
vn -0.18384748697281 -0.96396309137344 0.19228941202164
vn -0.16587071120739 -0.96396309137344 0.20799523591995
vn -0.14655837416649 -0.96396309137344 0.22202648222446
vn -0.12606607377529 -0.96396309137344 0.23427003622055
vn -0.10455877333879 -0.96396315097809 0.24462740123272
vn -0.08220961689949 -0.96396315097809 0.25301516056061
vn -0.05919858813286 -0.96396309137344 0.25936582684517
vn -0.03571090102196 -0.96396309137344 0.2636282145977
vn -0.01193569041789 -0.96396309137344 0.26576805114746
vn 0.01193568855524 -0.96396309137344 0.26576805114746
vn 0.03571089729667 -0.96396309137344 0.2636282145977
vn 0.05919858813286 -0.96396309137344 0.25936582684517
vn 0.08220960944891 -0.96396315097809 0.25301516056061
vn 0.10455876588821 -0.96396315097809 0.24462740123272
vn 0.12606608867645 -0.96396309137344 0.23427003622055
vn 0.14655838906765 -0.96396309137344 0.22202645242214
vn 0.16587071120739 -0.96396309137344 0.20799522101879
vn 0.18384745717049 -0.96396309137344 0.1922894269228
vn 0.20034402608871 -0.96396309137344 0.17503537237644
vn 0.21522760391235 -0.96396309137344 0.15637196600437
vn 0.22837823629379 -0.96396309137344 0.13644959032536
vn 0.23969005048275 -0.96396309137344 0.11542869359255
vn 0.2490720897913 -0.96396309137344 0.09347834438086
vn 0.25644874572754 -0.96396309137344 0.07077536731958
vn 0.26176059246063 -0.96396309137344 0.04750259593129
vn 0.26496490836143 -0.96396315097809 0.02384725399315
vn 0.35137361288071 -0.93623530864716 -0.00000000069928
vn 0.34995913505554 -0.93623530864716 -0.03149688243866
vn 0.34572690725327 -0.93623530864716 -0.06274020671844
vn 0.33871108293533 -0.93623530864716 -0.09347831457853
vn 0.32896822690964 -0.93623530864716 -0.12346386909485
vn 0.31657668948174 -0.93623530864716 -0.15245534479618
vn 0.30163630843163 -0.93623530864716 -0.18021920323372
vn 0.28426724672318 -0.93623530864716 -0.20653219521046
vn 0.26460939645767 -0.93623530864716 -0.23118236660957
vn 0.24282115697861 -0.93623530864716 -0.25397101044655
vn 0.21907790005207 -0.93623530864716 -0.27471494674683
vn 0.19357062876225 -0.93623530864716 -0.29324704408646
vn 0.16650497913361 -0.93623530864716 -0.3094180226326
vn 0.1380986571312 -0.93623530864716 -0.32309773564339
vn 0.10858039557934 -0.93623530864716 -0.33417612314224
vn 0.07818800956011 -0.93623530864716 -0.34256392717361
vn 0.04716600477695 -0.93623530864716 -0.34819361567497
vn 0.01576428301632 -0.93623530864716 -0.35101979970932
vn -0.01576428674161 -0.93623530864716 -0.35101982951164
vn -0.04716601222754 -0.93623530864716 -0.34819361567497
vn -0.07818800956011 -0.93623530864716 -0.34256392717361
vn -0.10858039557934 -0.93623530864716 -0.33417612314224
vn -0.1380986571312 -0.93623530864716 -0.32309776544571
vn -0.16650496423244 -0.93623530864716 -0.30941805243492
vn -0.19357062876225 -0.93623530864716 -0.29324704408646
vn -0.21907790005207 -0.93623530864716 -0.2747149169445
vn -0.24282115697861 -0.93623530864716 -0.25397101044655
vn -0.26460939645767 -0.93623530864716 -0.23118238151073
vn -0.28426721692085 -0.93623530864716 -0.2065321803093
vn -0.30163630843163 -0.93623530864716 -0.18021918833256
vn -0.31657668948174 -0.93623530864716 -0.15245531499386
vn -0.32896822690964 -0.93623530864716 -0.12346387654543
vn -0.33871111273766 -0.93623530864716 -0.09347832202911
vn -0.34572690725327 -0.93623530864716 -0.06274019926786
vn -0.34995910525322 -0.93623530864716 -0.03149688616395
vn -0.35137358307838 -0.93623530864716 0.00000000046619
vn -0.34995913505554 -0.93623530864716 0.03149688243866
vn -0.34572690725327 -0.93623530864716 0.06274020671844
vn -0.33871108293533 -0.93623530864716 0.09347831457853
vn -0.32896822690964 -0.93623530864716 0.12346386909485
vn -0.31657668948174 -0.93623530864716 0.15245534479618
vn -0.30163630843163 -0.93623530864716 0.18021920323372
vn -0.28426724672318 -0.93623530864716 0.20653219521046
vn -0.26460939645767 -0.93623530864716 0.23118236660957
vn -0.24282115697861 -0.93623530864716 0.25397101044655
vn -0.21907790005207 -0.93623530864716 0.27471494674683
vn -0.19357062876225 -0.93623530864716 0.29324704408646
vn -0.16650497913361 -0.93623530864716 0.3094180226326
vn -0.1380986571312 -0.93623530864716 0.32309773564339
vn -0.10858039557934 -0.93623530864716 0.33417612314224
vn -0.07818800956011 -0.93623530864716 0.34256392717361
vn -0.04716600477695 -0.93623530864716 0.34819361567497
vn -0.01576428301632 -0.93623530864716 0.35101979970932
vn 0.01576428674161 -0.93623530864716 0.35101982951164
vn 0.04716601222754 -0.93623530864716 0.34819361567497
vn 0.07818800956011 -0.93623530864716 0.34256392717361
vn 0.10858039557934 -0.93623530864716 0.33417612314224
vn 0.1380986571312 -0.93623530864716 0.32309776544571
vn 0.16650496423244 -0.93623530864716 0.30941805243492
vn 0.19357062876225 -0.93623530864716 0.29324704408646
vn 0.21907790005207 -0.93623530864716 0.2747149169445
vn 0.24282115697861 -0.93623530864716 0.25397101044655
vn 0.26460939645767 -0.93623530864716 0.23118238151073
vn 0.28426721692085 -0.93623530864716 0.2065321803093
vn 0.30163630843163 -0.93623530864716 0.18021918833256
vn 0.31657668948174 -0.93623530864716 0.15245531499386
vn 0.32896822690964 -0.93623530864716 0.12346387654543
vn 0.33871111273766 -0.93623530864716 0.09347832202911
vn 0.34572690725327 -0.93623530864716 0.06274019926786
vn 0.34995910525322 -0.93623530864716 0.03149688616395
vn 0.43388235569 -0.9009695649147 0.00000000606086
vn 0.43213567137718 -0.90096950531006 -0.03889296576381
vn 0.42690971493721 -0.90096950531006 -0.07747264951468
vn 0.41824647784233 -0.9009695649147 -0.11542870104313
vn 0.4062157869339 -0.90096950531006 -0.1524553745985
vn 0.390914529562 -0.90096950531006 -0.18825444579124
vn 0.37246581912041 -0.9009695649147 -0.22253784537315
vn 0.35101816058159 -0.9009695649147 -0.2550296485424
vn 0.32674434781075 -0.9009695649147 -0.28546804189682
vn 0.29983988404274 -0.9009695649147 -0.31360793113708
vn 0.27052122354507 -0.9009695649147 -0.3392228782177
vn 0.2390244603157 -0.9009695649147 -0.36210662126541
vn 0.20560325682163 -0.9009695649147 -0.38207486271858
vn 0.1705266982317 -0.9009695649147 -0.39896681904793
vn 0.13407701253891 -0.9009695649147 -0.41264662146568
vn 0.09654784947634 -0.90096950531006 -0.42300406098366
vn 0.05824139341712 -0.90096950531006 -0.42995566129684
vn 0.01946601271629 -0.9009695649147 -0.4334454536438
vn -0.01946602761745 -0.90096950531006 -0.43344548344612
vn -0.05824141204357 -0.90096950531006 -0.42995566129684
vn -0.0965478643775 -0.9009695649147 -0.42300403118134
vn -0.13407701253891 -0.9009695649147 -0.41264665126801
vn -0.17052668333054 -0.90096950531006 -0.39896687865257
vn -0.20560324192047 -0.9009695649147 -0.38207483291626
vn -0.2390244603157 -0.9009695649147 -0.36210659146309
vn -0.27052122354507 -0.9009695649147 -0.3392228782177
vn -0.29983988404274 -0.9009695649147 -0.31360790133476
vn -0.32674434781075 -0.9009695649147 -0.28546804189682
vn -0.35101816058159 -0.9009695649147 -0.2550296485424
vn -0.37246581912041 -0.9009695649147 -0.22253783047199
vn -0.390914529562 -0.9009695649147 -0.18825441598892
vn -0.4062157869339 -0.90096950531006 -0.15245538949966
vn -0.41824647784233 -0.9009695649147 -0.11542870849371
vn -0.42690971493721 -0.90096950531006 -0.07747264951468
vn -0.43213567137718 -0.90096950531006 -0.03889297321439
vn -0.43388235569 -0.9009695649147 -0.00000000606086
vn -0.43213567137718 -0.90096950531006 0.03889296576381
vn -0.42690971493721 -0.90096950531006 0.07747264951468
vn -0.41824647784233 -0.9009695649147 0.11542870104313
vn -0.4062157869339 -0.90096950531006 0.1524553745985
vn -0.390914529562 -0.90096950531006 0.18825444579124
vn -0.37246581912041 -0.9009695649147 0.22253784537315
vn -0.35101816058159 -0.9009695649147 0.2550296485424
vn -0.32674434781075 -0.9009695649147 0.28546804189682
vn -0.29983988404274 -0.9009695649147 0.31360793113708
vn -0.27052122354507 -0.9009695649147 0.3392228782177
vn -0.2390244603157 -0.9009695649147 0.36210662126541
vn -0.20560325682163 -0.9009695649147 0.38207486271858
vn -0.1705266982317 -0.9009695649147 0.39896681904793
vn -0.13407701253891 -0.9009695649147 0.41264662146568
vn -0.09654784947634 -0.90096950531006 0.42300406098366
vn -0.05824139341712 -0.90096950531006 0.42995566129684
vn -0.01946601271629 -0.9009695649147 0.4334454536438
vn 0.01946602761745 -0.90096950531006 0.43344548344612
vn 0.05824141204357 -0.90096950531006 0.42995566129684
vn 0.0965478643775 -0.9009695649147 0.42300403118134
vn 0.13407701253891 -0.9009695649147 0.41264665126801
vn 0.17052668333054 -0.90096950531006 0.39896687865257
vn 0.20560324192047 -0.9009695649147 0.38207483291626
vn 0.2390244603157 -0.9009695649147 0.36210659146309
vn 0.27052122354507 -0.9009695649147 0.3392228782177
vn 0.29983988404274 -0.9009695649147 0.31360790133476
vn 0.32674434781075 -0.9009695649147 0.28546804189682
vn 0.35101816058159 -0.9009695649147 0.2550296485424
vn 0.37246581912041 -0.9009695649147 0.22253783047199
vn 0.390914529562 -0.9009695649147 0.18825441598892
vn 0.4062157869339 -0.90096950531006 0.15245538949966
vn 0.41824647784233 -0.9009695649147 0.11542870849371
vn 0.42690971493721 -0.90096950531006 0.07747264951468
vn 0.43213567137718 -0.90096950531006 0.03889297321439
vn 0.51289767026901 -0.85844975709915 0.00000001258888
vn 0.51083278656006 -0.8584498167038 -0.04597587138414
vn 0.5046551823616 -0.85844975709915 -0.0915814563632
vn 0.49441432952881 -0.85844975709915 -0.13644969463348
vn 0.48019269108772 -0.85844975709915 -0.1802192479372
vn 0.46210479736328 -0.85844975709915 -0.22253787517548
vn 0.44029641151428 -0.85844975709915 -0.26306483149529
vn 0.4149429500103 -0.85844975709915 -0.30147376656532
vn 0.38624858856201 -0.85844975709915 -0.33745524287224
vn 0.35444438457489 -0.85844975709915 -0.37071976065636
vn 0.31978642940521 -0.85844975709915 -0.40099957585335
vn 0.28255382180214 -0.85844975709915 -0.42805060744286
vn 0.24304613471031 -0.8584498167038 -0.45165532827377
vn 0.20158161222935 -0.85844975709915 -0.47162362933159
vn 0.15849408507347 -0.85844975709915 -0.4877946972847
vn 0.11413036286831 -0.85844975709915 -0.50003826618195
vn 0.068847887218 -0.85844975709915 -0.50825577974319
vn 0.02301107719541 -0.85844975709915 -0.51238119602203
vn -0.02301109209657 -0.85844975709915 -0.51238119602203
vn -0.06884790956974 -0.85844969749451 -0.50825589895248
vn -0.11413037776947 -0.85844975709915 -0.50003826618195
vn -0.15849405527115 -0.85844975709915 -0.4877946972847
vn -0.20158161222935 -0.85844975709915 -0.47162359952927
vn -0.24304613471031 -0.85844975709915 -0.45165532827377
vn -0.28255376219749 -0.85844975709915 -0.42805063724518
vn -0.31978639960289 -0.85844975709915 -0.40099954605103
vn -0.35444438457489 -0.85844975709915 -0.37071976065636
vn -0.38624855875969 -0.85844975709915 -0.33745524287224
vn -0.41494292020798 -0.85844975709915 -0.301473736763
vn -0.44029641151428 -0.85844975709915 -0.26306483149529
vn -0.4621048271656 -0.8584498167038 -0.22253786027431
vn -0.48019269108772 -0.85844975709915 -0.18021927773952
vn -0.49441432952881 -0.85844975709915 -0.13644969463348
vn -0.5046551823616 -0.85844975709915 -0.0915814563632
vn -0.5108328461647 -0.85844975709915 -0.04597588628531
vn -0.51289761066437 -0.85844975709915 -0.00000001258888
vn -0.51083278656006 -0.8584498167038 0.04597587138414
vn -0.5046551823616 -0.85844975709915 0.0915814563632
vn -0.49441432952881 -0.85844975709915 0.13644969463348
vn -0.48019269108772 -0.85844975709915 0.1802192479372
vn -0.46210479736328 -0.85844975709915 0.22253787517548
vn -0.44029641151428 -0.85844975709915 0.26306483149529
vn -0.4149429500103 -0.85844975709915 0.30147376656532
vn -0.38624858856201 -0.85844975709915 0.33745524287224
vn -0.35444438457489 -0.85844975709915 0.37071976065636
vn -0.31978642940521 -0.85844975709915 0.40099957585335
vn -0.28255382180214 -0.85844975709915 0.42805060744286
vn -0.24304613471031 -0.8584498167038 0.45165532827377
vn -0.20158161222935 -0.85844975709915 0.47162362933159
vn -0.15849408507347 -0.85844975709915 0.4877946972847
vn -0.11413036286831 -0.85844975709915 0.50003826618195
vn -0.068847887218 -0.85844975709915 0.50825577974319
vn -0.02301107719541 -0.85844975709915 0.51238119602203
vn 0.02301109209657 -0.85844975709915 0.51238119602203
vn 0.06884790956974 -0.85844969749451 0.50825589895248
vn 0.11413037776947 -0.85844975709915 0.50003826618195
vn 0.15849405527115 -0.85844975709915 0.4877946972847
vn 0.20158161222935 -0.85844975709915 0.47162359952927
vn 0.24304613471031 -0.85844975709915 0.45165532827377
vn 0.28255376219749 -0.85844975709915 0.42805063724518
vn 0.31978639960289 -0.85844975709915 0.40099954605103
vn 0.35444438457489 -0.85844975709915 0.37071976065636
vn 0.38624855875969 -0.85844975709915 0.33745524287224
vn 0.41494292020798 -0.85844975709915 0.301473736763
vn 0.44029641151428 -0.85844975709915 0.26306483149529
vn 0.4621048271656 -0.8584498167038 0.22253786027431
vn 0.48019269108772 -0.85844975709915 0.18021927773952
vn 0.49441432952881 -0.85844975709915 0.13644969463348
vn 0.5046551823616 -0.85844975709915 0.0915814563632
vn 0.5108328461647 -0.85844975709915 0.04597588628531
vn 0.58778369426727 -0.8090181350708 0.00000000559552
vn 0.58541744947433 -0.8090181350708 -0.0526886433363
vn 0.5783377289772 -0.8090181350708 -0.1049529761076
vn 0.56660169363022 -0.8090181350708 -0.15637208521366
vn 0.55030363798141 -0.8090181350708 -0.2065322548151
vn 0.52957481145859 -0.8090181350708 -0.25502976775169
vn 0.5045822262764 -0.80901807546616 -0.30147394537926
vn 0.47552701830864 -0.80901807546616 -0.3454906642437
vn 0.4426431953907 -0.80901807546616 -0.38672569394112
vn 0.40619540214539 -0.80901807546616 -0.42484703660011
vn 0.36647713184357 -0.80901807546616 -0.45954784750938
vn 0.32380828261375 -0.8090181350708 -0.49054855108261
vn 0.27853235602379 -0.80901807546616 -0.51759970188141
vn 0.23101371526718 -0.80901807546616 -0.54048347473145
vn 0.18163512647152 -0.80901807546616 -0.55901557207108
vn 0.13079413771629 -0.80901807546616 -0.57304680347443
vn 0.07890006154776 -0.80901807546616 -0.58246421813965
vn 0.02637078985572 -0.80901807546616 -0.5871918797493
vn -0.02637079544365 -0.80901807546616 -0.5871918797493
vn -0.07890005409718 -0.80901807546616 -0.582464158535
vn -0.13079412281513 -0.80901807546616 -0.57304680347443
vn -0.18163511157036 -0.8090181350708 -0.55901551246643
vn -0.23101371526718 -0.80901807546616 -0.54048347473145
vn -0.27853235602379 -0.80901807546616 -0.51759976148605
vn -0.32380828261375 -0.80901807546616 -0.49054858088493
vn -0.36647713184357 -0.8090181350708 -0.45954781770706
vn -0.40619540214539 -0.80901807546616 -0.42484703660011
vn -0.44264316558838 -0.80901807546616 -0.38672569394112
vn -0.47552695870399 -0.80901807546616 -0.34549069404602
vn -0.50458216667175 -0.80901807546616 -0.30147391557693
vn -0.52957481145859 -0.8090181350708 -0.25502976775169
vn -0.55030357837677 -0.8090181350708 -0.20653222501278
vn -0.56660163402557 -0.8090181350708 -0.1563720703125
vn -0.57833778858185 -0.80901807546616 -0.10495296865702
vn -0.58541744947433 -0.80901807546616 -0.0526886433363
vn -0.58778369426727 -0.8090181350708 -0.00000000512923
vn -0.58541744947433 -0.8090181350708 0.0526886433363
vn -0.5783377289772 -0.8090181350708 0.1049529761076
vn -0.56660169363022 -0.8090181350708 0.15637208521366
vn -0.55030363798141 -0.8090181350708 0.2065322548151
vn -0.52957481145859 -0.8090181350708 0.25502976775169
vn -0.5045822262764 -0.80901807546616 0.30147394537926
vn -0.47552701830864 -0.80901807546616 0.3454906642437
vn -0.4426431953907 -0.80901807546616 0.38672569394112
vn -0.40619540214539 -0.80901807546616 0.42484703660011
vn -0.36647713184357 -0.80901807546616 0.45954784750938
vn -0.32380828261375 -0.8090181350708 0.49054855108261
vn -0.27853235602379 -0.80901807546616 0.51759970188141
vn -0.23101371526718 -0.80901807546616 0.54048347473145
vn -0.18163512647152 -0.80901807546616 0.55901557207108
vn -0.13079413771629 -0.80901807546616 0.57304680347443
vn -0.07890006154776 -0.80901807546616 0.58246421813965
vn -0.02637078985572 -0.80901807546616 0.5871918797493
vn 0.02637079544365 -0.80901807546616 0.5871918797493
vn 0.07890005409718 -0.80901807546616 0.582464158535
vn 0.13079412281513 -0.80901807546616 0.57304680347443
vn 0.18163511157036 -0.8090181350708 0.55901551246643
vn 0.23101371526718 -0.80901807546616 0.54048347473145
vn 0.27853235602379 -0.80901807546616 0.51759976148605
vn 0.32380828261375 -0.80901807546616 0.49054858088493
vn 0.36647713184357 -0.8090181350708 0.45954781770706
vn 0.40619540214539 -0.80901807546616 0.42484703660011
vn 0.44264316558838 -0.80901807546616 0.38672569394112
vn 0.47552695870399 -0.80901807546616 0.34549069404602
vn 0.50458216667175 -0.80901807546616 0.30147391557693
vn 0.52957481145859 -0.8090181350708 0.25502976775169
vn 0.55030357837677 -0.8090181350708 0.20653222501278
vn 0.56660163402557 -0.8090181350708 0.1563720703125
vn 0.57833778858185 -0.80901807546616 0.10495296865702
vn 0.58541744947433 -0.80901807546616 0.0526886433363
vn 0.6579372882843 -0.75307267904282 0.00000000886035
vn 0.65528863668442 -0.75307267904282 -0.05897719785571
vn 0.64736396074295 -0.75307267904282 -0.11747932434082
vn 0.6342271566391 -0.75307267904282 -0.17503547668457
vn 0.61598384380341 -0.75307267904282 -0.23118257522583
vn 0.59278106689453 -0.75307267904282 -0.2854682803154
vn 0.56480544805527 -0.75307273864746 -0.33745566010475
vn 0.53228235244751 -0.75307267904282 -0.38672599196434
vn 0.49547383189201 -0.75307273864746 -0.43288242816925
vn 0.4546759724617 -0.75307267904282 -0.47555366158485
vn 0.41021722555161 -0.75307273864746 -0.51439607143402
vn 0.36245566606522 -0.75307273864746 -0.54909682273865
vn 0.31177586317062 -0.75307273864746 -0.57937657833099
vn 0.25858587026596 -0.75307273864746 -0.60499155521393
vn 0.20331379771233 -0.75307273864746 -0.62573552131653
vn 0.14640475809574 -0.75307273864746 -0.64144140481949
vn 0.08831698447466 -0.75307273864746 -0.65198284387588
vn 0.0295181684196 -0.75307273864746 -0.65727478265762
vn -0.0295181684196 -0.75307273864746 -0.65727472305298
vn -0.08831698447466 -0.75307273864746 -0.65198284387588
vn -0.14640475809574 -0.75307279825211 -0.64144134521484
vn -0.20331379771233 -0.75307279825211 -0.62573546171188
vn -0.25858587026596 -0.75307273864746 -0.60499161481857
vn -0.31177586317062 -0.75307273864746 -0.57937657833099
vn -0.36245566606522 -0.75307279825211 -0.549096763134
vn -0.41021725535393 -0.75307273864746 -0.51439601182938
vn -0.4546759724617 -0.75307273864746 -0.47555363178253
vn -0.49547383189201 -0.75307273864746 -0.43288242816925
vn -0.53228235244751 -0.75307273864746 -0.38672596216202
vn -0.56480544805527 -0.75307273864746 -0.33745566010475
vn -0.59278112649918 -0.75307261943817 -0.2854682803154
vn -0.61598384380341 -0.75307267904282 -0.23118257522583
vn -0.6342271566391 -0.75307273864746 -0.17503552138805
vn -0.6473640203476 -0.75307267904282 -0.11747933924198
vn -0.65528863668442 -0.75307267904282 -0.05897720903158
vn -0.6579372882843 -0.75307267904282 -0.00000000839402
vn -0.65528863668442 -0.75307267904282 0.05897719785571
vn -0.64736396074295 -0.75307267904282 0.11747932434082
vn -0.6342271566391 -0.75307267904282 0.17503547668457
vn -0.61598384380341 -0.75307267904282 0.23118257522583
vn -0.59278106689453 -0.75307267904282 0.2854682803154
vn -0.56480544805527 -0.75307273864746 0.33745566010475
vn -0.53228235244751 -0.75307267904282 0.38672599196434
vn -0.49547383189201 -0.75307273864746 0.43288242816925
vn -0.4546759724617 -0.75307267904282 0.47555366158485
vn -0.41021722555161 -0.75307273864746 0.51439607143402
vn -0.36245566606522 -0.75307273864746 0.54909682273865
vn -0.31177586317062 -0.75307273864746 0.57937657833099
vn -0.25858587026596 -0.75307273864746 0.60499155521393
vn -0.20331379771233 -0.75307273864746 0.62573552131653
vn -0.14640475809574 -0.75307273864746 0.64144140481949
vn -0.08831698447466 -0.75307273864746 0.65198284387588
vn -0.0295181684196 -0.75307273864746 0.65727478265762
vn 0.0295181684196 -0.75307273864746 0.65727472305298
vn 0.08831698447466 -0.75307273864746 0.65198284387588
vn 0.14640475809574 -0.75307279825211 0.64144134521484
vn 0.20331379771233 -0.75307279825211 0.62573546171188
vn 0.25858587026596 -0.75307273864746 0.60499161481857
vn 0.31177586317062 -0.75307273864746 0.57937657833099
vn 0.36245566606522 -0.75307279825211 0.549096763134
vn 0.41021725535393 -0.75307273864746 0.51439601182938
vn 0.4546759724617 -0.75307273864746 0.47555363178253
vn 0.49547383189201 -0.75307273864746 0.43288242816925
vn 0.53228235244751 -0.75307273864746 0.38672596216202
vn 0.56480544805527 -0.75307273864746 0.33745566010475
vn 0.59278112649918 -0.75307261943817 0.2854682803154
vn 0.61598384380341 -0.75307267904282 0.23118257522583
vn 0.6342271566391 -0.75307273864746 0.17503552138805
vn 0.6473640203476 -0.75307267904282 0.11747933924198
vn 0.65528863668442 -0.75307267904282 0.05897720903158
vn 0.72279357910156 -0.6910640001297 0.00000001865505
vn 0.71988379955292 -0.6910640001297 -0.0647908449173
vn 0.71117794513702 -0.69106405973434 -0.12905977666378
vn 0.69674611091614 -0.6910640001297 -0.1922896951437
vn 0.67670446634293 -0.69106405973434 -0.25397142767906
vn 0.65121448040009 -0.69106405973434 -0.31360825896263
vn 0.62048119306564 -0.69106411933899 -0.37072029709816
vn 0.58475208282471 -0.69106411933899 -0.4248474240303
vn 0.54431504011154 -0.69106411933899 -0.47555387020111
vn 0.49949562549591 -0.69106405973434 -0.52243137359619
vn 0.45065447688103 -0.69106405973434 -0.56510269641876
vn 0.3981848359108 -0.69106411933899 -0.60322403907776
vn 0.34250918030739 -0.69106417894363 -0.63648867607117
vn 0.28407594561577 -0.69106411933899 -0.66462868452072
vn 0.22335551679134 -0.69106405973434 -0.68741744756699
vn 0.16083662211895 -0.69106411933899 -0.70467150211334
vn 0.09702286869287 -0.69106411933899 -0.71625196933746
vn 0.03242800757289 -0.69106417894363 -0.72206556797028
vn -0.0324280038476 -0.69106417894363 -0.72206556797028
vn -0.09702288359404 -0.69106411933899 -0.71625196933746
vn -0.16083665192127 -0.69106411933899 -0.70467156171799
vn -0.22335551679134 -0.69106411933899 -0.68741744756699
vn -0.28407591581345 -0.69106405973434 -0.66462868452072
vn -0.34250918030739 -0.69106411933899 -0.63648861646652
vn -0.3981848359108 -0.69106411933899 -0.60322403907776
vn -0.45065450668335 -0.69106405973434 -0.56510263681412
vn -0.49949562549591 -0.69106405973434 -0.52243137359619
vn -0.54431509971619 -0.69106411933899 -0.47555384039879
vn -0.58475208282471 -0.69106417894363 -0.42484745383263
vn -0.62048119306564 -0.69106411933899 -0.37072029709816
vn -0.65121454000473 -0.69106405973434 -0.31360828876495
vn -0.67670446634293 -0.69106405973434 -0.25397142767906
vn -0.69674611091614 -0.6910640001297 -0.1922896951437
vn -0.71117794513702 -0.6910640001297 -0.12905979156494
vn -0.71988379955292 -0.69106405973434 -0.06479086726904
vn -0.72279351949692 -0.6910640001297 -0.00000001772229
vn -0.71988379955292 -0.6910640001297 0.0647908449173
vn -0.71117794513702 -0.69106405973434 0.12905977666378
vn -0.69674611091614 -0.6910640001297 0.1922896951437
vn -0.67670446634293 -0.69106405973434 0.25397142767906
vn -0.65121448040009 -0.69106405973434 0.31360825896263
vn -0.62048119306564 -0.69106411933899 0.37072029709816
vn -0.58475208282471 -0.69106411933899 0.4248474240303
vn -0.54431504011154 -0.69106411933899 0.47555387020111
vn -0.49949562549591 -0.69106405973434 0.52243137359619
vn -0.45065447688103 -0.69106405973434 0.56510269641876
vn -0.3981848359108 -0.69106411933899 0.60322403907776
vn -0.34250918030739 -0.69106417894363 0.63648867607117
vn -0.28407594561577 -0.69106411933899 0.66462868452072
vn -0.22335551679134 -0.69106405973434 0.68741744756699
vn -0.16083662211895 -0.69106411933899 0.70467150211334
vn -0.09702286869287 -0.69106411933899 0.71625196933746
vn -0.03242800757289 -0.69106417894363 0.72206556797028
vn 0.0324280038476 -0.69106417894363 0.72206556797028
vn 0.09702288359404 -0.69106411933899 0.71625196933746
vn 0.16083665192127 -0.69106411933899 0.70467156171799
vn 0.22335551679134 -0.69106411933899 0.68741744756699
vn 0.28407591581345 -0.69106405973434 0.66462868452072
vn 0.34250918030739 -0.69106411933899 0.63648861646652
vn 0.3981848359108 -0.69106411933899 0.60322403907776
vn 0.45065450668335 -0.69106405973434 0.56510263681412
vn 0.49949562549591 -0.69106405973434 0.52243137359619
vn 0.54431509971619 -0.69106411933899 0.47555384039879
vn 0.58475208282471 -0.69106417894363 0.42484745383263
vn 0.62048119306564 -0.69106411933899 0.37072029709816
vn 0.65121454000473 -0.69106405973434 0.31360828876495
vn 0.67670446634293 -0.69106405973434 0.25397142767906
vn 0.69674611091614 -0.6910640001297 0.1922896951437
vn 0.71117794513702 -0.6910640001297 0.12905979156494
vn 0.71988379955292 -0.69106405973434 0.06479086726904
vn 0.78183043003082 -0.62349116802216 0.00000001772387
vn 0.77868294715881 -0.6234912276268 -0.07008273154497
vn 0.76926600933075 -0.62349128723145 -0.13960111141205
vn 0.75365537405014 -0.62349128723145 -0.20799565315247
vn 0.73197680711746 -0.62349128723145 -0.27471542358398
vn 0.70440477132797 -0.62349128723145 -0.3392234146595
vn 0.6711613535881 -0.6234912276268 -0.40100023150444
vn 0.63251399993896 -0.62349128723145 -0.45954835414886
vn 0.58877396583557 -0.62349128723145 -0.51439654827118
vn 0.54029369354248 -0.62349128723145 -0.56510299444199
vn 0.48746332526207 -0.6234912276268 -0.61125946044922
vn 0.43070808053017 -0.62349128723145 -0.65249460935593
vn 0.37048491835594 -0.6234912276268 -0.68847632408142
vn 0.30727890133858 -0.6234912276268 -0.71891474723816
vn 0.2415988445282 -0.62349128723145 -0.74356484413147
vn 0.17397356033325 -0.62349116802216 -0.76222825050354
vn 0.10494768619537 -0.6234912276268 -0.7747545838356
vn 0.03507678955793 -0.62349128723145 -0.78104305267334
vn -0.03507678583264 -0.62349128723145 -0.78104305267334
vn -0.10494769364595 -0.6234912276268 -0.7747545838356
vn -0.17397359013557 -0.62349116802216 -0.76222831010818
vn -0.24159882962704 -0.6234912276268 -0.74356490373611
vn -0.30727887153625 -0.62349128723145 -0.71891468763351
vn -0.37048491835594 -0.6234912276268 -0.68847626447678
vn -0.43070808053017 -0.62349128723145 -0.65249460935593
vn -0.48746332526207 -0.6234912276268 -0.61125946044922
vn -0.54029363393784 -0.62349128723145 -0.56510293483734
vn -0.58877390623093 -0.62349134683609 -0.51439648866653
vn -0.63251399993896 -0.62349128723145 -0.45954835414886
vn -0.67116129398346 -0.6234912276268 -0.40100020170212
vn -0.70440477132797 -0.62349128723145 -0.33922344446182
vn -0.73197680711746 -0.62349128723145 -0.27471542358398
vn -0.7536553144455 -0.62349134683609 -0.20799565315247
vn -0.76926600933075 -0.62349128723145 -0.13960112631321
vn -0.77868294715881 -0.6234912276268 -0.07008276134729
vn -0.78183043003082 -0.62349116802216 -0.00000001772387
vn -0.77868294715881 -0.6234912276268 0.07008273154497
vn -0.76926600933075 -0.62349128723145 0.13960111141205
vn -0.75365537405014 -0.62349128723145 0.20799565315247
vn -0.73197680711746 -0.62349128723145 0.27471542358398
vn -0.70440477132797 -0.62349128723145 0.3392234146595
vn -0.6711613535881 -0.6234912276268 0.40100023150444
vn -0.63251399993896 -0.62349128723145 0.45954835414886
vn -0.58877396583557 -0.62349128723145 0.51439654827118
vn -0.54029369354248 -0.62349128723145 0.56510299444199
vn -0.48746332526207 -0.6234912276268 0.61125946044922
vn -0.43070808053017 -0.62349128723145 0.65249460935593
vn -0.37048491835594 -0.6234912276268 0.68847632408142
vn -0.30727890133858 -0.6234912276268 0.71891474723816
vn -0.2415988445282 -0.62349128723145 0.74356484413147
vn -0.17397356033325 -0.62349116802216 0.76222825050354
vn -0.10494768619537 -0.6234912276268 0.7747545838356
vn -0.03507678955793 -0.62349128723145 0.78104305267334
vn 0.03507678583264 -0.62349128723145 0.78104305267334
vn 0.10494769364595 -0.6234912276268 0.7747545838356
vn 0.17397359013557 -0.62349116802216 0.76222831010818
vn 0.24159882962704 -0.6234912276268 0.74356490373611
vn 0.30727887153625 -0.62349128723145 0.71891468763351
vn 0.37048491835594 -0.6234912276268 0.68847626447678
vn 0.43070808053017 -0.62349128723145 0.65249460935593
vn 0.48746332526207 -0.6234912276268 0.61125946044922
vn 0.54029363393784 -0.62349128723145 0.56510293483734
vn 0.58877390623093 -0.62349134683609 0.51439648866653
vn 0.63251399993896 -0.62349128723145 0.45954835414886
vn 0.67116129398346 -0.6234912276268 0.40100020170212
vn 0.70440477132797 -0.62349128723145 0.33922344446182
vn 0.73197680711746 -0.62349128723145 0.27471542358398
vn 0.7536553144455 -0.62349134683609 0.20799565315247
vn 0.76926600933075 -0.62349128723145 0.13960112631321
vn 0.77868294715881 -0.6234912276268 0.07008276134729
vn 0.83457207679749 -0.55089873075485 0.0000000121279
vn 0.83121240139008 -0.55089867115021 -0.07481049746275
vn 0.82116031646729 -0.55089855194092 -0.14901852607727
vn 0.80449664592743 -0.55089849233627 -0.2220269292593
vn 0.78135561943054 -0.55089855194092 -0.29324766993523
vn 0.75192356109619 -0.55089849233627 -0.36210736632347
vn 0.71643751859665 -0.55089855194092 -0.42805150151253
vn 0.67518317699432 -0.55089855194092 -0.49054917693138
vn 0.62849247455597 -0.55089855194092 -0.54909747838974
vn 0.57674157619476 -0.55089861154556 -0.60322463512421
vn 0.52034729719162 -0.55089861154556 -0.65249478816986
vn 0.45976340770721 -0.55089855194092 -0.69651156663895
vn 0.39547762274742 -0.55089849233627 -0.73492056131363
vn 0.32800784707069 -0.55089849233627 -0.76741236448288
vn 0.25789692997932 -0.55089849233627 -0.79372537136078
vn 0.18570971488953 -0.55089849233627 -0.81364780664444
vn 0.11202747374773 -0.55089843273163 -0.82701921463013
vn 0.03744304925203 -0.55089843273163 -0.83373194932938
vn -0.03744304925203 -0.55089843273163 -0.83373194932938
vn -0.11202746629715 -0.55089843273163 -0.82701921463013
vn -0.18570972979069 -0.55089849233627 -0.81364780664444
vn -0.25789692997932 -0.55089849233627 -0.79372537136078
vn -0.32800781726837 -0.55089849233627 -0.76741230487823
vn -0.39547765254974 -0.55089849233627 -0.73492062091827
vn -0.45976337790489 -0.55089855194092 -0.69651162624359
vn -0.52034723758698 -0.55089861154556 -0.65249478816986
vn -0.57674157619476 -0.55089867115021 -0.60322457551956
vn -0.62849241495132 -0.55089855194092 -0.5490974187851
vn -0.67518317699432 -0.55089855194092 -0.4905492067337
vn -0.71643751859665 -0.55089855194092 -0.42805147171021
vn -0.75192356109619 -0.55089849233627 -0.36210736632347
vn -0.78135561943054 -0.55089855194092 -0.29324769973755
vn -0.80449664592743 -0.55089855194092 -0.22202694416046
vn -0.82116031646729 -0.55089855194092 -0.14901855587959
vn -0.83121240139008 -0.55089867115021 -0.07481051236391
vn -0.83457207679749 -0.55089873075485 -0.0000000121279
vn -0.83121240139008 -0.55089867115021 0.07481049746275
vn -0.82116031646729 -0.55089855194092 0.14901852607727
vn -0.80449664592743 -0.55089849233627 0.2220269292593
vn -0.78135561943054 -0.55089855194092 0.29324766993523
vn -0.75192356109619 -0.55089849233627 0.36210736632347
vn -0.71643751859665 -0.55089855194092 0.42805150151253
vn -0.67518317699432 -0.55089855194092 0.49054917693138
vn -0.62849247455597 -0.55089855194092 0.54909747838974
vn -0.57674157619476 -0.55089861154556 0.60322463512421
vn -0.52034729719162 -0.55089861154556 0.65249478816986
vn -0.45976340770721 -0.55089855194092 0.69651156663895
vn -0.39547762274742 -0.55089849233627 0.73492056131363
vn -0.32800784707069 -0.55089849233627 0.76741236448288
vn -0.25789692997932 -0.55089849233627 0.79372537136078
vn -0.18570971488953 -0.55089849233627 0.81364780664444
vn -0.11202747374773 -0.55089843273163 0.82701921463013
vn -0.03744304925203 -0.55089843273163 0.83373194932938
vn 0.03744304925203 -0.55089843273163 0.83373194932938
vn 0.11202746629715 -0.55089843273163 0.82701921463013
vn 0.18570972979069 -0.55089849233627 0.81364780664444
vn 0.25789692997932 -0.55089849233627 0.79372537136078
vn 0.32800781726837 -0.55089849233627 0.76741230487823
vn 0.39547765254974 -0.55089849233627 0.73492062091827
vn 0.45976337790489 -0.55089855194092 0.69651162624359
vn 0.52034723758698 -0.55089861154556 0.65249478816986
vn 0.57674157619476 -0.55089867115021 0.60322457551956
vn 0.62849241495132 -0.55089855194092 0.5490974187851
vn 0.67518317699432 -0.55089855194092 0.4905492067337
vn 0.71643751859665 -0.55089855194092 0.42805147171021
vn 0.75192356109619 -0.55089849233627 0.36210736632347
vn 0.78135561943054 -0.55089855194092 0.29324769973755
vn 0.80449664592743 -0.55089855194092 0.22202694416046
vn 0.82116031646729 -0.55089855194092 0.14901855587959
vn 0.83121240139008 -0.55089867115021 0.07481051236391
vn 0.88059467077255 -0.47387030720711 0.00000000653092
vn 0.87704968452454 -0.47387024760246 -0.07893603295088
vn 0.86644315719604 -0.47387021780014 -0.15723624825478
vn 0.84886062145233 -0.4738701581955 -0.23427054286003
vn 0.82444351911545 -0.47387021780014 -0.30941873788834
vn 0.79338842630386 -0.47387024760246 -0.38207569718361
vn 0.75594544410706 -0.47387027740479 -0.45165631175041
vn 0.7124160528183 -0.47387027740479 -0.51760053634644
vn 0.66315066814423 -0.47387027740479 -0.57937741279602
vn 0.60854607820511 -0.47387027740479 -0.63648933172226
vn 0.54904186725616 -0.47387024760246 -0.68847662210464
vn 0.48511695861816 -0.47387024760246 -0.73492079973221
vn 0.41728618741035 -0.47387021780014 -0.77544778585434
vn 0.34609580039978 -0.47387018799782 -0.80973130464554
vn 0.27211871743202 -0.47387024760246 -0.83749532699585
vn 0.19595064222813 -0.47387024760246 -0.85851633548737
vn 0.11820515245199 -0.47387021780014 -0.87262511253357
vn 0.03950778022408 -0.47387018799782 -0.87970799207687
vn -0.03950778394938 -0.47387018799782 -0.87970799207687
vn -0.11820515245199 -0.47387024760246 -0.87262505292892
vn -0.19595064222813 -0.47387024760246 -0.85851633548737
vn -0.27211865782738 -0.47387021780014 -0.83749532699585
vn -0.34609580039978 -0.47387021780014 -0.80973124504089
vn -0.41728621721268 -0.47387021780014 -0.77544778585434
vn -0.48511692881584 -0.47387027740479 -0.73492074012756
vn -0.54904180765152 -0.47387027740479 -0.68847662210464
vn -0.60854607820511 -0.47387027740479 -0.63648933172226
vn -0.66315072774887 -0.47387021780014 -0.57937741279602
vn -0.7124160528183 -0.47387024760246 -0.51760053634644
vn -0.7559455037117 -0.47387024760246 -0.45165628194809
vn -0.79338836669922 -0.47387024760246 -0.38207572698593
vn -0.8244434595108 -0.47387024760246 -0.30941873788834
vn -0.84886062145233 -0.47387021780014 -0.23427060246468
vn -0.86644315719604 -0.47387024760246 -0.15723626315594
vn -0.87704962491989 -0.47387027740479 -0.07893604040146
vn -0.88059467077255 -0.47387030720711 -0.00000000653092
vn -0.87704968452454 -0.47387024760246 0.07893603295088
vn -0.86644315719604 -0.47387021780014 0.15723624825478
vn -0.84886062145233 -0.4738701581955 0.23427054286003
vn -0.82444351911545 -0.47387021780014 0.30941873788834
vn -0.79338842630386 -0.47387024760246 0.38207569718361
vn -0.75594544410706 -0.47387027740479 0.45165631175041
vn -0.7124160528183 -0.47387027740479 0.51760053634644
vn -0.66315066814423 -0.47387027740479 0.57937741279602
vn -0.60854607820511 -0.47387027740479 0.63648933172226
vn -0.54904186725616 -0.47387024760246 0.68847662210464
vn -0.48511695861816 -0.47387024760246 0.73492079973221
vn -0.41728618741035 -0.47387021780014 0.77544778585434
vn -0.34609580039978 -0.47387018799782 0.80973130464554
vn -0.27211871743202 -0.47387024760246 0.83749532699585
vn -0.19595064222813 -0.47387024760246 0.85851633548737
vn -0.11820515245199 -0.47387021780014 0.87262511253357
vn -0.03950778022408 -0.47387018799782 0.87970799207687
vn 0.03950778394938 -0.47387018799782 0.87970799207687
vn 0.11820515245199 -0.47387024760246 0.87262505292892
vn 0.19595064222813 -0.47387024760246 0.85851633548737
vn 0.27211865782738 -0.47387021780014 0.83749532699585
vn 0.34609580039978 -0.47387021780014 0.80973124504089
vn 0.41728621721268 -0.47387021780014 0.77544778585434
vn 0.48511692881584 -0.47387027740479 0.73492074012756
vn 0.54904180765152 -0.47387027740479 0.68847662210464
vn 0.60854607820511 -0.47387027740479 0.63648933172226
vn 0.66315072774887 -0.47387021780014 0.57937741279602
vn 0.7124160528183 -0.47387024760246 0.51760053634644
vn 0.7559455037117 -0.47387024760246 0.45165628194809
vn 0.79338836669922 -0.47387024760246 0.38207572698593
vn 0.8244434595108 -0.47387024760246 0.30941873788834
vn 0.84886062145233 -0.47387021780014 0.23427060246468
vn 0.86644315719604 -0.47387024760246 0.15723626315594
vn 0.87704962491989 -0.47387027740479 0.07893604040146
vn 0.91952723264694 -0.39302629232407 0.00000000279916
vn 0.91582548618317 -0.39302632212639 -0.08242590725422
vn 0.90474998950958 -0.39302638173103 -0.16418793797493
vn 0.88639008998871 -0.39302641153336 -0.24462805688381
vn 0.86089342832565 -0.39302635192871 -0.32309862971306
vn 0.82846540212631 -0.39302638173103 -0.39896789193153
vn 0.78936702013016 -0.39302632212639 -0.47162485122681
vn 0.74391317367554 -0.39302632212639 -0.54048454761505
vn 0.69246965646744 -0.39302638173103 -0.60499256849289
vn 0.63545078039169 -0.39302641153336 -0.66462963819504
vn 0.57331585884094 -0.39302635192871 -0.71891534328461
vn 0.50656467676163 -0.39302635192871 -0.76741284132004
vn 0.43573504686356 -0.39302641153336 -0.80973160266876
vn 0.36139723658562 -0.39302641153336 -0.84553074836731
vn 0.28414955735207 -0.39302644133568 -0.87452226877213
vn 0.20461395382881 -0.39302650094032 -0.89647269248962
vn 0.12343114614487 -0.39302650094032 -0.91120517253876
vn 0.04125448316336 -0.39302650094032 -0.91860121488571
vn -0.04125448316336 -0.39302650094032 -0.91860121488571
vn -0.12343113869429 -0.39302653074265 -0.91120517253876
vn -0.20461395382881 -0.39302650094032 -0.89647269248962
vn -0.28414955735207 -0.39302644133568 -0.87452226877213
vn -0.36139723658562 -0.39302638173103 -0.84553074836731
vn -0.43573504686356 -0.39302638173103 -0.80973154306412
vn -0.50656473636627 -0.39302638173103 -0.76741284132004
vn -0.57331585884094 -0.39302635192871 -0.71891528367996
vn -0.63545078039169 -0.39302641153336 -0.66462963819504
vn -0.69246965646744 -0.39302638173103 -0.60499256849289
vn -0.74391317367554 -0.39302629232407 -0.54048448801041
vn -0.78936702013016 -0.39302629232407 -0.47162485122681
vn -0.82846540212631 -0.39302635192871 -0.39896792173386
vn -0.8608934879303 -0.39302638173103 -0.32309859991074
vn -0.88639008998871 -0.39302638173103 -0.24462805688381
vn -0.90474998950958 -0.39302638173103 -0.16418793797493
vn -0.91582548618317 -0.39302632212639 -0.08242589980364
vn -0.91952723264694 -0.39302629232407 -0.00000000279916
vn -0.91582548618317 -0.39302632212639 0.08242590725422
vn -0.90474998950958 -0.39302638173103 0.16418793797493
vn -0.88639008998871 -0.39302641153336 0.24462805688381
vn -0.86089342832565 -0.39302635192871 0.32309862971306
vn -0.82846540212631 -0.39302638173103 0.39896789193153
vn -0.78936702013016 -0.39302632212639 0.47162485122681
vn -0.74391317367554 -0.39302632212639 0.54048454761505
vn -0.69246965646744 -0.39302638173103 0.60499256849289
vn -0.63545078039169 -0.39302641153336 0.66462963819504
vn -0.57331585884094 -0.39302635192871 0.71891534328461
vn -0.50656467676163 -0.39302635192871 0.76741284132004
vn -0.43573504686356 -0.39302641153336 0.80973160266876
vn -0.36139723658562 -0.39302641153336 0.84553074836731
vn -0.28414955735207 -0.39302644133568 0.87452226877213
vn -0.20461395382881 -0.39302650094032 0.89647269248962
vn -0.12343114614487 -0.39302650094032 0.91120517253876
vn -0.04125448316336 -0.39302650094032 0.91860121488571
vn 0.04125448316336 -0.39302650094032 0.91860121488571
vn 0.12343113869429 -0.39302653074265 0.91120517253876
vn 0.20461395382881 -0.39302650094032 0.89647269248962
vn 0.28414955735207 -0.39302644133568 0.87452226877213
vn 0.36139723658562 -0.39302638173103 0.84553074836731
vn 0.43573504686356 -0.39302638173103 0.80973154306412
vn 0.50656473636627 -0.39302638173103 0.76741284132004
vn 0.57331585884094 -0.39302635192871 0.71891528367996
vn 0.63545078039169 -0.39302641153336 0.66462963819504
vn 0.69246965646744 -0.39302638173103 0.60499256849289
vn 0.74391317367554 -0.39302629232407 0.54048448801041
vn 0.78936702013016 -0.39302629232407 0.47162485122681
vn 0.82846540212631 -0.39302635192871 0.39896792173386
vn 0.8608934879303 -0.39302638173103 0.32309859991074
vn 0.88639008998871 -0.39302638173103 0.24462805688381
vn 0.90474998950958 -0.39302638173103 0.16418793797493
vn 0.91582548618317 -0.39302632212639 0.08242589980364
vn 0.95105618238449 -0.30901798605919 0
vn 0.94722747802734 -0.30901810526848 -0.08525195717812
vn 0.9357722401619 -0.30901822447777 -0.16981764137745
vn 0.9167827963829 -0.30901819467545 -0.25301596522331
vn 0.89041191339493 -0.30901810526848 -0.33417719602585
vn 0.8568719625473 -0.30901804566383 -0.41264781355858
vn 0.8164330124855 -0.30901810526848 -0.48779603838921
vn 0.7694206237793 -0.30901816487312 -0.55901676416397
vn 0.716213285923 -0.30901819467545 -0.62573665380478
vn 0.65723931789398 -0.30901819467545 -0.68741858005524
vn 0.59297382831573 -0.3090181350708 -0.74356561899185
vn 0.52393400669098 -0.30901810526848 -0.79372602701187
vn 0.45067569613457 -0.30901807546616 -0.83749580383301
vn 0.37378898262978 -0.30901816487312 -0.8745225071907
vn 0.29389256238937 -0.30901816487312 -0.90450811386108
vn 0.21162989735603 -0.30901822447777 -0.92721116542816
vn 0.12766337394714 -0.30901819467545 -0.94244885444641
vn 0.04266903921962 -0.30901822447777 -0.95009845495224
vn -0.04266903921962 -0.30901819467545 -0.95009845495224
vn -0.12766337394714 -0.30901819467545 -0.94244885444641
vn -0.21162989735603 -0.30901819467545 -0.92721116542816
vn -0.29389256238937 -0.30901822447777 -0.90450811386108
vn -0.37378898262978 -0.30901816487312 -0.8745225071907
vn -0.45067572593689 -0.30901810526848 -0.83749580383301
vn -0.52393400669098 -0.30901810526848 -0.79372602701187
vn -0.59297382831573 -0.3090181350708 -0.74356561899185
vn -0.65723931789398 -0.30901819467545 -0.68741858005524
vn -0.716213285923 -0.30901819467545 -0.62573665380478
vn -0.7694206237793 -0.3090181350708 -0.55901670455933
vn -0.8164330124855 -0.30901810526848 -0.48779603838921
vn -0.8568719625473 -0.30901807546616 -0.41264781355858
vn -0.89041191339493 -0.30901810526848 -0.33417716622353
vn -0.9167827963829 -0.30901819467545 -0.25301596522331
vn -0.9357722401619 -0.30901822447777 -0.16981762647629
vn -0.94722747802734 -0.30901810526848 -0.08525194972754
vn -0.95105618238449 -0.30901798605919 -0.00000000093311
vn -0.94722747802734 -0.30901810526848 0.08525195717812
vn -0.9357722401619 -0.30901822447777 0.16981764137745
vn -0.9167827963829 -0.30901819467545 0.25301596522331
vn -0.89041191339493 -0.30901810526848 0.33417719602585
vn -0.8568719625473 -0.30901804566383 0.41264781355858
vn -0.8164330124855 -0.30901810526848 0.48779603838921
vn -0.7694206237793 -0.30901816487312 0.55901676416397
vn -0.716213285923 -0.30901819467545 0.62573665380478
vn -0.65723931789398 -0.30901819467545 0.68741858005524
vn -0.59297382831573 -0.3090181350708 0.74356561899185
vn -0.52393400669098 -0.30901810526848 0.79372602701187
vn -0.45067569613457 -0.30901807546616 0.83749580383301
vn -0.37378898262978 -0.30901816487312 0.8745225071907
vn -0.29389256238937 -0.30901816487312 0.90450811386108
vn -0.21162989735603 -0.30901822447777 0.92721116542816
vn -0.12766337394714 -0.30901819467545 0.94244885444641
vn -0.04266903921962 -0.30901822447777 0.95009845495224
vn 0.04266903921962 -0.30901819467545 0.95009845495224
vn 0.12766337394714 -0.30901819467545 0.94244885444641
vn 0.21162989735603 -0.30901819467545 0.92721116542816
vn 0.29389256238937 -0.30901822447777 0.90450811386108
vn 0.37378898262978 -0.30901816487312 0.8745225071907
vn 0.45067572593689 -0.30901810526848 0.83749580383301
vn 0.52393400669098 -0.30901810526848 0.79372602701187
vn 0.59297382831573 -0.3090181350708 0.74356561899185
vn 0.65723931789398 -0.30901819467545 0.68741858005524
vn 0.716213285923 -0.30901819467545 0.62573665380478
vn 0.7694206237793 -0.3090181350708 0.55901670455933
vn 0.8164330124855 -0.30901810526848 0.48779603838921
vn 0.8568719625473 -0.30901807546616 0.41264781355858
vn 0.89041191339493 -0.30901810526848 0.33417716622353
vn 0.9167827963829 -0.30901819467545 0.25301596522331
vn 0.9357722401619 -0.30901822447777 0.16981762647629
vn 0.94722747802734 -0.30901810526848 0.08525194972754
vn 0.97492772340775 -0.2225216627121 0.00000000186631
vn 0.97100299596786 -0.22252170741558 -0.08739163726568
vn 0.95926022529602 -0.22252170741558 -0.17408007383347
vn 0.93979412317276 -0.2225217372179 -0.25936672091484
vn 0.91276133060455 -0.22252178192139 -0.34256508946419
vn 0.87837952375412 -0.2225217372179 -0.4230053126812
vn 0.83692556619644 -0.2225217372179 -0.50003963708878
vn 0.78873318433762 -0.22252182662487 -0.57304799556732
vn 0.73419028520584 -0.22252175211906 -0.64144271612167
vn 0.67373615503311 -0.22252167761326 -0.70467281341553
vn 0.60785752534866 -0.22252170741558 -0.76222920417786
vn 0.53708469867706 -0.22252167761326 -0.81364864110947
vn 0.46198773384094 -0.2225216627121 -0.85851699113846
vn 0.38317114114761 -0.22252172231674 -0.89647305011749
vn 0.30126929283142 -0.22252176702023 -0.9272113442421
vn 0.21694169938564 -0.22252164781094 -0.95048427581787
vn 0.13086776435375 -0.22252157330513 -0.96610444784164
vn 0.04374009743333 -0.2225216627121 -0.97394603490829
vn -0.04374009743333 -0.2225216627121 -0.97394603490829
vn -0.13086776435375 -0.22252158820629 -0.96610444784164
vn -0.2169417142868 -0.22252167761326 -0.95048427581787
vn -0.30126932263374 -0.22252176702023 -0.9272113442421
vn -0.38317114114761 -0.22252170741558 -0.89647305011749
vn -0.46198773384094 -0.2225216627121 -0.85851699113846
vn -0.53708469867706 -0.22252167761326 -0.81364864110947
vn -0.60785746574402 -0.22252172231674 -0.7622292637825
vn -0.67373615503311 -0.22252170741558 -0.70467275381088
vn -0.7341902256012 -0.22252176702023 -0.64144271612167
vn -0.78873318433762 -0.22252181172371 -0.57304799556732
vn -0.83692556619644 -0.22252176702023 -0.50003969669342
vn -0.87837952375412 -0.22252176702023 -0.42300534248352
vn -0.91276133060455 -0.22252176702023 -0.34256505966187
vn -0.93979412317276 -0.2225217372179 -0.25936669111252
vn -0.95926022529602 -0.22252169251442 -0.17408008873463
vn -0.97100299596786 -0.22252170741558 -0.08739164471626
vn -0.97492772340775 -0.2225216627121 -0.00000000093315
vn -0.97100299596786 -0.22252170741558 0.08739163726568
vn -0.95926022529602 -0.22252170741558 0.17408007383347
vn -0.93979412317276 -0.2225217372179 0.25936672091484
vn -0.91276133060455 -0.22252178192139 0.34256508946419
vn -0.87837952375412 -0.2225217372179 0.4230053126812
vn -0.83692556619644 -0.2225217372179 0.50003963708878
vn -0.78873318433762 -0.22252182662487 0.57304799556732
vn -0.73419028520584 -0.22252175211906 0.64144271612167
vn -0.67373615503311 -0.22252167761326 0.70467281341553
vn -0.60785752534866 -0.22252170741558 0.76222920417786
vn -0.53708469867706 -0.22252167761326 0.81364864110947
vn -0.46198773384094 -0.2225216627121 0.85851699113846
vn -0.38317114114761 -0.22252172231674 0.89647305011749
vn -0.30126929283142 -0.22252176702023 0.9272113442421
vn -0.21694169938564 -0.22252164781094 0.95048427581787
vn -0.13086776435375 -0.22252157330513 0.96610444784164
vn -0.04374009743333 -0.2225216627121 0.97394603490829
vn 0.04374009743333 -0.2225216627121 0.97394603490829
vn 0.13086776435375 -0.22252158820629 0.96610444784164
vn 0.2169417142868 -0.22252167761326 0.95048427581787
vn 0.30126932263374 -0.22252176702023 0.9272113442421
vn 0.38317114114761 -0.22252170741558 0.89647305011749
vn 0.46198773384094 -0.2225216627121 0.85851699113846
vn 0.53708469867706 -0.22252167761326 0.81364864110947
vn 0.60785746574402 -0.22252172231674 0.7622292637825
vn 0.67373615503311 -0.22252170741558 0.70467275381088
vn 0.7341902256012 -0.22252176702023 0.64144271612167
vn 0.78873318433762 -0.22252181172371 0.57304799556732
vn 0.83692556619644 -0.22252176702023 0.50003969669342
vn 0.87837952375412 -0.22252176702023 0.42300534248352
vn 0.91276133060455 -0.22252176702023 0.34256505966187
vn 0.93979412317276 -0.2225217372179 0.25936669111252
vn 0.95926022529602 -0.22252169251442 0.17408008873463
vn 0.97100299596786 -0.22252170741558 0.08739164471626
vn 0.99094969034195 -0.1342338770628 0.00000000186636
vn 0.98696041107178 -0.13423378765583 -0.08882796019316
vn 0.97502475976944 -0.13423362374306 -0.17694096267223
vn 0.95523875951767 -0.13423372805119 -0.26362898945808
vn 0.92776161432266 -0.13423381745815 -0.34819483757019
vn 0.8928148150444 -0.13423378765583 -0.42995703220367
vn 0.85067957639694 -0.13423374295235 -0.50825732946396
vn 0.80169522762299 -0.13423369824886 -0.58246552944183
vn 0.74625593423843 -0.13423369824886 -0.65198421478271
vn 0.68480831384659 -0.13423372805119 -0.71625339984894
vn 0.61784702539444 -0.13423375785351 -0.77475571632385
vn 0.54591113328934 -0.13423380255699 -0.82702016830444
vn 0.46958008408546 -0.13423383235931 -0.87262582778931
vn 0.3894681930542 -0.13423378765583 -0.91120570898056
vn 0.30622035264969 -0.13423378765583 -0.94244915246964
vn 0.22050684690475 -0.13423381745815 -0.96610456705093
vn 0.13301849365234 -0.1342338770628 -0.98198133707047
vn 0.04445902630687 -0.1342339515686 -0.98995184898376
vn -0.04445902630687 -0.1342339515686 -0.98995184898376
vn -0.13301849365234 -0.1342338770628 -0.98198133707047
vn -0.22050684690475 -0.13423381745815 -0.96610456705093
vn -0.30622035264969 -0.13423378765583 -0.94244915246964
vn -0.38946816325188 -0.13423378765583 -0.91120570898056
vn -0.46958008408546 -0.13423381745815 -0.87262582778931
vn -0.54591113328934 -0.13423381745815 -0.82702016830444
vn -0.61784702539444 -0.13423377275467 -0.77475571632385
vn -0.68480831384659 -0.13423374295235 -0.71625339984894
vn -0.74625587463379 -0.13423371315002 -0.65198427438736
vn -0.80169522762299 -0.1342336833477 -0.58246546983719
vn -0.85067963600159 -0.13423374295235 -0.50825732946396
vn -0.8928148150444 -0.13423380255699 -0.42995703220367
vn -0.92776161432266 -0.13423381745815 -0.34819483757019
vn -0.95523875951767 -0.13423371315002 -0.26362898945808
vn -0.97502475976944 -0.13423362374306 -0.17694096267223
vn -0.98696041107178 -0.13423378765583 -0.08882796019316
vn -0.99094969034195 -0.13423389196396 -0.00000000093318
vn -0.98696041107178 -0.13423378765583 0.08882796019316
vn -0.97502475976944 -0.13423362374306 0.17694096267223
vn -0.95523875951767 -0.13423372805119 0.26362898945808
vn -0.92776161432266 -0.13423381745815 0.34819483757019
vn -0.8928148150444 -0.13423378765583 0.42995703220367
vn -0.85067957639694 -0.13423374295235 0.50825732946396
vn -0.80169522762299 -0.13423369824886 0.58246552944183
vn -0.74625593423843 -0.13423369824886 0.65198421478271
vn -0.68480831384659 -0.13423372805119 0.71625339984894
vn -0.61784702539444 -0.13423375785351 0.77475571632385
vn -0.54591113328934 -0.13423380255699 0.82702016830444
vn -0.46958008408546 -0.13423383235931 0.87262582778931
vn -0.3894681930542 -0.13423378765583 0.91120570898056
vn -0.30622035264969 -0.13423378765583 0.94244915246964
vn -0.22050684690475 -0.13423381745815 0.96610456705093
vn -0.13301849365234 -0.1342338770628 0.98198133707047
vn -0.04445902630687 -0.1342339515686 0.98995184898376
vn 0.04445902630687 -0.1342339515686 0.98995184898376
vn 0.13301849365234 -0.1342338770628 0.98198133707047
vn 0.22050684690475 -0.13423381745815 0.96610456705093
vn 0.30622035264969 -0.13423378765583 0.94244915246964
vn 0.38946816325188 -0.13423378765583 0.91120570898056
vn 0.46958008408546 -0.13423381745815 0.87262582778931
vn 0.54591113328934 -0.13423381745815 0.82702016830444
vn 0.61784702539444 -0.13423377275467 0.77475571632385
vn 0.68480831384659 -0.13423374295235 0.71625339984894
vn 0.74625587463379 -0.13423371315002 0.65198427438736
vn 0.80169522762299 -0.1342336833477 0.58246546983719
vn 0.85067963600159 -0.13423374295235 0.50825732946396
vn 0.8928148150444 -0.13423380255699 0.42995703220367
vn 0.92776161432266 -0.13423381745815 0.34819483757019
vn 0.95523875951767 -0.13423371315002 0.26362898945808
vn 0.97502475976944 -0.13423362374306 0.17694096267223
vn 0.98696041107178 -0.13423378765583 0.08882796019316
vn 0.99899303913116 -0.04486507549882 0
vn 0.99497139453888 -0.04486503452063 -0.08954913169146
vn 0.98293882608414 -0.04486499354243 -0.17837719619274
vn 0.96299225091934 -0.0448650047183 -0.26576870679855
vn 0.93529212474823 -0.04486503079534 -0.35102108120918
vn 0.90006160736084 -0.04486501216888 -0.43344694375992
vn 0.85758435726166 -0.04486494138837 -0.51238280534744
vn 0.80820244550705 -0.04486491531134 -0.58719331026077
vn 0.75231319665909 -0.04486498981714 -0.6572762131691
vn 0.69036674499512 -0.04486507922411 -0.7220670580864
vn 0.62286198139191 -0.04486512765288 -0.78104418516159
vn 0.55034214258194 -0.04486512765288 -0.83373296260834
vn 0.47339159250259 -0.0448650829494 -0.87970876693726
vn 0.39262947440147 -0.04486509039998 -0.91860175132751
vn 0.30870586633682 -0.04486509039998 -0.95009887218475
vn 0.22229672968388 -0.04486514255404 -0.97394621372223
vn 0.13409824669361 -0.0448652356863 -0.98995190858841
vn 0.04481992870569 -0.04486528411508 -0.99798709154129
vn -0.04481993243098 -0.04486528784037 -0.99798709154129
vn -0.13409824669361 -0.0448652356863 -0.98995190858841
vn -0.22229674458504 -0.04486514255404 -0.97394621372223
vn -0.30870586633682 -0.04486509412527 -0.95009881258011
vn -0.39262944459915 -0.0448650829494 -0.91860181093216
vn -0.47339156270027 -0.04486507549882 -0.87970876693726
vn -0.55034220218658 -0.0448651202023 -0.83373296260834
vn -0.62286198139191 -0.04486512765288 -0.78104424476624
vn -0.69036680459976 -0.0448650829494 -0.7220670580864
vn -0.75231313705444 -0.04486498981714 -0.6572762131691
vn -0.80820244550705 -0.04486490041018 -0.58719325065613
vn -0.85758435726166 -0.04486493766308 -0.51238280534744
vn -0.90006160736084 -0.04486500844359 -0.43344694375992
vn -0.93529212474823 -0.04486502334476 -0.35102108120918
vn -0.96299225091934 -0.0448650047183 -0.26576870679855
vn -0.98293882608414 -0.04486498981714 -0.17837716639042
vn -0.99497139453888 -0.04486503824592 -0.08954913914204
vn -0.99899303913116 -0.04486507177353 0
vn -0.99497139453888 -0.04486503452063 0.08954913169146
vn -0.98293882608414 -0.04486499354243 0.17837719619274
vn -0.96299225091934 -0.0448650047183 0.26576870679855
vn -0.93529212474823 -0.04486503079534 0.35102108120918
vn -0.90006160736084 -0.04486501216888 0.43344694375992
vn -0.85758435726166 -0.04486494138837 0.51238280534744
vn -0.80820244550705 -0.04486491531134 0.58719331026077
vn -0.75231319665909 -0.04486498981714 0.6572762131691
vn -0.69036674499512 -0.04486507922411 0.7220670580864
vn -0.62286198139191 -0.04486512765288 0.78104418516159
vn -0.55034214258194 -0.04486512765288 0.83373296260834
vn -0.47339159250259 -0.0448650829494 0.87970876693726
vn -0.39262947440147 -0.04486509039998 0.91860175132751
vn -0.30870586633682 -0.04486509039998 0.95009887218475
vn -0.22229672968388 -0.04486514255404 0.97394621372223
vn -0.13409824669361 -0.0448652356863 0.98995190858841
vn -0.04481992870569 -0.04486528411508 0.99798709154129
vn 0.04481993243098 -0.04486528784037 0.99798709154129
vn 0.13409824669361 -0.0448652356863 0.98995190858841
vn 0.22229674458504 -0.04486514255404 0.97394621372223
vn 0.30870586633682 -0.04486509412527 0.95009881258011
vn 0.39262944459915 -0.0448650829494 0.91860181093216
vn 0.47339156270027 -0.04486507549882 0.87970876693726
vn 0.55034220218658 -0.0448651202023 0.83373296260834
vn 0.62286198139191 -0.04486512765288 0.78104424476624
vn 0.69036680459976 -0.0448650829494 0.7220670580864
vn 0.75231313705444 -0.04486498981714 0.6572762131691
vn 0.80820244550705 -0.04486490041018 0.58719325065613
vn 0.85758435726166 -0.04486493766308 0.51238280534744
vn 0.90006160736084 -0.04486500844359 0.43344694375992
vn 0.93529212474823 -0.04486502334476 0.35102108120918
vn 0.96299225091934 -0.0448650047183 0.26576870679855
vn 0.98293882608414 -0.04486498981714 0.17837716639042
vn 0.99497139453888 -0.04486503824592 0.08954913914204
vn 0.99899303913116 0.04486506804824 0
vn 0.99497139453888 0.04486502707005 -0.08954913169146
vn 0.98293882608414 0.04486498609185 -0.17837718129158
vn 0.96299225091934 0.04486500099301 -0.26576870679855
vn 0.93529212474823 0.04486502707005 -0.35102108120918
vn 0.90006160736084 0.04486500844359 -0.43344694375992
vn 0.85758435726166 0.04486494138837 -0.51238280534744
vn 0.8082023859024 0.04486491158605 -0.58719331026077
vn 0.75231319665909 0.04486498609185 -0.6572762131691
vn 0.69036674499512 0.04486507549882 -0.72206711769104
vn 0.62286198139191 0.04486513510346 -0.78104418516159
vn 0.55034214258194 0.04486512392759 -0.83373296260834
vn 0.47339156270027 0.04486507549882 -0.87970876693726
vn 0.39262947440147 0.0448650829494 -0.91860175132751
vn 0.30870589613914 0.04486509412527 -0.95009881258011
vn 0.22229674458504 0.04486514255404 -0.97394621372223
vn 0.13409824669361 0.0448652356863 -0.98995190858841
vn 0.04481992870569 0.04486528411508 -0.99798709154129
vn -0.04481993243098 0.04486529156566 -0.99798709154129
vn -0.13409824669361 0.04486523941159 -0.98995190858841
vn -0.22229674458504 0.04486514255404 -0.97394621372223
vn -0.30870589613914 0.04486509412527 -0.95009881258011
vn -0.39262944459915 0.0448650829494 -0.91860181093216
vn -0.47339156270027 0.04486507549882 -0.87970876693726
vn -0.55034214258194 0.04486512392759 -0.83373296260834
vn -0.62286198139191 0.04486513510346 -0.78104424476624
vn -0.69036680459976 0.0448650829494 -0.7220670580864
vn -0.75231319665909 0.04486498981714 -0.6572762131691
vn -0.80820244550705 0.04486491158605 -0.58719331026077
vn -0.85758435726166 0.04486493766308 -0.51238280534744
vn -0.90006160736084 0.04486500844359 -0.43344694375992
vn -0.93529212474823 0.04486502707005 -0.35102108120918
vn -0.96299225091934 0.0448650047183 -0.26576870679855
vn -0.98293882608414 0.04486498609185 -0.17837716639042
vn -0.99497139453888 0.04486503452063 -0.08954913914204
vn -0.99899303913116 0.04486507177353 0
vn -0.99497139453888 0.04486502707005 0.08954913169146
vn -0.98293882608414 0.04486498609185 0.17837718129158
vn -0.96299225091934 0.04486500099301 0.26576870679855
vn -0.93529212474823 0.04486502707005 0.35102108120918
vn -0.90006160736084 0.04486500844359 0.43344694375992
vn -0.85758435726166 0.04486494138837 0.51238280534744
vn -0.8082023859024 0.04486491158605 0.58719331026077
vn -0.75231319665909 0.04486498609185 0.6572762131691
vn -0.69036674499512 0.04486507549882 0.72206711769104
vn -0.62286198139191 0.04486513510346 0.78104418516159
vn -0.55034214258194 0.04486512392759 0.83373296260834
vn -0.47339156270027 0.04486507549882 0.87970876693726
vn -0.39262947440147 0.0448650829494 0.91860175132751
vn -0.30870589613914 0.04486509412527 0.95009881258011
vn -0.22229674458504 0.04486514255404 0.97394621372223
vn -0.13409824669361 0.0448652356863 0.98995190858841
vn -0.04481992870569 0.04486528411508 0.99798709154129
vn 0.04481993243098 0.04486529156566 0.99798709154129
vn 0.13409824669361 0.04486523941159 0.98995190858841
vn 0.22229674458504 0.04486514255404 0.97394621372223
vn 0.30870589613914 0.04486509412527 0.95009881258011
vn 0.39262944459915 0.0448650829494 0.91860181093216
vn 0.47339156270027 0.04486507549882 0.87970876693726
vn 0.55034214258194 0.04486512392759 0.83373296260834
vn 0.62286198139191 0.04486513510346 0.78104424476624
vn 0.69036680459976 0.0448650829494 0.7220670580864
vn 0.75231319665909 0.04486498981714 0.6572762131691
vn 0.80820244550705 0.04486491158605 0.58719331026077
vn 0.85758435726166 0.04486493766308 0.51238280534744
vn 0.90006160736084 0.04486500844359 0.43344694375992
vn 0.93529212474823 0.04486502707005 0.35102108120918
vn 0.96299225091934 0.0448650047183 0.26576870679855
vn 0.98293882608414 0.04486498609185 0.17837716639042
vn 0.99497139453888 0.04486503452063 0.08954913914204
vn 0.99094969034195 0.13423389196396 -0.00000000186636
vn 0.98696041107178 0.13423377275467 -0.08882795274258
vn 0.97502475976944 0.13423362374306 -0.17694096267223
vn 0.95523875951767 0.13423371315002 -0.26362901926041
vn 0.92776161432266 0.13423381745815 -0.34819486737251
vn 0.8928148150444 0.13423378765583 -0.42995703220367
vn 0.85067957639694 0.13423375785351 -0.50825732946396
vn 0.80169522762299 0.13423369824886 -0.58246552944183
vn 0.74625587463379 0.13423369824886 -0.65198427438736
vn 0.68480825424194 0.13423374295235 -0.71625339984894
vn 0.61784702539444 0.13423378765583 -0.77475571632385
vn 0.54591113328934 0.13423381745815 -0.82702016830444
vn 0.46958002448082 0.13423381745815 -0.87262588739395
vn 0.38946816325188 0.13423380255699 -0.91120570898056
vn 0.30622035264969 0.13423378765583 -0.94244915246964
vn 0.22050686180592 0.13423381745815 -0.96610456705093
vn 0.1330185085535 0.1342338770628 -0.98198133707047
vn 0.04445903003216 0.1342339515686 -0.98995184898376
vn -0.04445903003216 0.1342339515686 -0.98995184898376
vn -0.1330185085535 0.1342338770628 -0.98198133707047
vn -0.22050684690475 0.13423381745815 -0.96610456705093
vn -0.30622035264969 0.13423378765583 -0.94244915246964
vn -0.3894681930542 0.13423378765583 -0.91120570898056
vn -0.46958002448082 0.13423381745815 -0.87262582778931
vn -0.54591113328934 0.13423381745815 -0.82702016830444
vn -0.61784702539444 0.13423378765583 -0.77475571632385
vn -0.68480825424194 0.13423372805119 -0.71625339984894
vn -0.74625587463379 0.13423369824886 -0.65198421478271
vn -0.80169522762299 0.1342336833477 -0.58246552944183
vn -0.85067957639694 0.13423374295235 -0.50825732946396
vn -0.8928148150444 0.13423378765583 -0.42995700240135
vn -0.92776161432266 0.13423380255699 -0.34819486737251
vn -0.95523875951767 0.13423372805119 -0.26362898945808
vn -0.97502475976944 0.13423362374306 -0.17694096267223
vn -0.98696041107178 0.13423378765583 -0.08882796019316
vn -0.99094969034195 0.1342338770628 0.00000000093318
vn -0.98696041107178 0.13423377275467 0.08882795274258
vn -0.97502475976944 0.13423362374306 0.17694096267223
vn -0.95523875951767 0.13423371315002 0.26362901926041
vn -0.92776161432266 0.13423381745815 0.34819486737251
vn -0.8928148150444 0.13423378765583 0.42995703220367
vn -0.85067957639694 0.13423375785351 0.50825732946396
vn -0.80169522762299 0.13423369824886 0.58246552944183
vn -0.74625587463379 0.13423369824886 0.65198427438736
vn -0.68480825424194 0.13423374295235 0.71625339984894
vn -0.61784702539444 0.13423378765583 0.77475571632385
vn -0.54591113328934 0.13423381745815 0.82702016830444
vn -0.46958002448082 0.13423381745815 0.87262588739395
vn -0.38946816325188 0.13423380255699 0.91120570898056
vn -0.30622035264969 0.13423378765583 0.94244915246964
vn -0.22050686180592 0.13423381745815 0.96610456705093
vn -0.1330185085535 0.1342338770628 0.98198133707047
vn -0.04445903003216 0.1342339515686 0.98995184898376
vn 0.04445903003216 0.1342339515686 0.98995184898376
vn 0.1330185085535 0.1342338770628 0.98198133707047
vn 0.22050684690475 0.13423381745815 0.96610456705093
vn 0.30622035264969 0.13423378765583 0.94244915246964
vn 0.3894681930542 0.13423378765583 0.91120570898056
vn 0.46958002448082 0.13423381745815 0.87262582778931
vn 0.54591113328934 0.13423381745815 0.82702016830444
vn 0.61784702539444 0.13423378765583 0.77475571632385
vn 0.68480825424194 0.13423372805119 0.71625339984894
vn 0.74625587463379 0.13423369824886 0.65198421478271
vn 0.80169522762299 0.1342336833477 0.58246552944183
vn 0.85067957639694 0.13423374295235 0.50825732946396
vn 0.8928148150444 0.13423378765583 0.42995700240135
vn 0.92776161432266 0.13423380255699 0.34819486737251
vn 0.95523875951767 0.13423372805119 0.26362898945808
vn 0.97502475976944 0.13423362374306 0.17694096267223
vn 0.98696041107178 0.13423378765583 0.08882796019316
vn 0.97492772340775 0.22252169251442 -0.00000000186631
vn 0.97100299596786 0.22252170741558 -0.08739163726568
vn 0.95926022529602 0.22252169251442 -0.17408010363579
vn 0.93979412317276 0.22252172231674 -0.25936672091484
vn 0.91276133060455 0.22252176702023 -0.34256511926651
vn 0.87837952375412 0.22252176702023 -0.42300534248352
vn 0.83692556619644 0.22252179682255 -0.50003969669342
vn 0.78873318433762 0.22252181172371 -0.57304799556732
vn 0.7341902256012 0.22252175211906 -0.64144277572632
vn 0.67373603582382 0.22252169251442 -0.70467287302017
vn 0.60785746574402 0.22252169251442 -0.76222920417786
vn 0.53708475828171 0.22252169251442 -0.81364864110947
vn 0.46198776364326 0.2225216627121 -0.85851699113846
vn 0.38317114114761 0.22252170741558 -0.89647305011749
vn 0.30126932263374 0.22252176702023 -0.9272113442421
vn 0.21694169938564 0.2225216627121 -0.95048427581787
vn 0.13086776435375 0.22252157330513 -0.96610444784164
vn 0.04374010115862 0.22252164781094 -0.97394603490829
vn -0.04374010488391 0.22252167761326 -0.97394603490829
vn -0.13086776435375 0.22252157330513 -0.96610444784164
vn -0.21694169938564 0.2225216627121 -0.95048427581787
vn -0.30126929283142 0.22252176702023 -0.9272113442421
vn -0.38317114114761 0.22252169251442 -0.89647305011749
vn -0.46198773384094 0.2225216627121 -0.85851699113846
vn -0.53708475828171 0.22252167761326 -0.81364864110947
vn -0.60785746574402 0.22252170741558 -0.7622292637825
vn -0.67373615503311 0.22252169251442 -0.70467275381088
vn -0.73419028520584 0.22252175211906 -0.64144271612167
vn -0.78873318433762 0.22252181172371 -0.57304799556732
vn -0.83692562580109 0.22252175211906 -0.50003957748413
vn -0.87837952375412 0.22252170741558 -0.4230053126812
vn -0.91276133060455 0.22252176702023 -0.34256511926651
vn -0.93979412317276 0.2225217372179 -0.25936672091484
vn -0.95926022529602 0.22252170741558 -0.17408007383347
vn -0.97100299596786 0.22252170741558 -0.08739163726568
vn -0.97492772340775 0.22252169251442 0.00000000279946
vn -0.97100299596786 0.22252170741558 0.08739163726568
vn -0.95926022529602 0.22252169251442 0.17408010363579
vn -0.93979412317276 0.22252172231674 0.25936672091484
vn -0.91276133060455 0.22252176702023 0.34256511926651
vn -0.87837952375412 0.22252176702023 0.42300534248352
vn -0.83692556619644 0.22252179682255 0.50003969669342
vn -0.78873318433762 0.22252181172371 0.57304799556732
vn -0.7341902256012 0.22252175211906 0.64144277572632
vn -0.67373603582382 0.22252169251442 0.70467287302017
vn -0.60785746574402 0.22252169251442 0.76222920417786
vn -0.53708475828171 0.22252169251442 0.81364864110947
vn -0.46198776364326 0.2225216627121 0.85851699113846
vn -0.38317114114761 0.22252170741558 0.89647305011749
vn -0.30126932263374 0.22252176702023 0.9272113442421
vn -0.21694169938564 0.2225216627121 0.95048427581787
vn -0.13086776435375 0.22252157330513 0.96610444784164
vn -0.04374010115862 0.22252164781094 0.97394603490829
vn 0.04374010488391 0.22252167761326 0.97394603490829
vn 0.13086776435375 0.22252157330513 0.96610444784164
vn 0.21694169938564 0.2225216627121 0.95048427581787
vn 0.30126929283142 0.22252176702023 0.9272113442421
vn 0.38317114114761 0.22252169251442 0.89647305011749
vn 0.46198773384094 0.2225216627121 0.85851699113846
vn 0.53708475828171 0.22252167761326 0.81364864110947
vn 0.60785746574402 0.22252170741558 0.7622292637825
vn 0.67373615503311 0.22252169251442 0.70467275381088
vn 0.73419028520584 0.22252175211906 0.64144271612167
vn 0.78873318433762 0.22252181172371 0.57304799556732
vn 0.83692562580109 0.22252175211906 0.50003957748413
vn 0.87837952375412 0.22252170741558 0.4230053126812
vn 0.91276133060455 0.22252176702023 0.34256511926651
vn 0.93979412317276 0.2225217372179 0.25936672091484
vn 0.95926022529602 0.22252170741558 0.17408007383347
vn 0.97100299596786 0.22252170741558 0.08739163726568
vn 0.95105618238449 0.30901798605919 0.00000000093311
vn 0.94722747802734 0.30901810526848 -0.08525195717812
vn 0.9357722401619 0.30901822447777 -0.16981762647629
vn 0.9167827963829 0.30901819467545 -0.25301596522331
vn 0.89041191339493 0.30901810526848 -0.33417719602585
vn 0.8568719625473 0.30901807546616 -0.41264781355858
vn 0.8164330124855 0.30901807546616 -0.48779597878456
vn 0.76942056417465 0.3090181350708 -0.55901676416397
vn 0.716213285923 0.30901819467545 -0.62573665380478
vn 0.65723925828934 0.30901816487312 -0.68741858005524
vn 0.59297382831573 0.30901816487312 -0.74356555938721
vn 0.52393400669098 0.30901810526848 -0.79372602701187
vn 0.45067569613457 0.30901807546616 -0.83749580383301
vn 0.37378895282745 0.30901819467545 -0.8745225071907
vn 0.29389253258705 0.30901822447777 -0.90450811386108
vn 0.21162986755371 0.30901822447777 -0.92721116542816
vn 0.12766337394714 0.30901819467545 -0.94244885444641
vn 0.04266903921962 0.30901819467545 -0.95009845495224
vn -0.04266903921962 0.30901822447777 -0.95009845495224
vn -0.12766337394714 0.30901822447777 -0.94244885444641
vn -0.21162989735603 0.30901822447777 -0.92721116542816
vn -0.29389253258705 0.30901822447777 -0.90450811386108
vn -0.37378895282745 0.30901819467545 -0.8745225071907
vn -0.45067572593689 0.3090181350708 -0.83749580383301
vn -0.52393400669098 0.3090181350708 -0.79372602701187
vn -0.59297382831573 0.3090181350708 -0.74356561899185
vn -0.65723931789398 0.30901819467545 -0.68741858005524
vn -0.71621322631836 0.3090181350708 -0.62573665380478
vn -0.7694206237793 0.30901810526848 -0.55901670455933
vn -0.8164330124855 0.30901810526848 -0.48779603838921
vn -0.85687202215195 0.30901804566383 -0.41264781355858
vn -0.89041191339493 0.30901810526848 -0.33417719602585
vn -0.9167827963829 0.30901819467545 -0.25301596522331
vn -0.9357722401619 0.30901822447777 -0.16981764137745
vn -0.94722747802734 0.30901810526848 -0.0852519646287
vn -0.95105618238449 0.30901798605919 -0.00000000093311
vn -0.94722747802734 0.30901810526848 0.08525195717812
vn -0.9357722401619 0.30901822447777 0.16981762647629
vn -0.9167827963829 0.30901819467545 0.25301596522331
vn -0.89041191339493 0.30901810526848 0.33417719602585
vn -0.8568719625473 0.30901807546616 0.41264781355858
vn -0.8164330124855 0.30901807546616 0.48779597878456
vn -0.76942056417465 0.3090181350708 0.55901676416397
vn -0.716213285923 0.30901819467545 0.62573665380478
vn -0.65723925828934 0.30901816487312 0.68741858005524
vn -0.59297382831573 0.30901816487312 0.74356555938721
vn -0.52393400669098 0.30901810526848 0.79372602701187
vn -0.45067569613457 0.30901807546616 0.83749580383301
vn -0.37378895282745 0.30901819467545 0.8745225071907
vn -0.29389253258705 0.30901822447777 0.90450811386108
vn -0.21162986755371 0.30901822447777 0.92721116542816
vn -0.12766337394714 0.30901819467545 0.94244885444641
vn -0.04266903921962 0.30901819467545 0.95009845495224
vn 0.04266903921962 0.30901822447777 0.95009845495224
vn 0.12766337394714 0.30901822447777 0.94244885444641
vn 0.21162989735603 0.30901822447777 0.92721116542816
vn 0.29389253258705 0.30901822447777 0.90450811386108
vn 0.37378895282745 0.30901819467545 0.8745225071907
vn 0.45067572593689 0.3090181350708 0.83749580383301
vn 0.52393400669098 0.3090181350708 0.79372602701187
vn 0.59297382831573 0.3090181350708 0.74356561899185
vn 0.65723931789398 0.30901819467545 0.68741858005524
vn 0.71621322631836 0.3090181350708 0.62573665380478
vn 0.7694206237793 0.30901810526848 0.55901670455933
vn 0.8164330124855 0.30901810526848 0.48779603838921
vn 0.85687202215195 0.30901804566383 0.41264781355858
vn 0.89041191339493 0.30901810526848 0.33417719602585
vn 0.9167827963829 0.30901819467545 0.25301596522331
vn 0.9357722401619 0.30901822447777 0.16981764137745
vn 0.94722747802734 0.30901810526848 0.0852519646287
vn 0.91952723264694 0.39302629232407 -0.00000000186611
vn 0.91582548618317 0.39302632212639 -0.08242589980364
vn 0.90474998950958 0.39302638173103 -0.16418792307377
vn 0.88639008998871 0.39302638173103 -0.24462804198265
vn 0.86089342832565 0.39302635192871 -0.32309862971306
vn 0.82846540212631 0.39302635192871 -0.39896792173386
vn 0.78936702013016 0.39302629232407 -0.47162485122681
vn 0.74391317367554 0.39302629232407 -0.54048448801041
vn 0.69246965646744 0.39302635192871 -0.60499256849289
vn 0.63545083999634 0.39302641153336 -0.66462957859039
vn 0.57331585884094 0.39302632212639 -0.71891528367996
vn 0.50656473636627 0.39302641153336 -0.76741278171539
vn 0.43573504686356 0.39302641153336 -0.80973160266876
vn 0.36139726638794 0.39302641153336 -0.84553074836731
vn 0.28414955735207 0.39302644133568 -0.87452226877213
vn 0.20461393892765 0.39302650094032 -0.89647269248962
vn 0.12343115359545 0.39302653074265 -0.91120517253876
vn 0.04125448316336 0.39302653074265 -0.91860121488571
vn -0.04125448688865 0.39302656054497 -0.91860121488571
vn -0.12343116104603 0.39302656054497 -0.91120517253876
vn -0.20461398363113 0.39302653074265 -0.89647269248962
vn -0.28414955735207 0.393026471138 -0.87452226877213
vn -0.36139726638794 0.39302644133568 -0.84553074836731
vn -0.43573504686356 0.39302638173103 -0.80973154306412
vn -0.50656473636627 0.39302641153336 -0.76741278171539
vn -0.57331585884094 0.39302632212639 -0.71891528367996
vn -0.63545078039169 0.39302641153336 -0.66462963819504
vn -0.69246965646744 0.39302638173103 -0.60499256849289
vn -0.74391317367554 0.39302626252174 -0.54048448801041
vn -0.7893670797348 0.39302629232407 -0.47162482142448
vn -0.82846540212631 0.39302635192871 -0.39896792173386
vn -0.8608934879303 0.39302635192871 -0.32309862971306
vn -0.88639008998871 0.39302638173103 -0.24462805688381
vn -0.90474998950958 0.39302638173103 -0.16418793797493
vn -0.91582548618317 0.39302632212639 -0.08242590725422
vn -0.91952723264694 0.39302629232407 0.00000000279916
vn -0.91582548618317 0.39302632212639 0.08242589980364
vn -0.90474998950958 0.39302638173103 0.16418792307377
vn -0.88639008998871 0.39302638173103 0.24462804198265
vn -0.86089342832565 0.39302635192871 0.32309862971306
vn -0.82846540212631 0.39302635192871 0.39896792173386
vn -0.78936702013016 0.39302629232407 0.47162485122681
vn -0.74391317367554 0.39302629232407 0.54048448801041
vn -0.69246965646744 0.39302635192871 0.60499256849289
vn -0.63545083999634 0.39302641153336 0.66462957859039
vn -0.57331585884094 0.39302632212639 0.71891528367996
vn -0.50656473636627 0.39302641153336 0.76741278171539
vn -0.43573504686356 0.39302641153336 0.80973160266876
vn -0.36139726638794 0.39302641153336 0.84553074836731
vn -0.28414955735207 0.39302644133568 0.87452226877213
vn -0.20461393892765 0.39302650094032 0.89647269248962
vn -0.12343115359545 0.39302653074265 0.91120517253876
vn -0.04125448316336 0.39302653074265 0.91860121488571
vn 0.04125448688865 0.39302656054497 0.91860121488571
vn 0.12343116104603 0.39302656054497 0.91120517253876
vn 0.20461398363113 0.39302653074265 0.89647269248962
vn 0.28414955735207 0.393026471138 0.87452226877213
vn 0.36139726638794 0.39302644133568 0.84553074836731
vn 0.43573504686356 0.39302638173103 0.80973154306412
vn 0.50656473636627 0.39302641153336 0.76741278171539
vn 0.57331585884094 0.39302632212639 0.71891528367996
vn 0.63545078039169 0.39302641153336 0.66462963819504
vn 0.69246965646744 0.39302638173103 0.60499256849289
vn 0.74391317367554 0.39302626252174 0.54048448801041
vn 0.7893670797348 0.39302629232407 0.47162482142448
vn 0.82846540212631 0.39302635192871 0.39896792173386
vn 0.8608934879303 0.39302635192871 0.32309862971306
vn 0.88639008998871 0.39302638173103 0.24462805688381
vn 0.90474998950958 0.39302638173103 0.16418793797493
vn 0.91582548618317 0.39302632212639 0.08242590725422
vn 0.88059467077255 0.47387030720711 -0.00000000746391
vn 0.87704962491989 0.47387027740479 -0.07893604785204
vn 0.86644315719604 0.47387021780014 -0.15723624825478
vn 0.84886062145233 0.4738701581955 -0.23427055776119
vn 0.8244434595108 0.47387021780014 -0.30941873788834
vn 0.79338836669922 0.47387027740479 -0.38207569718361
vn 0.7559455037117 0.47387024760246 -0.45165628194809
vn 0.7124160528183 0.47387024760246 -0.51760053634644
vn 0.66315072774887 0.47387021780014 -0.57937741279602
vn 0.60854601860046 0.47387027740479 -0.63648933172226
vn 0.54904180765152 0.47387027740479 -0.68847662210464
vn 0.48511692881584 0.47387027740479 -0.73492074012756
vn 0.41728621721268 0.47387024760246 -0.77544772624969
vn 0.34609580039978 0.47387018799782 -0.80973124504089
vn 0.27211871743202 0.47387018799782 -0.83749532699585
vn 0.19595065712929 0.47387024760246 -0.85851633548737
vn 0.11820516735315 0.47387021780014 -0.87262511253357
vn 0.03950778394938 0.47387018799782 -0.87970799207687
vn -0.03950778394938 0.47387021780014 -0.87970799207687
vn -0.11820516735315 0.47387024760246 -0.87262505292892
vn -0.19595064222813 0.47387024760246 -0.85851633548737
vn -0.27211865782738 0.47387021780014 -0.83749532699585
vn -0.34609586000443 0.47387018799782 -0.80973124504089
vn -0.41728618741035 0.47387021780014 -0.77544778585434
vn -0.48511695861816 0.47387027740479 -0.73492074012756
vn -0.54904186725616 0.47387030720711 -0.6884765625
vn -0.60854607820511 0.47387027740479 -0.63648933172226
vn -0.66315066814423 0.47387027740479 -0.57937741279602
vn -0.7124160528183 0.47387024760246 -0.51760053634644
vn -0.7559455037117 0.47387024760246 -0.45165628194809
vn -0.79338836669922 0.47387024760246 -0.38207572698593
vn -0.82444351911545 0.47387021780014 -0.30941870808601
vn -0.84886062145233 0.47387021780014 -0.23427058756351
vn -0.86644315719604 0.47387021780014 -0.15723626315594
vn -0.87704968452454 0.47387024760246 -0.07893603295088
vn -0.88059467077255 0.47387030720711 0.00000000746391
vn -0.87704962491989 0.47387027740479 0.07893604785204
vn -0.86644315719604 0.47387021780014 0.15723624825478
vn -0.84886062145233 0.4738701581955 0.23427055776119
vn -0.8244434595108 0.47387021780014 0.30941873788834
vn -0.79338836669922 0.47387027740479 0.38207569718361
vn -0.7559455037117 0.47387024760246 0.45165628194809
vn -0.7124160528183 0.47387024760246 0.51760053634644
vn -0.66315072774887 0.47387021780014 0.57937741279602
vn -0.60854601860046 0.47387027740479 0.63648933172226
vn -0.54904180765152 0.47387027740479 0.68847662210464
vn -0.48511692881584 0.47387027740479 0.73492074012756
vn -0.41728621721268 0.47387024760246 0.77544772624969
vn -0.34609580039978 0.47387018799782 0.80973124504089
vn -0.27211871743202 0.47387018799782 0.83749532699585
vn -0.19595065712929 0.47387024760246 0.85851633548737
vn -0.11820516735315 0.47387021780014 0.87262511253357
vn -0.03950778394938 0.47387018799782 0.87970799207687
vn 0.03950778394938 0.47387021780014 0.87970799207687
vn 0.11820516735315 0.47387024760246 0.87262505292892
vn 0.19595064222813 0.47387024760246 0.85851633548737
vn 0.27211865782738 0.47387021780014 0.83749532699585
vn 0.34609586000443 0.47387018799782 0.80973124504089
vn 0.41728618741035 0.47387021780014 0.77544778585434
vn 0.48511695861816 0.47387027740479 0.73492074012756
vn 0.54904186725616 0.47387030720711 0.6884765625
vn 0.60854607820511 0.47387027740479 0.63648933172226
vn 0.66315066814423 0.47387027740479 0.57937741279602
vn 0.7124160528183 0.47387024760246 0.51760053634644
vn 0.7559455037117 0.47387024760246 0.45165628194809
vn 0.79338836669922 0.47387024760246 0.38207572698593
vn 0.82444351911545 0.47387021780014 0.30941870808601
vn 0.84886062145233 0.47387021780014 0.23427058756351
vn 0.86644315719604 0.47387021780014 0.15723626315594
vn 0.87704968452454 0.47387024760246 0.07893603295088
vn 0.83457207679749 0.55089873075485 -0.00000001306081
vn 0.83121240139008 0.55089861154556 -0.07481051236391
vn 0.82116031646729 0.55089855194092 -0.14901854097843
vn 0.80449664592743 0.55089849233627 -0.22202694416046
vn 0.78135567903519 0.55089849233627 -0.29324758052826
vn 0.75192362070084 0.55089849233627 -0.36210736632347
vn 0.71643751859665 0.55089855194092 -0.42805150151253
vn 0.67518311738968 0.55089849233627 -0.49054923653603
vn 0.62849241495132 0.55089861154556 -0.54909747838974
vn 0.57674157619476 0.55089861154556 -0.60322463512421
vn 0.52034723758698 0.55089855194092 -0.65249478816986
vn 0.45976337790489 0.55089855194092 -0.69651162624359
vn 0.39547762274742 0.55089849233627 -0.73492056131363
vn 0.32800781726837 0.55089849233627 -0.76741236448288
vn 0.25789692997932 0.55089849233627 -0.79372543096542
vn 0.18570972979069 0.55089849233627 -0.81364780664444
vn 0.11202745884657 0.55089837312698 -0.82701921463013
vn 0.03744304552674 0.55089843273163 -0.83373194932938
vn -0.03744304925203 0.55089843273163 -0.83373194932938
vn -0.11202746629715 0.55089843273163 -0.82701921463013
vn -0.18570972979069 0.55089849233627 -0.81364780664444
vn -0.25789695978165 0.55089849233627 -0.79372543096542
vn -0.32800781726837 0.55089849233627 -0.76741236448288
vn -0.39547762274742 0.55089849233627 -0.73492056131363
vn -0.45976337790489 0.55089855194092 -0.69651162624359
vn -0.52034729719162 0.55089855194092 -0.65249478816986
vn -0.57674157619476 0.55089861154556 -0.60322463512421
vn -0.62849247455597 0.55089855194092 -0.54909747838974
vn -0.67518311738968 0.55089849233627 -0.49054923653603
vn -0.71643751859665 0.55089855194092 -0.42805147171021
vn -0.75192362070084 0.55089849233627 -0.36210733652115
vn -0.78135567903519 0.55089849233627 -0.29324761033058
vn -0.80449664592743 0.55089849233627 -0.2220269292593
vn -0.82116031646729 0.55089855194092 -0.14901854097843
vn -0.83121240139008 0.55089867115021 -0.07481049746275
vn -0.83457207679749 0.55089873075485 0.0000000121279
vn -0.83121240139008 0.55089861154556 0.07481051236391
vn -0.82116031646729 0.55089855194092 0.14901854097843
vn -0.80449664592743 0.55089849233627 0.22202694416046
vn -0.78135567903519 0.55089849233627 0.29324758052826
vn -0.75192362070084 0.55089849233627 0.36210736632347
vn -0.71643751859665 0.55089855194092 0.42805150151253
vn -0.67518311738968 0.55089849233627 0.49054923653603
vn -0.62849241495132 0.55089861154556 0.54909747838974
vn -0.57674157619476 0.55089861154556 0.60322463512421
vn -0.52034723758698 0.55089855194092 0.65249478816986
vn -0.45976337790489 0.55089855194092 0.69651162624359
vn -0.39547762274742 0.55089849233627 0.73492056131363
vn -0.32800781726837 0.55089849233627 0.76741236448288
vn -0.25789692997932 0.55089849233627 0.79372543096542
vn -0.18570972979069 0.55089849233627 0.81364780664444
vn -0.11202745884657 0.55089837312698 0.82701921463013
vn -0.03744304552674 0.55089843273163 0.83373194932938
vn 0.03744304925203 0.55089843273163 0.83373194932938
vn 0.11202746629715 0.55089843273163 0.82701921463013
vn 0.18570972979069 0.55089849233627 0.81364780664444
vn 0.25789695978165 0.55089849233627 0.79372543096542
vn 0.32800781726837 0.55089849233627 0.76741236448288
vn 0.39547762274742 0.55089849233627 0.73492056131363
vn 0.45976337790489 0.55089855194092 0.69651162624359
vn 0.52034729719162 0.55089855194092 0.65249478816986
vn 0.57674157619476 0.55089861154556 0.60322463512421
vn 0.62849247455597 0.55089855194092 0.54909747838974
vn 0.67518311738968 0.55089849233627 0.49054923653603
vn 0.71643751859665 0.55089855194092 0.42805147171021
vn 0.75192362070084 0.55089849233627 0.36210733652115
vn 0.78135567903519 0.55089849233627 0.29324761033058
vn 0.80449664592743 0.55089849233627 0.2220269292593
vn 0.82116031646729 0.55089855194092 0.14901854097843
vn 0.83121240139008 0.55089867115021 0.07481049746275
vn 0.78183037042618 0.62349116802216 -0.00000001679104
vn 0.77868294715881 0.6234912276268 -0.07008276134729
vn 0.76926600933075 0.62349128723145 -0.13960112631321
vn 0.75365537405014 0.62349128723145 -0.20799565315247
vn 0.73197680711746 0.62349128723145 -0.27471542358398
vn 0.70440477132797 0.62349128723145 -0.3392234146595
vn 0.67116129398346 0.6234912276268 -0.40100020170212
vn 0.63251399993896 0.62349128723145 -0.45954835414886
vn 0.58877396583557 0.62349134683609 -0.51439654827118
vn 0.54029369354248 0.62349128723145 -0.56510299444199
vn 0.48746329545975 0.6234912276268 -0.61125952005386
vn 0.43070808053017 0.62349128723145 -0.65249460935593
vn 0.37048488855362 0.6234912276268 -0.68847626447678
vn 0.30727887153625 0.6234912276268 -0.71891468763351
vn 0.24159885942936 0.6234912276268 -0.74356484413147
vn 0.17397359013557 0.62349116802216 -0.76222825050354
vn 0.10494769364595 0.6234912276268 -0.7747545838356
vn 0.03507678210735 0.62349128723145 -0.78104305267334
vn -0.03507678955793 0.62349128723145 -0.78104305267334
vn -0.10494769364595 0.6234912276268 -0.7747545838356
vn -0.17397356033325 0.62349116802216 -0.76222825050354
vn -0.2415988445282 0.62349128723145 -0.74356484413147
vn -0.30727890133858 0.62349128723145 -0.71891468763351
vn -0.37048488855362 0.6234912276268 -0.68847626447678
vn -0.43070808053017 0.6234912276268 -0.65249460935593
vn -0.48746332526207 0.6234912276268 -0.61125946044922
vn -0.54029369354248 0.62349128723145 -0.56510299444199
vn -0.58877396583557 0.62349128723145 -0.51439654827118
vn -0.63251399993896 0.62349128723145 -0.45954838395119
vn -0.67116129398346 0.6234912276268 -0.40100023150444
vn -0.70440477132797 0.62349128723145 -0.3392234146595
vn -0.73197680711746 0.62349128723145 -0.27471539378166
vn -0.75365537405014 0.62349128723145 -0.20799565315247
vn -0.76926600933075 0.62349128723145 -0.13960111141205
vn -0.77868288755417 0.6234912276268 -0.07008273154497
vn -0.78183043003082 0.62349116802216 0.0000000158582
vn -0.77868294715881 0.6234912276268 0.07008276134729
vn -0.76926600933075 0.62349128723145 0.13960112631321
vn -0.75365537405014 0.62349128723145 0.20799565315247
vn -0.73197680711746 0.62349128723145 0.27471542358398
vn -0.70440477132797 0.62349128723145 0.3392234146595
vn -0.67116129398346 0.6234912276268 0.40100020170212
vn -0.63251399993896 0.62349128723145 0.45954835414886
vn -0.58877396583557 0.62349134683609 0.51439654827118
vn -0.54029369354248 0.62349128723145 0.56510299444199
vn -0.48746329545975 0.6234912276268 0.61125952005386
vn -0.43070808053017 0.62349128723145 0.65249460935593
vn -0.37048488855362 0.6234912276268 0.68847626447678
vn -0.30727887153625 0.6234912276268 0.71891468763351
vn -0.24159885942936 0.6234912276268 0.74356484413147
vn -0.17397359013557 0.62349116802216 0.76222825050354
vn -0.10494769364595 0.6234912276268 0.7747545838356
vn -0.03507678210735 0.62349128723145 0.78104305267334
vn 0.03507678955793 0.62349128723145 0.78104305267334
vn 0.10494769364595 0.6234912276268 0.7747545838356
vn 0.17397356033325 0.62349116802216 0.76222825050354
vn 0.2415988445282 0.62349128723145 0.74356484413147
vn 0.30727890133858 0.62349128723145 0.71891468763351
vn 0.37048488855362 0.6234912276268 0.68847626447678
vn 0.43070808053017 0.6234912276268 0.65249460935593
vn 0.48746332526207 0.6234912276268 0.61125946044922
vn 0.54029369354248 0.62349128723145 0.56510299444199
vn 0.58877396583557 0.62349128723145 0.51439654827118
vn 0.63251399993896 0.62349128723145 0.45954838395119
vn 0.67116129398346 0.6234912276268 0.40100023150444
vn 0.70440477132797 0.62349128723145 0.3392234146595
vn 0.73197680711746 0.62349128723145 0.27471539378166
vn 0.75365537405014 0.62349128723145 0.20799565315247
vn 0.76926600933075 0.62349128723145 0.13960111141205
vn 0.77868288755417 0.6234912276268 0.07008273154497
vn 0.72279351949692 0.6910640001297 -0.00000001865505
vn 0.71988379955292 0.6910640001297 -0.06479087471962
vn 0.71117794513702 0.6910640001297 -0.12905979156494
vn 0.69674611091614 0.6910640001297 -0.1922896951437
vn 0.67670452594757 0.69106405973434 -0.25397145748138
vn 0.65121448040009 0.69106411933899 -0.31360825896263
vn 0.620481133461 0.69106411933899 -0.37072026729584
vn 0.58475208282471 0.69106411933899 -0.42484745383263
vn 0.54431509971619 0.69106411933899 -0.47555384039879
vn 0.49949562549591 0.69106405973434 -0.52243143320084
vn 0.45065447688103 0.69106411933899 -0.56510263681412
vn 0.39818477630615 0.69106411933899 -0.60322403907776
vn 0.34250915050507 0.69106417894363 -0.63648867607117
vn 0.28407591581345 0.69106411933899 -0.66462868452072
vn 0.22335551679134 0.69106405973434 -0.68741744756699
vn 0.16083665192127 0.69106411933899 -0.70467156171799
vn 0.09702288359404 0.69106411933899 -0.71625202894211
vn 0.03242801129818 0.69106417894363 -0.72206556797028
vn -0.03242801129818 0.69106411933899 -0.72206562757492
vn -0.09702287614346 0.69106411933899 -0.71625196933746
vn -0.16083660721779 0.69106411933899 -0.70467150211334
vn -0.22335547208786 0.69106405973434 -0.68741744756699
vn -0.28407591581345 0.69106405973434 -0.66462868452072
vn -0.34250915050507 0.69106417894363 -0.63648867607117
vn -0.39818480610847 0.69106411933899 -0.60322403907776
vn -0.45065450668335 0.69106405973434 -0.56510263681412
vn -0.49949559569359 0.69106405973434 -0.52243143320084
vn -0.54431509971619 0.69106411933899 -0.47555390000343
vn -0.58475208282471 0.69106411933899 -0.42484748363495
vn -0.62048125267029 0.69106405973434 -0.37072032690048
vn -0.65121448040009 0.69106405973434 -0.31360825896263
vn -0.67670446634293 0.69106405973434 -0.25397142767906
vn -0.69674617052078 0.69106405973434 -0.19228968024254
vn -0.71117794513702 0.6910640001297 -0.12905976176262
vn -0.71988379955292 0.69106405973434 -0.06479083746672
vn -0.72279357910156 0.6910640001297 0.00000001912142
vn -0.71988379955292 0.6910640001297 0.06479087471962
vn -0.71117794513702 0.6910640001297 0.12905979156494
vn -0.69674611091614 0.6910640001297 0.1922896951437
vn -0.67670452594757 0.69106405973434 0.25397145748138
vn -0.65121448040009 0.69106411933899 0.31360825896263
vn -0.620481133461 0.69106411933899 0.37072026729584
vn -0.58475208282471 0.69106411933899 0.42484745383263
vn -0.54431509971619 0.69106411933899 0.47555384039879
vn -0.49949562549591 0.69106405973434 0.52243143320084
vn -0.45065447688103 0.69106411933899 0.56510263681412
vn -0.39818477630615 0.69106411933899 0.60322403907776
vn -0.34250915050507 0.69106417894363 0.63648867607117
vn -0.28407591581345 0.69106411933899 0.66462868452072
vn -0.22335551679134 0.69106405973434 0.68741744756699
vn -0.16083665192127 0.69106411933899 0.70467156171799
vn -0.09702288359404 0.69106411933899 0.71625202894211
vn -0.03242801129818 0.69106417894363 0.72206556797028
vn 0.03242801129818 0.69106411933899 0.72206562757492
vn 0.09702287614346 0.69106411933899 0.71625196933746
vn 0.16083660721779 0.69106411933899 0.70467150211334
vn 0.22335547208786 0.69106405973434 0.68741744756699
vn 0.28407591581345 0.69106405973434 0.66462868452072
vn 0.34250915050507 0.69106417894363 0.63648867607117
vn 0.39818480610847 0.69106411933899 0.60322403907776
vn 0.45065450668335 0.69106405973434 0.56510263681412
vn 0.49949559569359 0.69106405973434 0.52243143320084
vn 0.54431509971619 0.69106411933899 0.47555390000343
vn 0.58475208282471 0.69106411933899 0.42484748363495
vn 0.62048125267029 0.69106405973434 0.37072032690048
vn 0.65121448040009 0.69106405973434 0.31360825896263
vn 0.67670446634293 0.69106405973434 0.25397142767906
vn 0.69674617052078 0.69106405973434 0.19228968024254
vn 0.71117794513702 0.6910640001297 0.12905976176262
vn 0.71988379955292 0.69106405973434 0.06479083746672
vn 0.6579372882843 0.75307267904282 -0.00000001072569
vn 0.65528863668442 0.75307267904282 -0.05897720530629
vn 0.64736396074295 0.75307267904282 -0.11747933924198
vn 0.6342271566391 0.75307267904282 -0.17503549158573
vn 0.6159839630127 0.75307261943817 -0.23118257522583
vn 0.59278106689453 0.75307267904282 -0.28546825051308
vn 0.56480538845062 0.75307273864746 -0.33745563030243
vn 0.53228235244751 0.75307273864746 -0.38672599196434
vn 0.49547380208969 0.75307267904282 -0.43288242816925
vn 0.45467594265938 0.75307267904282 -0.47555366158485
vn 0.41021722555161 0.75307267904282 -0.51439607143402
vn 0.36245566606522 0.75307273864746 -0.54909682273865
vn 0.31177589297295 0.75307273864746 -0.57937663793564
vn 0.25858584046364 0.75307273864746 -0.60499161481857
vn 0.20331375300884 0.75307273864746 -0.62573552131653
vn 0.14640475809574 0.75307273864746 -0.64144140481949
vn 0.08831699192524 0.75307273864746 -0.65198284387588
vn 0.02951817400753 0.75307279825211 -0.65727472305298
vn -0.02951817587018 0.75307273864746 -0.65727478265762
vn -0.08831698447466 0.75307273864746 -0.65198278427124
vn -0.14640475809574 0.75307273864746 -0.64144140481949
vn -0.20331378281116 0.75307279825211 -0.62573546171188
vn -0.25858587026596 0.75307273864746 -0.60499161481857
vn -0.31177589297295 0.75307273864746 -0.57937663793564
vn -0.36245566606522 0.75307273864746 -0.54909682273865
vn -0.41021725535393 0.75307273864746 -0.51439601182938
vn -0.45467594265938 0.75307267904282 -0.47555366158485
vn -0.49547383189201 0.75307273864746 -0.43288242816925
vn -0.53228235244751 0.75307267904282 -0.38672596216202
vn -0.56480538845062 0.75307273864746 -0.33745566010475
vn -0.59278106689453 0.75307267904282 -0.2854682803154
vn -0.61598390340805 0.75307267904282 -0.23118256032467
vn -0.6342271566391 0.75307267904282 -0.17503547668457
vn -0.64736396074295 0.75307267904282 -0.11747932434082
vn -0.65528863668442 0.75307267904282 -0.05897719785571
vn -0.6579372882843 0.75307267904282 0.00000001119202
vn -0.65528863668442 0.75307267904282 0.05897720530629
vn -0.64736396074295 0.75307267904282 0.11747933924198
vn -0.6342271566391 0.75307267904282 0.17503549158573
vn -0.6159839630127 0.75307261943817 0.23118257522583
vn -0.59278106689453 0.75307267904282 0.28546825051308
vn -0.56480538845062 0.75307273864746 0.33745563030243
vn -0.53228235244751 0.75307273864746 0.38672599196434
vn -0.49547380208969 0.75307267904282 0.43288242816925
vn -0.45467594265938 0.75307267904282 0.47555366158485
vn -0.41021722555161 0.75307267904282 0.51439607143402
vn -0.36245566606522 0.75307273864746 0.54909682273865
vn -0.31177589297295 0.75307273864746 0.57937663793564
vn -0.25858584046364 0.75307273864746 0.60499161481857
vn -0.20331375300884 0.75307273864746 0.62573552131653
vn -0.14640475809574 0.75307273864746 0.64144140481949
vn -0.08831699192524 0.75307273864746 0.65198284387588
vn -0.02951817400753 0.75307279825211 0.65727472305298
vn 0.02951817587018 0.75307273864746 0.65727478265762
vn 0.08831698447466 0.75307273864746 0.65198278427124
vn 0.14640475809574 0.75307273864746 0.64144140481949
vn 0.20331378281116 0.75307279825211 0.62573546171188
vn 0.25858587026596 0.75307273864746 0.60499161481857
vn 0.31177589297295 0.75307273864746 0.57937663793564
vn 0.36245566606522 0.75307273864746 0.54909682273865
vn 0.41021725535393 0.75307273864746 0.51439601182938
vn 0.45467594265938 0.75307267904282 0.47555366158485
vn 0.49547383189201 0.75307273864746 0.43288242816925
vn 0.53228235244751 0.75307267904282 0.38672596216202
vn 0.56480538845062 0.75307273864746 0.33745566010475
vn 0.59278106689453 0.75307267904282 0.2854682803154
vn 0.61598390340805 0.75307267904282 0.23118256032467
vn 0.6342271566391 0.75307267904282 0.17503547668457
vn 0.64736396074295 0.75307267904282 0.11747932434082
vn 0.65528863668442 0.75307267904282 0.05897719785571
vn 0.58778369426727 0.8090181350708 -0.0000000069944
vn 0.58541744947433 0.80901807546616 -0.05268865078688
vn 0.5783377289772 0.8090181350708 -0.10495296120644
vn 0.56660163402557 0.8090181350708 -0.15637205541134
vn 0.55030357837677 0.80901819467545 -0.2065322548151
vn 0.52957475185394 0.8090181350708 -0.25502973794937
vn 0.5045822262764 0.80901807546616 -0.30147394537926
vn 0.47552698850632 0.80901807546616 -0.3454906642437
vn 0.4426431953907 0.80901807546616 -0.38672569394112
vn 0.40619540214539 0.80901807546616 -0.42484703660011
vn 0.36647713184357 0.8090181350708 -0.45954781770706
vn 0.32380828261375 0.80901807546616 -0.49054858088493
vn 0.27853235602379 0.80901807546616 -0.51759976148605
vn 0.23101368546486 0.8090181350708 -0.54048347473145
vn 0.18163511157036 0.80901807546616 -0.55901557207108
vn 0.13079412281513 0.80901807546616 -0.57304680347443
vn 0.07890005409718 0.8090181350708 -0.58246409893036
vn 0.02637080103159 0.80901807546616 -0.5871918797493
vn -0.0263707973063 0.80901807546616 -0.5871918797493
vn -0.07890006154776 0.80901807546616 -0.582464158535
vn -0.13079413771629 0.80901807546616 -0.57304680347443
vn -0.18163512647152 0.80901807546616 -0.55901557207108
vn -0.23101371526718 0.80901807546616 -0.54048347473145
vn -0.27853235602379 0.80901807546616 -0.51759970188141
vn -0.32380831241608 0.80901807546616 -0.49054858088493
vn -0.36647713184357 0.80901807546616 -0.45954784750938
vn -0.40619540214539 0.80901807546616 -0.42484703660011
vn -0.4426431953907 0.80901807546616 -0.38672569394112
vn -0.47552698850632 0.8090181350708 -0.3454906642437
vn -0.50458216667175 0.8090181350708 -0.30147391557693
vn -0.52957475185394 0.8090181350708 -0.25502976775169
vn -0.55030357837677 0.8090181350708 -0.20653223991394
vn -0.56660157442093 0.80901819467545 -0.15637205541134
vn -0.57833778858185 0.80901807546616 -0.1049529761076
vn -0.58541750907898 0.80901807546616 -0.05268865078688
vn -0.58778369426727 0.8090181350708 0.0000000069944
vn -0.58541744947433 0.80901807546616 0.05268865078688
vn -0.5783377289772 0.8090181350708 0.10495296120644
vn -0.56660163402557 0.8090181350708 0.15637205541134
vn -0.55030357837677 0.80901819467545 0.2065322548151
vn -0.52957475185394 0.8090181350708 0.25502973794937
vn -0.5045822262764 0.80901807546616 0.30147394537926
vn -0.47552698850632 0.80901807546616 0.3454906642437
vn -0.4426431953907 0.80901807546616 0.38672569394112
vn -0.40619540214539 0.80901807546616 0.42484703660011
vn -0.36647713184357 0.8090181350708 0.45954781770706
vn -0.32380828261375 0.80901807546616 0.49054858088493
vn -0.27853235602379 0.80901807546616 0.51759976148605
vn -0.23101368546486 0.8090181350708 0.54048347473145
vn -0.18163511157036 0.80901807546616 0.55901557207108
vn -0.13079412281513 0.80901807546616 0.57304680347443
vn -0.07890005409718 0.8090181350708 0.58246409893036
vn -0.02637080103159 0.80901807546616 0.5871918797493
vn 0.0263707973063 0.80901807546616 0.5871918797493
vn 0.07890006154776 0.80901807546616 0.582464158535
vn 0.13079413771629 0.80901807546616 0.57304680347443
vn 0.18163512647152 0.80901807546616 0.55901557207108
vn 0.23101371526718 0.80901807546616 0.54048347473145
vn 0.27853235602379 0.80901807546616 0.51759970188141
vn 0.32380831241608 0.80901807546616 0.49054858088493
vn 0.36647713184357 0.80901807546616 0.45954784750938
vn 0.40619540214539 0.80901807546616 0.42484703660011
vn 0.4426431953907 0.80901807546616 0.38672569394112
vn 0.47552698850632 0.8090181350708 0.3454906642437
vn 0.50458216667175 0.8090181350708 0.30147391557693
vn 0.52957475185394 0.8090181350708 0.25502976775169
vn 0.55030357837677 0.8090181350708 0.20653223991394
vn 0.56660157442093 0.80901819467545 0.15637205541134
vn 0.57833778858185 0.80901807546616 0.1049529761076
vn 0.58541750907898 0.80901807546616 0.05268865078688
vn 0.51289761066437 0.85844975709915 -0.0000000144539
vn 0.5108328461647 0.85844975709915 -0.0459758900106
vn 0.5046551823616 0.85844975709915 -0.09158146381378
vn 0.49441429972649 0.85844975709915 -0.13644967973232
vn 0.48019269108772 0.85844975709915 -0.18021927773952
vn 0.4621048271656 0.8584498167038 -0.22253786027431
vn 0.44029641151428 0.85844975709915 -0.26306483149529
vn 0.41494292020798 0.85844975709915 -0.30147376656532
vn 0.38624855875969 0.85844975709915 -0.33745521306992
vn 0.35444438457489 0.8584498167038 -0.37071976065636
vn 0.31978639960289 0.85844975709915 -0.40099954605103
vn 0.28255376219749 0.85844975709915 -0.42805063724518
vn 0.24304613471031 0.85844975709915 -0.45165532827377
vn 0.20158161222935 0.85844975709915 -0.47162359952927
vn 0.15849407017231 0.85844975709915 -0.4877946972847
vn 0.11413037031889 0.85844975709915 -0.50003826618195
vn 0.06884790211916 0.85844975709915 -0.50825583934784
vn 0.02301109954715 0.85844975709915 -0.51238119602203
vn -0.02301108464599 0.85844975709915 -0.51238119602203
vn -0.06884787976742 0.85844975709915 -0.50825577974319
vn -0.11413036286831 0.85844975709915 -0.50003826618195
vn -0.15849408507347 0.85844975709915 -0.48779472708702
vn -0.20158162713051 0.85844975709915 -0.47162362933159
vn -0.24304613471031 0.8584498167038 -0.45165532827377
vn -0.28255376219749 0.85844975709915 -0.4280506670475
vn -0.31978639960289 0.85844975709915 -0.40099954605103
vn -0.35444438457489 0.85844975709915 -0.37071976065636
vn -0.38624858856201 0.85844975709915 -0.33745527267456
vn -0.41494289040565 0.85844975709915 -0.30147370696068
vn -0.44029641151428 0.85844975709915 -0.26306483149529
vn -0.46210479736328 0.8584498167038 -0.22253786027431
vn -0.4801926612854 0.8584498167038 -0.1802192479372
vn -0.49441429972649 0.85844975709915 -0.13644967973232
vn -0.5046551823616 0.85844975709915 -0.09158147126436
vn -0.51083278656006 0.8584498167038 -0.04597587138414
vn -0.51289761066437 0.85844975709915 0.0000000144539
vn -0.5108328461647 0.85844975709915 0.0459758900106
vn -0.5046551823616 0.85844975709915 0.09158146381378
vn -0.49441429972649 0.85844975709915 0.13644967973232
vn -0.48019269108772 0.85844975709915 0.18021927773952
vn -0.4621048271656 0.8584498167038 0.22253786027431
vn -0.44029641151428 0.85844975709915 0.26306483149529
vn -0.41494292020798 0.85844975709915 0.30147376656532
vn -0.38624855875969 0.85844975709915 0.33745521306992
vn -0.35444438457489 0.8584498167038 0.37071976065636
vn -0.31978639960289 0.85844975709915 0.40099954605103
vn -0.28255376219749 0.85844975709915 0.42805063724518
vn -0.24304613471031 0.85844975709915 0.45165532827377
vn -0.20158161222935 0.85844975709915 0.47162359952927
vn -0.15849407017231 0.85844975709915 0.4877946972847
vn -0.11413037031889 0.85844975709915 0.50003826618195
vn -0.06884790211916 0.85844975709915 0.50825583934784
vn -0.02301109954715 0.85844975709915 0.51238119602203
vn 0.02301108464599 0.85844975709915 0.51238119602203
vn 0.06884787976742 0.85844975709915 0.50825577974319
vn 0.11413036286831 0.85844975709915 0.50003826618195
vn 0.15849408507347 0.85844975709915 0.48779472708702
vn 0.20158162713051 0.85844975709915 0.47162362933159
vn 0.24304613471031 0.8584498167038 0.45165532827377
vn 0.28255376219749 0.85844975709915 0.4280506670475
vn 0.31978639960289 0.85844975709915 0.40099954605103
vn 0.35444438457489 0.85844975709915 0.37071976065636
vn 0.38624858856201 0.85844975709915 0.33745527267456
vn 0.41494289040565 0.85844975709915 0.30147370696068
vn 0.44029641151428 0.85844975709915 0.26306483149529
vn 0.46210479736328 0.8584498167038 0.22253786027431
vn 0.4801926612854 0.8584498167038 0.1802192479372
vn 0.49441429972649 0.85844975709915 0.13644967973232
vn 0.5046551823616 0.85844975709915 0.09158147126436
vn 0.51083278656006 0.8584498167038 0.04597587138414
vn 0.43388232588768 0.9009695649147 -0.00000000792573
vn 0.43213564157486 0.9009695649147 -0.03889297693968
vn 0.42690971493721 0.90096950531006 -0.07747265696526
vn 0.41824647784233 0.90096950531006 -0.11542871594429
vn 0.4062157869339 0.90096950531006 -0.15245540440083
vn 0.390914529562 0.90096950531006 -0.18825444579124
vn 0.37246584892273 0.9009695649147 -0.22253784537315
vn 0.35101819038391 0.9009695649147 -0.25502967834473
vn 0.32674437761307 0.9009695649147 -0.28546804189682
vn 0.29983991384506 0.9009695649147 -0.31360793113708
vn 0.27052128314972 0.90096950531006 -0.33922290802002
vn 0.23902447521687 0.90096950531006 -0.36210662126541
vn 0.20560324192047 0.90096950531006 -0.38207486271858
vn 0.17052671313286 0.90096950531006 -0.39896684885025
vn 0.13407704234123 0.90096950531006 -0.41264665126801
vn 0.09654785692692 0.90096950531006 -0.42300406098366
vn 0.05824141576886 0.90096950531006 -0.42995566129684
vn 0.01946603506804 0.90096950531006 -0.4334454536438
vn -0.01946601830423 0.90096950531006 -0.4334454536438
vn -0.05824138596654 0.90096950531006 -0.42995566129684
vn -0.09654784947634 0.90096950531006 -0.42300403118134
vn -0.13407704234123 0.90096950531006 -0.41264665126801
vn -0.17052671313286 0.90096950531006 -0.39896684885025
vn -0.20560324192047 0.9009695649147 -0.38207483291626
vn -0.23902447521687 0.90096950531006 -0.36210665106773
vn -0.2705212533474 0.90096950531006 -0.33922290802002
vn -0.29983988404274 0.9009695649147 -0.31360793113708
vn -0.32674437761307 0.9009695649147 -0.28546807169914
vn -0.35101816058159 0.9009695649147 -0.25502967834473
vn -0.37246581912041 0.9009695649147 -0.22253784537315
vn -0.39091449975967 0.9009695649147 -0.18825444579124
vn -0.4062157869339 0.90096950531006 -0.15245540440083
vn -0.41824647784233 0.90096950531006 -0.11542870104313
vn -0.42690965533257 0.9009695649147 -0.07747265696526
vn -0.43213561177254 0.9009695649147 -0.03889296576381
vn -0.43388235569 0.9009695649147 0.00000000792574
vn -0.43213564157486 0.9009695649147 0.03889297693968
vn -0.42690971493721 0.90096950531006 0.07747265696526
vn -0.41824647784233 0.90096950531006 0.11542871594429
vn -0.4062157869339 0.90096950531006 0.15245540440083
vn -0.390914529562 0.90096950531006 0.18825444579124
vn -0.37246584892273 0.9009695649147 0.22253784537315
vn -0.35101819038391 0.9009695649147 0.25502967834473
vn -0.32674437761307 0.9009695649147 0.28546804189682
vn -0.29983991384506 0.9009695649147 0.31360793113708
vn -0.27052128314972 0.90096950531006 0.33922290802002
vn -0.23902447521687 0.90096950531006 0.36210662126541
vn -0.20560324192047 0.90096950531006 0.38207486271858
vn -0.17052671313286 0.90096950531006 0.39896684885025
vn -0.13407704234123 0.90096950531006 0.41264665126801
vn -0.09654785692692 0.90096950531006 0.42300406098366
vn -0.05824141576886 0.90096950531006 0.42995566129684
vn -0.01946603506804 0.90096950531006 0.4334454536438
vn 0.01946601830423 0.90096950531006 0.4334454536438
vn 0.05824138596654 0.90096950531006 0.42995566129684
vn 0.09654784947634 0.90096950531006 0.42300403118134
vn 0.13407704234123 0.90096950531006 0.41264665126801
vn 0.17052671313286 0.90096950531006 0.39896684885025
vn 0.20560324192047 0.9009695649147 0.38207483291626
vn 0.23902447521687 0.90096950531006 0.36210665106773
vn 0.2705212533474 0.90096950531006 0.33922290802002
vn 0.29983988404274 0.9009695649147 0.31360793113708
vn 0.32674437761307 0.9009695649147 0.28546807169914
vn 0.35101816058159 0.9009695649147 0.25502967834473
vn 0.37246581912041 0.9009695649147 0.22253784537315
vn 0.39091449975967 0.9009695649147 0.18825444579124
vn 0.4062157869339 0.90096950531006 0.15245540440083
vn 0.41824647784233 0.90096950531006 0.11542870104313
vn 0.42690965533257 0.9009695649147 0.07747265696526
vn 0.43213561177254 0.9009695649147 0.03889296576381
vn 0.35137358307838 0.93623530864716 0
vn 0.34995910525322 0.93623530864716 -0.03149689733982
vn 0.34572690725327 0.93623530864716 -0.06274020671844
vn 0.33871111273766 0.93623530864716 -0.09347832202911
vn 0.32896822690964 0.93623530864716 -0.12346386909485
vn 0.31657668948174 0.93623530864716 -0.15245531499386
vn 0.3016362786293 0.9362353682518 -0.1802191734314
vn 0.28426721692085 0.9362353682518 -0.20653219521046
vn 0.26460939645767 0.93623530864716 -0.23118238151073
vn 0.24282117187977 0.93623530864716 -0.25397104024887
vn 0.21907790005207 0.93623530864716 -0.27471494674683
vn 0.19357062876225 0.93623530864716 -0.29324704408646
vn 0.16650494933128 0.93623530864716 -0.3094180226326
vn 0.13809867203236 0.93623530864716 -0.32309776544571
vn 0.10858041793108 0.93623530864716 -0.33417615294456
vn 0.07818800956011 0.93623530864716 -0.34256392717361
vn 0.04716601222754 0.93623530864716 -0.34819361567497
vn 0.0157642904669 0.93623530864716 -0.35101982951164
vn -0.01576428115368 0.93623530864716 -0.35101982951164
vn -0.04716600105166 0.93623530864716 -0.34819361567497
vn -0.07818800210953 0.93623530864716 -0.34256392717361
vn -0.10858041793108 0.93623530864716 -0.33417615294456
vn -0.13809867203236 0.93623530864716 -0.32309776544571
vn -0.16650494933128 0.93623530864716 -0.3094180226326
vn -0.19357062876225 0.93623530864716 -0.29324704408646
vn -0.21907790005207 0.93623530864716 -0.27471494674683
vn -0.24282117187977 0.93623530864716 -0.25397104024887
vn -0.26460939645767 0.93623530864716 -0.23118238151073
vn -0.28426721692085 0.93623530864716 -0.20653219521046
vn -0.30163630843163 0.93623530864716 -0.18021920323372
vn -0.31657668948174 0.93623530864716 -0.15245532989502
vn -0.32896822690964 0.93623530864716 -0.12346388399601
vn -0.33871111273766 0.93623530864716 -0.09347832202911
vn -0.34572687745094 0.93623530864716 -0.06274020671844
vn -0.3499590754509 0.93623530864716 -0.03149689733982
vn -0.35137361288071 0.93623530864716 0
vn -0.34995910525322 0.93623530864716 0.03149689733982
vn -0.34572690725327 0.93623530864716 0.06274020671844
vn -0.33871111273766 0.93623530864716 0.09347832202911
vn -0.32896822690964 0.93623530864716 0.12346386909485
vn -0.31657668948174 0.93623530864716 0.15245531499386
vn -0.3016362786293 0.9362353682518 0.1802191734314
vn -0.28426721692085 0.9362353682518 0.20653219521046
vn -0.26460939645767 0.93623530864716 0.23118238151073
vn -0.24282117187977 0.93623530864716 0.25397104024887
vn -0.21907790005207 0.93623530864716 0.27471494674683
vn -0.19357062876225 0.93623530864716 0.29324704408646
vn -0.16650494933128 0.93623530864716 0.3094180226326
vn -0.13809867203236 0.93623530864716 0.32309776544571
vn -0.10858041793108 0.93623530864716 0.33417615294456
vn -0.07818800956011 0.93623530864716 0.34256392717361
vn -0.04716601222754 0.93623530864716 0.34819361567497
vn -0.0157642904669 0.93623530864716 0.35101982951164
vn 0.01576428115368 0.93623530864716 0.35101982951164
vn 0.04716600105166 0.93623530864716 0.34819361567497
vn 0.07818800210953 0.93623530864716 0.34256392717361
vn 0.10858041793108 0.93623530864716 0.33417615294456
vn 0.13809867203236 0.93623530864716 0.32309776544571
vn 0.16650494933128 0.93623530864716 0.3094180226326
vn 0.19357062876225 0.93623530864716 0.29324704408646
vn 0.21907790005207 0.93623530864716 0.27471494674683
vn 0.24282117187977 0.93623530864716 0.25397104024887
vn 0.26460939645767 0.93623530864716 0.23118238151073
vn 0.28426721692085 0.93623530864716 0.20653219521046
vn 0.30163630843163 0.93623530864716 0.18021920323372
vn 0.31657668948174 0.93623530864716 0.15245532989502
vn 0.32896822690964 0.93623530864716 0.12346388399601
vn 0.33871111273766 0.93623530864716 0.09347832202911
vn 0.34572687745094 0.93623530864716 0.06274020671844
vn 0.3499590754509 0.93623530864716 0.03149689733982
vn 0.26603591442108 0.96396309137344 -0.00000000023308
vn 0.26496490836143 0.96396315097809 -0.0238472558558
vn 0.26176059246063 0.96396309137344 -0.04750259593129
vn 0.25644874572754 0.96396309137344 -0.07077536731958
vn 0.2490720897913 0.96396309137344 -0.09347833693027
vn 0.23969005048275 0.96396309137344 -0.11542868614197
vn 0.22837823629379 0.96396309137344 -0.13644959032536
vn 0.21522758901119 0.96396309137344 -0.15637195110321
vn 0.20034402608871 0.96396309137344 -0.17503537237644
vn 0.18384745717049 0.96396309137344 -0.19228944182396
vn 0.16587069630623 0.96396309137344 -0.20799522101879
vn 0.14655837416649 0.96396309137344 -0.2220264673233
vn 0.12606608867645 0.96396309137344 -0.23427003622055
vn 0.10455878078938 0.96396309137344 -0.24462740123272
vn 0.08220961689949 0.96396315097809 -0.25301516056061
vn 0.05919858440757 0.96396309137344 -0.25936582684517
vn 0.03571090102196 0.96396309137344 -0.2636282145977
vn 0.01193569228053 0.96396309137344 -0.26576808094978
vn -0.01193569321185 0.96396309137344 -0.26576808094978
vn -0.03571090102196 0.96396309137344 -0.26362824440002
vn -0.05919858440757 0.96396309137344 -0.25936582684517
vn -0.08220962435007 0.96396315097809 -0.25301516056061
vn -0.10455878078938 0.96396309137344 -0.24462740123272
vn -0.12606607377529 0.96396309137344 -0.23427003622055
vn -0.14655835926533 0.96396309137344 -0.22202645242214
vn -0.16587071120739 0.96396309137344 -0.20799522101879
vn -0.18384747207165 0.96396309137344 -0.19228941202164
vn -0.20034401118755 0.96396309137344 -0.17503535747528
vn -0.21522758901119 0.96396309137344 -0.15637196600437
vn -0.22837823629379 0.96396309137344 -0.13644962012768
vn -0.23969006538391 0.96396309137344 -0.11542870104313
vn -0.2490720897913 0.96396309137344 -0.09347832947969
vn -0.25644874572754 0.96396309137344 -0.07077534496784
vn -0.26176056265831 0.96396315097809 -0.04750258848071
vn -0.26496490836143 0.96396315097809 -0.0238472558558
vn -0.26603588461876 0.96396315097809 0
vn -0.26496490836143 0.96396315097809 0.0238472558558
vn -0.26176059246063 0.96396309137344 0.04750259593129
vn -0.25644874572754 0.96396309137344 0.07077536731958
vn -0.2490720897913 0.96396309137344 0.09347833693027
vn -0.23969005048275 0.96396309137344 0.11542868614197
vn -0.22837823629379 0.96396309137344 0.13644959032536
vn -0.21522758901119 0.96396309137344 0.15637195110321
vn -0.20034402608871 0.96396309137344 0.17503537237644
vn -0.18384745717049 0.96396309137344 0.19228944182396
vn -0.16587069630623 0.96396309137344 0.20799522101879
vn -0.14655837416649 0.96396309137344 0.2220264673233
vn -0.12606608867645 0.96396309137344 0.23427003622055
vn -0.10455878078938 0.96396309137344 0.24462740123272
vn -0.08220961689949 0.96396315097809 0.25301516056061
vn -0.05919858440757 0.96396309137344 0.25936582684517
vn -0.03571090102196 0.96396309137344 0.2636282145977
vn -0.01193569228053 0.96396309137344 0.26576808094978
vn 0.01193569321185 0.96396309137344 0.26576808094978
vn 0.03571090102196 0.96396309137344 0.26362824440002
vn 0.05919858440757 0.96396309137344 0.25936582684517
vn 0.08220962435007 0.96396315097809 0.25301516056061
vn 0.10455878078938 0.96396309137344 0.24462740123272
vn 0.12606607377529 0.96396309137344 0.23427003622055
vn 0.14655835926533 0.96396309137344 0.22202645242214
vn 0.16587071120739 0.96396309137344 0.20799522101879
vn 0.18384747207165 0.96396309137344 0.19228941202164
vn 0.20034401118755 0.96396309137344 0.17503535747528
vn 0.21522758901119 0.96396309137344 0.15637196600437
vn 0.22837823629379 0.96396309137344 0.13644962012768
vn 0.23969006538391 0.96396309137344 0.11542870104313
vn 0.2490720897913 0.96396309137344 0.09347832947969
vn 0.25644874572754 0.96396309137344 0.07077534496784
vn 0.26176056265831 0.96396315097809 0.04750258848071
vn 0.26496490836143 0.96396315097809 0.0238472558558
vn 0.17855596542358 0.98392975330353 0.00000001864586
vn 0.17783714830875 0.98392975330353 -0.01600561104715
vn 0.17568650841713 0.98392975330353 -0.03188240900636
vn 0.17212134599686 0.98392975330353 -0.04750248417258
vn 0.16717034578323 0.98392975330353 -0.06274007260799
vn 0.16087336838245 0.98392975330353 -0.07747255265713
vn 0.15328116714954 0.98392975330353 -0.09158121049404
vn 0.1444548368454 0.98392975330353 -0.10495254397392
vn 0.13446539640427 0.98392975330353 -0.11747892200947
vn 0.1233933493495 0.98392975330353 -0.12905934453011
vn 0.1113278567791 0.98392975330353 -0.13960067927837
vn 0.09836596995592 0.98392975330353 -0.14901807904243
vn 0.08461212366819 0.98392975330353 -0.15723563730717
vn 0.07017695903778 0.98392975330353 -0.16418720781803
vn 0.0551768168807 0.98392975330353 -0.16981682181358
vn 0.03973245993257 0.98392975330353 -0.17407920956612
vn 0.02396818436682 0.98392975330353 -0.17694000899792
vn 0.00801093317568 0.98392975330353 -0.17837618291378
vn -0.00801091454923 0.98392975330353 -0.17837618291378
vn -0.02396814525127 0.98392975330353 -0.17694000899792
vn -0.0397324450314 0.98392975330353 -0.17407919466496
vn -0.05517685413361 0.98392975330353 -0.16981685161591
vn -0.0701769888401 0.98392975330353 -0.16418719291687
vn -0.08461210876703 0.98392975330353 -0.15723563730717
vn -0.09836595505476 0.98392975330353 -0.14901806414127
vn -0.1113278567791 0.98392975330353 -0.13960067927837
vn -0.12339334189892 0.98392975330353 -0.12905938923359
vn -0.13446538150311 0.98392975330353 -0.11747893691063
vn -0.14445482194424 0.98392975330353 -0.10495257377625
vn -0.1532811820507 0.98392975330353 -0.09158123284578
vn -0.16087336838245 0.98392975330353 -0.07747255265713
vn -0.16717036068439 0.98392975330353 -0.06274005025625
vn -0.17212134599686 0.98392975330353 -0.04750246927142
vn -0.17568650841713 0.98392975330353 -0.03188242018223
vn -0.17783714830875 0.98392975330353 -0.0160056501627
vn -0.17855595052242 0.98392975330353 -0.00000001852932
vn -0.17783714830875 0.98392975330353 0.01600561104715
vn -0.17568650841713 0.98392975330353 0.03188240900636
vn -0.17212134599686 0.98392975330353 0.04750248417258
vn -0.16717034578323 0.98392975330353 0.06274007260799
vn -0.16087336838245 0.98392975330353 0.07747255265713
vn -0.15328116714954 0.98392975330353 0.09158121049404
vn -0.1444548368454 0.98392975330353 0.10495254397392
vn -0.13446539640427 0.98392975330353 0.11747892200947
vn -0.1233933493495 0.98392975330353 0.12905934453011
vn -0.1113278567791 0.98392975330353 0.13960067927837
vn -0.09836596995592 0.98392975330353 0.14901807904243
vn -0.08461212366819 0.98392975330353 0.15723563730717
vn -0.07017695903778 0.98392975330353 0.16418720781803
vn -0.0551768168807 0.98392975330353 0.16981682181358
vn -0.03973245993257 0.98392975330353 0.17407920956612
vn -0.02396818436682 0.98392975330353 0.17694000899792
vn -0.00801093317568 0.98392975330353 0.17837618291378
vn 0.00801091454923 0.98392975330353 0.17837618291378
vn 0.02396814525127 0.98392975330353 0.17694000899792
vn 0.0397324450314 0.98392975330353 0.17407919466496
vn 0.05517685413361 0.98392975330353 0.16981685161591
vn 0.0701769888401 0.98392975330353 0.16418719291687
vn 0.08461210876703 0.98392975330353 0.15723563730717
vn 0.09836595505476 0.98392975330353 0.14901806414127
vn 0.1113278567791 0.98392975330353 0.13960067927837
vn 0.12339334189892 0.98392975330353 0.12905938923359
vn 0.13446538150311 0.98392975330353 0.11747893691063
vn 0.14445482194424 0.98392975330353 0.10495257377625
vn 0.1532811820507 0.98392975330353 0.09158123284578
vn 0.16087336838245 0.98392975330353 0.07747255265713
vn 0.16717036068439 0.98392975330353 0.06274005025625
vn 0.17212134599686 0.98392975330353 0.04750246927142
vn 0.17568650841713 0.98392975330353 0.03188242018223
vn 0.17783714830875 0.98392975330353 0.0160056501627
vn 0.08963873237371 0.99597436189651 0.00000001305179
vn 0.08927801996469 0.99597436189651 -0.00803514476866
vn 0.08819834887981 0.99597436189651 -0.01600563526154
vn 0.08640854805708 0.99597436189651 -0.02384724654257
vn 0.08392306417227 0.99597430229187 -0.03149683400989
vn 0.08076183497906 0.99597436189651 -0.0388928540051
vn 0.07695039361715 0.99597436189651 -0.04597570374608
vn 0.07251939177513 0.99597436189651 -0.05268838629127
vn 0.06750448048115 0.99597436189651 -0.0589768961072
vn 0.06194608286023 0.99597436189651 -0.06479052454233
vn 0.055888928473 0.99597436189651 -0.07008249312639
vn 0.04938179627061 0.99597430229187 -0.07481023669243
vn 0.04247707501054 0.99597430229187 -0.07893560826778
vn 0.03523030877113 0.99597436189651 -0.08242544531822
vn 0.02769993245602 0.99597436189651 -0.08525163680315
vn 0.01994653977454 0.99597436189651 -0.08739143610001
vn 0.01203252468258 0.99597430229187 -0.08882763236761
vn 0.00402164692059 0.99597436189651 -0.08954861760139
vn -0.00402162782848 0.99597436189651 -0.08954861760139
vn -0.01203248649836 0.99597436189651 -0.08882763236761
vn -0.01994652487338 0.99597436189651 -0.08739145100117
vn -0.02769995108247 0.99597430229187 -0.08525164425373
vn -0.03523032367229 0.99597430229187 -0.08242544531822
vn -0.04247707873583 0.99597430229187 -0.07893560826778
vn -0.04938179254532 0.99597430229187 -0.07481022179127
vn -0.05588893592358 0.99597436189651 -0.07008250057697
vn -0.06194607913494 0.99597430229187 -0.06479053944349
vn -0.06750447303057 0.99597430229187 -0.05897692218423
vn -0.07251938432455 0.99597436189651 -0.0526884123683
vn -0.07695037126541 0.99597436189651 -0.04597572237253
vn -0.08076183497906 0.99597436189651 -0.03889286518097
vn -0.08392304927111 0.99597436189651 -0.03149682655931
vn -0.08640854805708 0.99597436189651 -0.02384724654257
vn -0.08819834887981 0.99597430229187 -0.01600565575063
vn -0.08927803486586 0.99597430229187 -0.00803518295288
vn -0.08963888883591 0.99597430229187 -0.00000001887848
vn -0.08927801996469 0.99597436189651 0.00803514476866
vn -0.08819834887981 0.99597436189651 0.01600563526154
vn -0.08640854805708 0.99597436189651 0.02384724654257
vn -0.08392306417227 0.99597430229187 0.03149683400989
vn -0.08076183497906 0.99597436189651 0.0388928540051
vn -0.07695039361715 0.99597436189651 0.04597570374608
vn -0.07251939177513 0.99597436189651 0.05268838629127
vn -0.06750448048115 0.99597436189651 0.0589768961072
vn -0.06194608286023 0.99597436189651 0.06479052454233
vn -0.055888928473 0.99597436189651 0.07008249312639
vn -0.04938179627061 0.99597430229187 0.07481023669243
vn -0.04247707501054 0.99597430229187 0.07893560826778
vn -0.03523030877113 0.99597436189651 0.08242544531822
vn -0.02769993245602 0.99597436189651 0.08525163680315
vn -0.01994653977454 0.99597436189651 0.08739143610001
vn -0.01203252468258 0.99597430229187 0.08882763236761
vn -0.00402164692059 0.99597436189651 0.08954861760139
vn 0.00402162782848 0.99597436189651 0.08954861760139
vn 0.01203248649836 0.99597436189651 0.08882763236761
vn 0.01994652487338 0.99597436189651 0.08739145100117
vn 0.02769995108247 0.99597430229187 0.08525164425373
vn 0.03523032367229 0.99597430229187 0.08242544531822
vn 0.04247707873583 0.99597430229187 0.07893560826778
vn 0.04938179254532 0.99597430229187 0.07481022179127
vn 0.05588893592358 0.99597436189651 0.07008250057697
vn 0.06194607913494 0.99597430229187 0.06479053944349
vn 0.06750447303057 0.99597430229187 0.05897692218423
vn 0.07251938432455 0.99597436189651 0.0526884123683
vn 0.07695037126541 0.99597436189651 0.04597572237253
vn 0.08076183497906 0.99597436189651 0.03889286518097
vn 0.08392304927111 0.99597436189651 0.03149682655931
vn 0.08640854805708 0.99597436189651 0.02384724654257
vn 0.08819834887981 0.99597430229187 0.01600565575063
vn 0.08927788585424 0.99597436189651 0.00803517736495
vn -0.00000000809736 -1 -0.00000000044615
vn 0 -1 0
vn -0.00000000868336 1 0.00000000059265
vn 0 -1 0
vn 1 0 0
vn 0 0 0
vn 0 -1 0
vn 0 -1 0
vn 0 -0.73018741607666 -0.68324685096741
vn 0 1 0
vn 0 -1 0
vn 0 -1 0
vn 1 0 0
vn 0 1 0
vn 0 0 -1
vn 0 -1 0
vn 0 -1 0
vn 0 1 0
vn 0 0 -1
vn 0 -1 0
vn 0 -1 0
vn 0 -1 0
vn 0 0 -1
vn 0 -1 0
vn 0 -1 0
vn 0 -1 0
vn 0 0.78836572170258 -0.61520683765411
vn 0 -1 0
vn 0 0 -1
vn 0 -1 0
vn 0 -1 0
vn 0 0 -1
vn 0 -1 0
vn 0 -1 0
vn 0 -1 0
vn 0 -0.77002155780792 -0.63801783323288
vn 0 -1 0
vn 0 -1 0
vn 0 -0.76597428321838 -0.64287120103836
vn 0 1 0
vn 0 -1 0
vn 0 0 -1
vn 0 -1 0
vn 0 0 -1
vn 0 1 0
vn 0 0.75390952825546 -0.65697824954987
vn 0 -1 0
vn 0 1 0
vn 0 -0.75124555826187 -0.66002285480499
vn 0 -1 0
vn 0 1 0
vn 0 -0.74925190210342 -0.66228514909744
vn 0 -1 0
vn 0 0 -1
vn 0 0 -1
vn 0 -1 0
# 2436 normals

vt 0 0.02857148647308 0
vt 0 0.05714285373688 0
vt 0.01428571343422 0.05714285373688 0
vt 0.01428571343422 0.02857148647308 0
vt 0.02857142686844 0.05714285373688 0
vt 0.02857142686844 0.02857148647308 0
vt 0.04285714030266 0.05714285373688 0
vt 0.04285714030266 0.02857148647308 0
vt 0.05714285373688 0.05714285373688 0
vt 0.05714285373688 0.02857148647308 0
vt 0.0714285671711 0.05714285373688 0
vt 0.0714285671711 0.02857148647308 0
vt 0.08571428060532 0.05714285373688 0
vt 0.08571428060532 0.02857148647308 0
vt 0.09999999403954 0.05714285373688 0
vt 0.09999999403954 0.02857148647308 0
vt 0.11428570747375 0.05714285373688 0
vt 0.11428570747375 0.02857148647308 0
vt 0.12857142090797 0.05714285373688 0
vt 0.12857142090797 0.02857148647308 0
vt 0.14285713434219 0.05714285373688 0
vt 0.14285713434219 0.02857148647308 0
vt 0.15714284777641 0.05714285373688 0
vt 0.15714284777641 0.02857148647308 0
vt 0.17142856121063 0.05714285373688 0
vt 0.17142856121063 0.02857148647308 0
vt 0.18571427464485 0.05714285373688 0
vt 0.18571427464485 0.02857148647308 0
vt 0.19999998807907 0.05714285373688 0
vt 0.19999998807907 0.02857148647308 0
vt 0.21428570151329 0.05714285373688 0
vt 0.21428570151329 0.02857148647308 0
vt 0.22857141494751 0.05714285373688 0
vt 0.22857141494751 0.02857148647308 0
vt 0.24285712838173 0.05714285373688 0
vt 0.24285712838173 0.02857148647308 0
vt 0.25714284181595 0.05714285373688 0
vt 0.25714284181595 0.02857148647308 0
vt 0.27142858505249 0.05714285373688 0
vt 0.27142858505249 0.02857148647308 0
vt 0.28571426868439 0.05714285373688 0
vt 0.28571426868439 0.02857148647308 0
vt 0.30000001192093 0.05714285373688 0
vt 0.30000001192093 0.02857148647308 0
vt 0.31428569555283 0.05714285373688 0
vt 0.31428569555283 0.02857148647308 0
vt 0.32857143878937 0.05714285373688 0
vt 0.32857143878937 0.02857148647308 0
vt 0.34285712242126 0.05714285373688 0
vt 0.34285712242126 0.02857148647308 0
vt 0.35714286565781 0.05714285373688 0
vt 0.35714286565781 0.02857148647308 0
vt 0.3714285492897 0.05714285373688 0
vt 0.3714285492897 0.02857148647308 0
vt 0.38571429252625 0.05714285373688 0
vt 0.38571429252625 0.02857148647308 0
vt 0.39999997615814 0.05714285373688 0
vt 0.39999997615814 0.02857148647308 0
vt 0.41428571939468 0.05714285373688 0
vt 0.41428571939468 0.02857148647308 0
vt 0.42857140302658 0.05714285373688 0
vt 0.42857140302658 0.02857148647308 0
vt 0.44285714626312 0.05714285373688 0
vt 0.44285714626312 0.02857148647308 0
vt 0.45714282989502 0.05714285373688 0
vt 0.45714282989502 0.02857148647308 0
vt 0.47142857313156 0.05714285373688 0
vt 0.47142857313156 0.02857148647308 0
vt 0.48571425676346 0.05714285373688 0
vt 0.48571425676346 0.02857148647308 0
vt 0.5 0.05714285373688 0
vt 0.5 0.02857148647308 0
vt 0.5142856836319 0.05714285373688 0
vt 0.5142856836319 0.02857148647308 0
vt 0.52857148647308 0.05714285373688 0
vt 0.52857148647308 0.02857148647308 0
vt 0.54285717010498 0.05714285373688 0
vt 0.54285717010498 0.02857148647308 0
vt 0.55714297294617 0.05714285373688 0
vt 0.55714297294617 0.02857148647308 0
vt 0.57142865657806 0.05714285373688 0
vt 0.57142865657806 0.02857148647308 0
vt 0.58571445941925 0.05714285373688 0
vt 0.58571445941925 0.02857148647308 0
vt 0.60000014305115 0.05714285373688 0
vt 0.60000014305115 0.02857148647308 0
vt 0.61428594589233 0.05714285373688 0
vt 0.61428594589233 0.02857148647308 0
vt 0.62857162952423 0.05714285373688 0
vt 0.62857162952423 0.02857148647308 0
vt 0.64285743236542 0.05714285373688 0
vt 0.64285743236542 0.02857148647308 0
vt 0.65714311599731 0.05714285373688 0
vt 0.65714311599731 0.02857148647308 0
vt 0.6714289188385 0.05714285373688 0
vt 0.6714289188385 0.02857148647308 0
vt 0.6857146024704 0.05714285373688 0
vt 0.6857146024704 0.02857148647308 0
vt 0.70000040531158 0.05714285373688 0
vt 0.70000040531158 0.02857148647308 0
vt 0.71428608894348 0.05714285373688 0
vt 0.71428608894348 0.02857148647308 0
vt 0.72857189178467 0.05714285373688 0
vt 0.72857189178467 0.02857148647308 0
vt 0.74285757541656 0.05714285373688 0
vt 0.74285757541656 0.02857148647308 0
vt 0.75714337825775 0.05714285373688 0
vt 0.75714337825775 0.02857148647308 0
vt 0.77142906188965 0.05714285373688 0
vt 0.77142906188965 0.02857148647308 0
vt 0.78571486473084 0.05714285373688 0
vt 0.78571486473084 0.02857148647308 0
vt 0.80000054836273 0.05714285373688 0
vt 0.80000054836273 0.02857148647308 0
vt 0.81428635120392 0.05714285373688 0
vt 0.81428635120392 0.02857148647308 0
vt 0.82857203483582 0.05714285373688 0
vt 0.82857203483582 0.02857148647308 0
vt 0.842857837677 0.05714285373688 0
vt 0.842857837677 0.02857148647308 0
vt 0.8571435213089 0.05714285373688 0
vt 0.8571435213089 0.02857148647308 0
vt 0.87142932415009 0.05714285373688 0
vt 0.87142932415009 0.02857148647308 0
vt 0.88571500778198 0.05714285373688 0
vt 0.88571500778198 0.02857148647308 0
vt 0.90000081062317 0.05714285373688 0
vt 0.90000081062317 0.02857148647308 0
vt 0.91428649425507 0.05714285373688 0
vt 0.91428649425507 0.02857148647308 0
vt 0.92857229709625 0.05714285373688 0
vt 0.92857229709625 0.02857148647308 0
vt 0.94285798072815 0.05714285373688 0
vt 0.94285798072815 0.02857148647308 0
vt 0.95714378356934 0.05714285373688 0
vt 0.95714378356934 0.02857148647308 0
vt 0.97142946720123 0.05714285373688 0
vt 0.97142946720123 0.02857148647308 0
vt 0.98571527004242 0.05714285373688 0
vt 0.98571527004242 0.02857148647308 0
vt 1 0.05714285373688 0
vt 1 0.02857148647308 0
vt 0 0.08571434020996 0
vt 0.01428571343422 0.08571434020996 0
vt 0.02857142686844 0.08571434020996 0
vt 0.04285714030266 0.08571434020996 0
vt 0.05714285373688 0.08571434020996 0
vt 0.0714285671711 0.08571434020996 0
vt 0.08571428060532 0.08571434020996 0
vt 0.09999999403954 0.08571434020996 0
vt 0.11428570747375 0.08571434020996 0
vt 0.12857142090797 0.08571434020996 0
vt 0.14285713434219 0.08571434020996 0
vt 0.15714284777641 0.08571434020996 0
vt 0.17142856121063 0.08571434020996 0
vt 0.18571427464485 0.08571434020996 0
vt 0.19999998807907 0.08571434020996 0
vt 0.21428570151329 0.08571434020996 0
vt 0.22857141494751 0.08571434020996 0
vt 0.24285712838173 0.08571434020996 0
vt 0.25714284181595 0.08571434020996 0
vt 0.27142858505249 0.08571434020996 0
vt 0.28571426868439 0.08571434020996 0
vt 0.30000001192093 0.08571434020996 0
vt 0.31428569555283 0.08571434020996 0
vt 0.32857143878937 0.08571434020996 0
vt 0.34285712242126 0.08571434020996 0
vt 0.35714286565781 0.08571434020996 0
vt 0.3714285492897 0.08571434020996 0
vt 0.38571429252625 0.08571434020996 0
vt 0.39999997615814 0.08571434020996 0
vt 0.41428571939468 0.08571434020996 0
vt 0.42857140302658 0.08571434020996 0
vt 0.44285714626312 0.08571434020996 0
vt 0.45714282989502 0.08571434020996 0
vt 0.47142857313156 0.08571434020996 0
vt 0.48571425676346 0.08571434020996 0
vt 0.5 0.08571434020996 0
vt 0.5142856836319 0.08571434020996 0
vt 0.52857148647308 0.08571434020996 0
vt 0.54285717010498 0.08571434020996 0
vt 0.55714297294617 0.08571434020996 0
vt 0.57142865657806 0.08571434020996 0
vt 0.58571445941925 0.08571434020996 0
vt 0.60000014305115 0.08571434020996 0
vt 0.61428594589233 0.08571434020996 0
vt 0.62857162952423 0.08571434020996 0
vt 0.64285743236542 0.08571434020996 0
vt 0.65714311599731 0.08571434020996 0
vt 0.6714289188385 0.08571434020996 0
vt 0.6857146024704 0.08571434020996 0
vt 0.70000040531158 0.08571434020996 0
vt 0.71428608894348 0.08571434020996 0
vt 0.72857189178467 0.08571434020996 0
vt 0.74285757541656 0.08571434020996 0
vt 0.75714337825775 0.08571434020996 0
vt 0.77142906188965 0.08571434020996 0
vt 0.78571486473084 0.08571434020996 0
vt 0.80000054836273 0.08571434020996 0
vt 0.81428635120392 0.08571434020996 0
vt 0.82857203483582 0.08571434020996 0
vt 0.842857837677 0.08571434020996 0
vt 0.8571435213089 0.08571434020996 0
vt 0.87142932415009 0.08571434020996 0
vt 0.88571500778198 0.08571434020996 0
vt 0.90000081062317 0.08571434020996 0
vt 0.91428649425507 0.08571434020996 0
vt 0.92857229709625 0.08571434020996 0
vt 0.94285798072815 0.08571434020996 0
vt 0.95714378356934 0.08571434020996 0
vt 0.97142946720123 0.08571434020996 0
vt 0.98571527004242 0.08571434020996 0
vt 1 0.08571434020996 0
vt 0 0.11428570747375 0
vt 0.01428571343422 0.11428570747375 0
vt 0.02857142686844 0.11428570747375 0
vt 0.04285714030266 0.11428570747375 0
vt 0.05714285373688 0.11428570747375 0
vt 0.0714285671711 0.11428570747375 0
vt 0.08571428060532 0.11428570747375 0
vt 0.09999999403954 0.11428570747375 0
vt 0.11428570747375 0.11428570747375 0
vt 0.12857142090797 0.11428570747375 0
vt 0.14285713434219 0.11428570747375 0
vt 0.15714284777641 0.11428570747375 0
vt 0.17142856121063 0.11428570747375 0
vt 0.18571427464485 0.11428570747375 0
vt 0.19999998807907 0.11428570747375 0
vt 0.21428570151329 0.11428570747375 0
vt 0.22857141494751 0.11428570747375 0
vt 0.24285712838173 0.11428570747375 0
vt 0.25714284181595 0.11428570747375 0
vt 0.27142858505249 0.11428570747375 0
vt 0.28571426868439 0.11428570747375 0
vt 0.30000001192093 0.11428570747375 0
vt 0.31428569555283 0.11428570747375 0
vt 0.32857143878937 0.11428570747375 0
vt 0.34285712242126 0.11428570747375 0
vt 0.35714286565781 0.11428570747375 0
vt 0.3714285492897 0.11428570747375 0
vt 0.38571429252625 0.11428570747375 0
vt 0.39999997615814 0.11428570747375 0
vt 0.41428571939468 0.11428570747375 0
vt 0.42857140302658 0.11428570747375 0
vt 0.44285714626312 0.11428570747375 0
vt 0.45714282989502 0.11428570747375 0
vt 0.47142857313156 0.11428570747375 0
vt 0.48571425676346 0.11428570747375 0
vt 0.5 0.11428570747375 0
vt 0.5142856836319 0.11428570747375 0
vt 0.52857148647308 0.11428570747375 0
vt 0.54285717010498 0.11428570747375 0
vt 0.55714297294617 0.11428570747375 0
vt 0.57142865657806 0.11428570747375 0
vt 0.58571445941925 0.11428570747375 0
vt 0.60000014305115 0.11428570747375 0
vt 0.61428594589233 0.11428570747375 0
vt 0.62857162952423 0.11428570747375 0
vt 0.64285743236542 0.11428570747375 0
vt 0.65714311599731 0.11428570747375 0
vt 0.6714289188385 0.11428570747375 0
vt 0.6857146024704 0.11428570747375 0
vt 0.70000040531158 0.11428570747375 0
vt 0.71428608894348 0.11428570747375 0
vt 0.72857189178467 0.11428570747375 0
vt 0.74285757541656 0.11428570747375 0
vt 0.75714337825775 0.11428570747375 0
vt 0.77142906188965 0.11428570747375 0
vt 0.78571486473084 0.11428570747375 0
vt 0.80000054836273 0.11428570747375 0
vt 0.81428635120392 0.11428570747375 0
vt 0.82857203483582 0.11428570747375 0
vt 0.842857837677 0.11428570747375 0
vt 0.8571435213089 0.11428570747375 0
vt 0.87142932415009 0.11428570747375 0
vt 0.88571500778198 0.11428570747375 0
vt 0.90000081062317 0.11428570747375 0
vt 0.91428649425507 0.11428570747375 0
vt 0.92857229709625 0.11428570747375 0
vt 0.94285798072815 0.11428570747375 0
vt 0.95714378356934 0.11428570747375 0
vt 0.97142946720123 0.11428570747375 0
vt 0.98571527004242 0.11428570747375 0
vt 1 0.11428570747375 0
vt 0 0.14285719394684 0
vt 0.01428571343422 0.14285719394684 0
vt 0.02857142686844 0.14285719394684 0
vt 0.04285714030266 0.14285719394684 0
vt 0.05714285373688 0.14285719394684 0
vt 0.0714285671711 0.14285719394684 0
vt 0.08571428060532 0.14285719394684 0
vt 0.09999999403954 0.14285719394684 0
vt 0.11428570747375 0.14285719394684 0
vt 0.12857142090797 0.14285719394684 0
vt 0.14285713434219 0.14285719394684 0
vt 0.15714284777641 0.14285719394684 0
vt 0.17142856121063 0.14285719394684 0
vt 0.18571427464485 0.14285719394684 0
vt 0.19999998807907 0.14285719394684 0
vt 0.21428570151329 0.14285719394684 0
vt 0.22857141494751 0.14285719394684 0
vt 0.24285712838173 0.14285719394684 0
vt 0.25714284181595 0.14285719394684 0
vt 0.27142858505249 0.14285719394684 0
vt 0.28571426868439 0.14285719394684 0
vt 0.30000001192093 0.14285719394684 0
vt 0.31428569555283 0.14285719394684 0
vt 0.32857143878937 0.14285719394684 0
vt 0.34285712242126 0.14285719394684 0
vt 0.35714286565781 0.14285719394684 0
vt 0.3714285492897 0.14285719394684 0
vt 0.38571429252625 0.14285719394684 0
vt 0.39999997615814 0.14285719394684 0
vt 0.41428571939468 0.14285719394684 0
vt 0.42857140302658 0.14285719394684 0
vt 0.44285714626312 0.14285719394684 0
vt 0.45714282989502 0.14285719394684 0
vt 0.47142857313156 0.14285719394684 0
vt 0.48571425676346 0.14285719394684 0
vt 0.5 0.14285719394684 0
vt 0.5142856836319 0.14285719394684 0
vt 0.52857148647308 0.14285719394684 0
vt 0.54285717010498 0.14285719394684 0
vt 0.55714297294617 0.14285719394684 0
vt 0.57142865657806 0.14285719394684 0
vt 0.58571445941925 0.14285719394684 0
vt 0.60000014305115 0.14285719394684 0
vt 0.61428594589233 0.14285719394684 0
vt 0.62857162952423 0.14285719394684 0
vt 0.64285743236542 0.14285719394684 0
vt 0.65714311599731 0.14285719394684 0
vt 0.6714289188385 0.14285719394684 0
vt 0.6857146024704 0.14285719394684 0
vt 0.70000040531158 0.14285719394684 0
vt 0.71428608894348 0.14285719394684 0
vt 0.72857189178467 0.14285719394684 0
vt 0.74285757541656 0.14285719394684 0
vt 0.75714337825775 0.14285719394684 0
vt 0.77142906188965 0.14285719394684 0
vt 0.78571486473084 0.14285719394684 0
vt 0.80000054836273 0.14285719394684 0
vt 0.81428635120392 0.14285719394684 0
vt 0.82857203483582 0.14285719394684 0
vt 0.842857837677 0.14285719394684 0
vt 0.8571435213089 0.14285719394684 0
vt 0.87142932415009 0.14285719394684 0
vt 0.88571500778198 0.14285719394684 0
vt 0.90000081062317 0.14285719394684 0
vt 0.91428649425507 0.14285719394684 0
vt 0.92857229709625 0.14285719394684 0
vt 0.94285798072815 0.14285719394684 0
vt 0.95714378356934 0.14285719394684 0
vt 0.97142946720123 0.14285719394684 0
vt 0.98571527004242 0.14285719394684 0
vt 1 0.14285719394684 0
vt 0 0.17142856121063 0
vt 0.01428571343422 0.17142856121063 0
vt 0.02857142686844 0.17142856121063 0
vt 0.04285714030266 0.17142856121063 0
vt 0.05714285373688 0.17142856121063 0
vt 0.0714285671711 0.17142856121063 0
vt 0.08571428060532 0.17142856121063 0
vt 0.09999999403954 0.17142856121063 0
vt 0.11428570747375 0.17142856121063 0
vt 0.12857142090797 0.17142856121063 0
vt 0.14285713434219 0.17142856121063 0
vt 0.15714284777641 0.17142856121063 0
vt 0.17142856121063 0.17142856121063 0
vt 0.18571427464485 0.17142856121063 0
vt 0.19999998807907 0.17142856121063 0
vt 0.21428570151329 0.17142856121063 0
vt 0.22857141494751 0.17142856121063 0
vt 0.24285712838173 0.17142856121063 0
vt 0.25714284181595 0.17142856121063 0
vt 0.27142858505249 0.17142856121063 0
vt 0.28571426868439 0.17142856121063 0
vt 0.30000001192093 0.17142856121063 0
vt 0.31428569555283 0.17142856121063 0
vt 0.32857143878937 0.17142856121063 0
vt 0.34285712242126 0.17142856121063 0
vt 0.35714286565781 0.17142856121063 0
vt 0.3714285492897 0.17142856121063 0
vt 0.38571429252625 0.17142856121063 0
vt 0.39999997615814 0.17142856121063 0
vt 0.41428571939468 0.17142856121063 0
vt 0.42857140302658 0.17142856121063 0
vt 0.44285714626312 0.17142856121063 0
vt 0.45714282989502 0.17142856121063 0
vt 0.47142857313156 0.17142856121063 0
vt 0.48571425676346 0.17142856121063 0
vt 0.5 0.17142856121063 0
vt 0.5142856836319 0.17142856121063 0
vt 0.52857148647308 0.17142856121063 0
vt 0.54285717010498 0.17142856121063 0
vt 0.55714297294617 0.17142856121063 0
vt 0.57142865657806 0.17142856121063 0
vt 0.58571445941925 0.17142856121063 0
vt 0.60000014305115 0.17142856121063 0
vt 0.61428594589233 0.17142856121063 0
vt 0.62857162952423 0.17142856121063 0
vt 0.64285743236542 0.17142856121063 0
vt 0.65714311599731 0.17142856121063 0
vt 0.6714289188385 0.17142856121063 0
vt 0.6857146024704 0.17142856121063 0
vt 0.70000040531158 0.17142856121063 0
vt 0.71428608894348 0.17142856121063 0
vt 0.72857189178467 0.17142856121063 0
vt 0.74285757541656 0.17142856121063 0
vt 0.75714337825775 0.17142856121063 0
vt 0.77142906188965 0.17142856121063 0
vt 0.78571486473084 0.17142856121063 0
vt 0.80000054836273 0.17142856121063 0
vt 0.81428635120392 0.17142856121063 0
vt 0.82857203483582 0.17142856121063 0
vt 0.842857837677 0.17142856121063 0
vt 0.8571435213089 0.17142856121063 0
vt 0.87142932415009 0.17142856121063 0
vt 0.88571500778198 0.17142856121063 0
vt 0.90000081062317 0.17142856121063 0
vt 0.91428649425507 0.17142856121063 0
vt 0.92857229709625 0.17142856121063 0
vt 0.94285798072815 0.17142856121063 0
vt 0.95714378356934 0.17142856121063 0
vt 0.97142946720123 0.17142856121063 0
vt 0.98571527004242 0.17142856121063 0
vt 1 0.17142856121063 0
vt 0 0.20000004768372 0
vt 0.01428571343422 0.20000004768372 0
vt 0.02857142686844 0.20000004768372 0
vt 0.04285714030266 0.20000004768372 0
vt 0.05714285373688 0.20000004768372 0
vt 0.0714285671711 0.20000004768372 0
vt 0.08571428060532 0.20000004768372 0
vt 0.09999999403954 0.20000004768372 0
vt 0.11428570747375 0.20000004768372 0
vt 0.12857142090797 0.20000004768372 0
vt 0.14285713434219 0.20000004768372 0
vt 0.15714284777641 0.20000004768372 0
vt 0.17142856121063 0.20000004768372 0
vt 0.18571427464485 0.20000004768372 0
vt 0.19999998807907 0.20000004768372 0
vt 0.21428570151329 0.20000004768372 0
vt 0.22857141494751 0.20000004768372 0
vt 0.24285712838173 0.20000004768372 0
vt 0.25714284181595 0.20000004768372 0
vt 0.27142858505249 0.20000004768372 0
vt 0.28571426868439 0.20000004768372 0
vt 0.30000001192093 0.20000004768372 0
vt 0.31428569555283 0.20000004768372 0
vt 0.32857143878937 0.20000004768372 0
vt 0.34285712242126 0.20000004768372 0
vt 0.35714286565781 0.20000004768372 0
vt 0.3714285492897 0.20000004768372 0
vt 0.38571429252625 0.20000004768372 0
vt 0.39999997615814 0.20000004768372 0
vt 0.41428571939468 0.20000004768372 0
vt 0.42857140302658 0.20000004768372 0
vt 0.44285714626312 0.20000004768372 0
vt 0.45714282989502 0.20000004768372 0
vt 0.47142857313156 0.20000004768372 0
vt 0.48571425676346 0.20000004768372 0
vt 0.5 0.20000004768372 0
vt 0.5142856836319 0.20000004768372 0
vt 0.52857148647308 0.20000004768372 0
vt 0.54285717010498 0.20000004768372 0
vt 0.55714297294617 0.20000004768372 0
vt 0.57142865657806 0.20000004768372 0
vt 0.58571445941925 0.20000004768372 0
vt 0.60000014305115 0.20000004768372 0
vt 0.61428594589233 0.20000004768372 0
vt 0.62857162952423 0.20000004768372 0
vt 0.64285743236542 0.20000004768372 0
vt 0.65714311599731 0.20000004768372 0
vt 0.6714289188385 0.20000004768372 0
vt 0.6857146024704 0.20000004768372 0
vt 0.70000040531158 0.20000004768372 0
vt 0.71428608894348 0.20000004768372 0
vt 0.72857189178467 0.20000004768372 0
vt 0.74285757541656 0.20000004768372 0
vt 0.75714337825775 0.20000004768372 0
vt 0.77142906188965 0.20000004768372 0
vt 0.78571486473084 0.20000004768372 0
vt 0.80000054836273 0.20000004768372 0
vt 0.81428635120392 0.20000004768372 0
vt 0.82857203483582 0.20000004768372 0
vt 0.842857837677 0.20000004768372 0
vt 0.8571435213089 0.20000004768372 0
vt 0.87142932415009 0.20000004768372 0
vt 0.88571500778198 0.20000004768372 0
vt 0.90000081062317 0.20000004768372 0
vt 0.91428649425507 0.20000004768372 0
vt 0.92857229709625 0.20000004768372 0
vt 0.94285798072815 0.20000004768372 0
vt 0.95714378356934 0.20000004768372 0
vt 0.97142946720123 0.20000004768372 0
vt 0.98571527004242 0.20000004768372 0
vt 1 0.20000004768372 0
vt 0 0.22857141494751 0
vt 0.01428571343422 0.22857141494751 0
vt 0.02857142686844 0.22857141494751 0
vt 0.04285714030266 0.22857141494751 0
vt 0.05714285373688 0.22857141494751 0
vt 0.0714285671711 0.22857141494751 0
vt 0.08571428060532 0.22857141494751 0
vt 0.09999999403954 0.22857141494751 0
vt 0.11428570747375 0.22857141494751 0
vt 0.12857142090797 0.22857141494751 0
vt 0.14285713434219 0.22857141494751 0
vt 0.15714284777641 0.22857141494751 0
vt 0.17142856121063 0.22857141494751 0
vt 0.18571427464485 0.22857141494751 0
vt 0.19999998807907 0.22857141494751 0
vt 0.21428570151329 0.22857141494751 0
vt 0.22857141494751 0.22857141494751 0
vt 0.24285712838173 0.22857141494751 0
vt 0.25714284181595 0.22857141494751 0
vt 0.27142858505249 0.22857141494751 0
vt 0.28571426868439 0.22857141494751 0
vt 0.30000001192093 0.22857141494751 0
vt 0.31428569555283 0.22857141494751 0
vt 0.32857143878937 0.22857141494751 0
vt 0.34285712242126 0.22857141494751 0
vt 0.35714286565781 0.22857141494751 0
vt 0.3714285492897 0.22857141494751 0
vt 0.38571429252625 0.22857141494751 0
vt 0.39999997615814 0.22857141494751 0
vt 0.41428571939468 0.22857141494751 0
vt 0.42857140302658 0.22857141494751 0
vt 0.44285714626312 0.22857141494751 0
vt 0.45714282989502 0.22857141494751 0
vt 0.47142857313156 0.22857141494751 0
vt 0.48571425676346 0.22857141494751 0
vt 0.5 0.22857141494751 0
vt 0.5142856836319 0.22857141494751 0
vt 0.52857148647308 0.22857141494751 0
vt 0.54285717010498 0.22857141494751 0
vt 0.55714297294617 0.22857141494751 0
vt 0.57142865657806 0.22857141494751 0
vt 0.58571445941925 0.22857141494751 0
vt 0.60000014305115 0.22857141494751 0
vt 0.61428594589233 0.22857141494751 0
vt 0.62857162952423 0.22857141494751 0
vt 0.64285743236542 0.22857141494751 0
vt 0.65714311599731 0.22857141494751 0
vt 0.6714289188385 0.22857141494751 0
vt 0.6857146024704 0.22857141494751 0
vt 0.70000040531158 0.22857141494751 0
vt 0.71428608894348 0.22857141494751 0
vt 0.72857189178467 0.22857141494751 0
vt 0.74285757541656 0.22857141494751 0
vt 0.75714337825775 0.22857141494751 0
vt 0.77142906188965 0.22857141494751 0
vt 0.78571486473084 0.22857141494751 0
vt 0.80000054836273 0.22857141494751 0
vt 0.81428635120392 0.22857141494751 0
vt 0.82857203483582 0.22857141494751 0
vt 0.842857837677 0.22857141494751 0
vt 0.8571435213089 0.22857141494751 0
vt 0.87142932415009 0.22857141494751 0
vt 0.88571500778198 0.22857141494751 0
vt 0.90000081062317 0.22857141494751 0
vt 0.91428649425507 0.22857141494751 0
vt 0.92857229709625 0.22857141494751 0
vt 0.94285798072815 0.22857141494751 0
vt 0.95714378356934 0.22857141494751 0
vt 0.97142946720123 0.22857141494751 0
vt 0.98571527004242 0.22857141494751 0
vt 1 0.22857141494751 0
vt 0 0.25714290142059 0
vt 0.01428571343422 0.25714290142059 0
vt 0.02857142686844 0.25714290142059 0
vt 0.04285714030266 0.25714290142059 0
vt 0.05714285373688 0.25714290142059 0
vt 0.0714285671711 0.25714290142059 0
vt 0.08571428060532 0.25714290142059 0
vt 0.09999999403954 0.25714290142059 0
vt 0.11428570747375 0.25714290142059 0
vt 0.12857142090797 0.25714290142059 0
vt 0.14285713434219 0.25714290142059 0
vt 0.15714284777641 0.25714290142059 0
vt 0.17142856121063 0.25714290142059 0
vt 0.18571427464485 0.25714290142059 0
vt 0.19999998807907 0.25714290142059 0
vt 0.21428570151329 0.25714290142059 0
vt 0.22857141494751 0.25714290142059 0
vt 0.24285712838173 0.25714290142059 0
vt 0.25714284181595 0.25714290142059 0
vt 0.27142858505249 0.25714290142059 0
vt 0.28571426868439 0.25714290142059 0
vt 0.30000001192093 0.25714290142059 0
vt 0.31428569555283 0.25714290142059 0
vt 0.32857143878937 0.25714290142059 0
vt 0.34285712242126 0.25714290142059 0
vt 0.35714286565781 0.25714290142059 0
vt 0.3714285492897 0.25714290142059 0
vt 0.38571429252625 0.25714290142059 0
vt 0.39999997615814 0.25714290142059 0
vt 0.41428571939468 0.25714290142059 0
vt 0.42857140302658 0.25714290142059 0
vt 0.44285714626312 0.25714290142059 0
vt 0.45714282989502 0.25714290142059 0
vt 0.47142857313156 0.25714290142059 0
vt 0.48571425676346 0.25714290142059 0
vt 0.5 0.25714290142059 0
vt 0.5142856836319 0.25714290142059 0
vt 0.52857148647308 0.25714290142059 0
vt 0.54285717010498 0.25714290142059 0
vt 0.55714297294617 0.25714290142059 0
vt 0.57142865657806 0.25714290142059 0
vt 0.58571445941925 0.25714290142059 0
vt 0.60000014305115 0.25714290142059 0
vt 0.61428594589233 0.25714290142059 0
vt 0.62857162952423 0.25714290142059 0
vt 0.64285743236542 0.25714290142059 0
vt 0.65714311599731 0.25714290142059 0
vt 0.6714289188385 0.25714290142059 0
vt 0.6857146024704 0.25714290142059 0
vt 0.70000040531158 0.25714290142059 0
vt 0.71428608894348 0.25714290142059 0
vt 0.72857189178467 0.25714290142059 0
vt 0.74285757541656 0.25714290142059 0
vt 0.75714337825775 0.25714290142059 0
vt 0.77142906188965 0.25714290142059 0
vt 0.78571486473084 0.25714290142059 0
vt 0.80000054836273 0.25714290142059 0
vt 0.81428635120392 0.25714290142059 0
vt 0.82857203483582 0.25714290142059 0
vt 0.842857837677 0.25714290142059 0
vt 0.8571435213089 0.25714290142059 0
vt 0.87142932415009 0.25714290142059 0
vt 0.88571500778198 0.25714290142059 0
vt 0.90000081062317 0.25714290142059 0
vt 0.91428649425507 0.25714290142059 0
vt 0.92857229709625 0.25714290142059 0
vt 0.94285798072815 0.25714290142059 0
vt 0.95714378356934 0.25714290142059 0
vt 0.97142946720123 0.25714290142059 0
vt 0.98571527004242 0.25714290142059 0
vt 1 0.25714290142059 0
vt 0 0.28571426868439 0
vt 0.01428571343422 0.28571426868439 0
vt 0.02857142686844 0.28571426868439 0
vt 0.04285714030266 0.28571426868439 0
vt 0.05714285373688 0.28571426868439 0
vt 0.0714285671711 0.28571426868439 0
vt 0.08571428060532 0.28571426868439 0
vt 0.09999999403954 0.28571426868439 0
vt 0.11428570747375 0.28571426868439 0
vt 0.12857142090797 0.28571426868439 0
vt 0.14285713434219 0.28571426868439 0
vt 0.15714284777641 0.28571426868439 0
vt 0.17142856121063 0.28571426868439 0
vt 0.18571427464485 0.28571426868439 0
vt 0.19999998807907 0.28571426868439 0
vt 0.21428570151329 0.28571426868439 0
vt 0.22857141494751 0.28571426868439 0
vt 0.24285712838173 0.28571426868439 0
vt 0.25714284181595 0.28571426868439 0
vt 0.27142858505249 0.28571426868439 0
vt 0.28571426868439 0.28571426868439 0
vt 0.30000001192093 0.28571426868439 0
vt 0.31428569555283 0.28571426868439 0
vt 0.32857143878937 0.28571426868439 0
vt 0.34285712242126 0.28571426868439 0
vt 0.35714286565781 0.28571426868439 0
vt 0.3714285492897 0.28571426868439 0
vt 0.38571429252625 0.28571426868439 0
vt 0.39999997615814 0.28571426868439 0
vt 0.41428571939468 0.28571426868439 0
vt 0.42857140302658 0.28571426868439 0
vt 0.44285714626312 0.28571426868439 0
vt 0.45714282989502 0.28571426868439 0
vt 0.47142857313156 0.28571426868439 0
vt 0.48571425676346 0.28571426868439 0
vt 0.5 0.28571426868439 0
vt 0.5142856836319 0.28571426868439 0
vt 0.52857148647308 0.28571426868439 0
vt 0.54285717010498 0.28571426868439 0
vt 0.55714297294617 0.28571426868439 0
vt 0.57142865657806 0.28571426868439 0
vt 0.58571445941925 0.28571426868439 0
vt 0.60000014305115 0.28571426868439 0
vt 0.61428594589233 0.28571426868439 0
vt 0.62857162952423 0.28571426868439 0
vt 0.64285743236542 0.28571426868439 0
vt 0.65714311599731 0.28571426868439 0
vt 0.6714289188385 0.28571426868439 0
vt 0.6857146024704 0.28571426868439 0
vt 0.70000040531158 0.28571426868439 0
vt 0.71428608894348 0.28571426868439 0
vt 0.72857189178467 0.28571426868439 0
vt 0.74285757541656 0.28571426868439 0
vt 0.75714337825775 0.28571426868439 0
vt 0.77142906188965 0.28571426868439 0
vt 0.78571486473084 0.28571426868439 0
vt 0.80000054836273 0.28571426868439 0
vt 0.81428635120392 0.28571426868439 0
vt 0.82857203483582 0.28571426868439 0
vt 0.842857837677 0.28571426868439 0
vt 0.8571435213089 0.28571426868439 0
vt 0.87142932415009 0.28571426868439 0
vt 0.88571500778198 0.28571426868439 0
vt 0.90000081062317 0.28571426868439 0
vt 0.91428649425507 0.28571426868439 0
vt 0.92857229709625 0.28571426868439 0
vt 0.94285798072815 0.28571426868439 0
vt 0.95714378356934 0.28571426868439 0
vt 0.97142946720123 0.28571426868439 0
vt 0.98571527004242 0.28571426868439 0
vt 1 0.28571426868439 0
vt 0 0.31428575515747 0
vt 0.01428571343422 0.31428575515747 0
vt 0.02857142686844 0.31428575515747 0
vt 0.04285714030266 0.31428575515747 0
vt 0.05714285373688 0.31428575515747 0
vt 0.0714285671711 0.31428575515747 0
vt 0.08571428060532 0.31428575515747 0
vt 0.09999999403954 0.31428575515747 0
vt 0.11428570747375 0.31428575515747 0
vt 0.12857142090797 0.31428575515747 0
vt 0.14285713434219 0.31428575515747 0
vt 0.15714284777641 0.31428575515747 0
vt 0.17142856121063 0.31428575515747 0
vt 0.18571427464485 0.31428575515747 0
vt 0.19999998807907 0.31428575515747 0
vt 0.21428570151329 0.31428575515747 0
vt 0.22857141494751 0.31428575515747 0
vt 0.24285712838173 0.31428575515747 0
vt 0.25714284181595 0.31428575515747 0
vt 0.27142858505249 0.31428575515747 0
vt 0.28571426868439 0.31428575515747 0
vt 0.30000001192093 0.31428575515747 0
vt 0.31428569555283 0.31428575515747 0
vt 0.32857143878937 0.31428575515747 0
vt 0.34285712242126 0.31428575515747 0
vt 0.35714286565781 0.31428575515747 0
vt 0.3714285492897 0.31428575515747 0
vt 0.38571429252625 0.31428575515747 0
vt 0.39999997615814 0.31428575515747 0
vt 0.41428571939468 0.31428575515747 0
vt 0.42857140302658 0.31428575515747 0
vt 0.44285714626312 0.31428575515747 0
vt 0.45714282989502 0.31428575515747 0
vt 0.47142857313156 0.31428575515747 0
vt 0.48571425676346 0.31428575515747 0
vt 0.5 0.31428575515747 0
vt 0.5142856836319 0.31428575515747 0
vt 0.52857148647308 0.31428575515747 0
vt 0.54285717010498 0.31428575515747 0
vt 0.55714297294617 0.31428575515747 0
vt 0.57142865657806 0.31428575515747 0
vt 0.58571445941925 0.31428575515747 0
vt 0.60000014305115 0.31428575515747 0
vt 0.61428594589233 0.31428575515747 0
vt 0.62857162952423 0.31428575515747 0
vt 0.64285743236542 0.31428575515747 0
vt 0.65714311599731 0.31428575515747 0
vt 0.6714289188385 0.31428575515747 0
vt 0.6857146024704 0.31428575515747 0
vt 0.70000040531158 0.31428575515747 0
vt 0.71428608894348 0.31428575515747 0
vt 0.72857189178467 0.31428575515747 0
vt 0.74285757541656 0.31428575515747 0
vt 0.75714337825775 0.31428575515747 0
vt 0.77142906188965 0.31428575515747 0
vt 0.78571486473084 0.31428575515747 0
vt 0.80000054836273 0.31428575515747 0
vt 0.81428635120392 0.31428575515747 0
vt 0.82857203483582 0.31428575515747 0
vt 0.842857837677 0.31428575515747 0
vt 0.8571435213089 0.31428575515747 0
vt 0.87142932415009 0.31428575515747 0
vt 0.88571500778198 0.31428575515747 0
vt 0.90000081062317 0.31428575515747 0
vt 0.91428649425507 0.31428575515747 0
vt 0.92857229709625 0.31428575515747 0
vt 0.94285798072815 0.31428575515747 0
vt 0.95714378356934 0.31428575515747 0
vt 0.97142946720123 0.31428575515747 0
vt 0.98571527004242 0.31428575515747 0
vt 1 0.31428575515747 0
vt 0 0.34285712242126 0
vt 0.01428571343422 0.34285712242126 0
vt 0.02857142686844 0.34285712242126 0
vt 0.04285714030266 0.34285712242126 0
vt 0.05714285373688 0.34285712242126 0
vt 0.0714285671711 0.34285712242126 0
vt 0.08571428060532 0.34285712242126 0
vt 0.09999999403954 0.34285712242126 0
vt 0.11428570747375 0.34285712242126 0
vt 0.12857142090797 0.34285712242126 0
vt 0.14285713434219 0.34285712242126 0
vt 0.15714284777641 0.34285712242126 0
vt 0.17142856121063 0.34285712242126 0
vt 0.18571427464485 0.34285712242126 0
vt 0.19999998807907 0.34285712242126 0
vt 0.21428570151329 0.34285712242126 0
vt 0.22857141494751 0.34285712242126 0
vt 0.24285712838173 0.34285712242126 0
vt 0.25714284181595 0.34285712242126 0
vt 0.27142858505249 0.34285712242126 0
vt 0.28571426868439 0.34285712242126 0
vt 0.30000001192093 0.34285712242126 0
vt 0.31428569555283 0.34285712242126 0
vt 0.32857143878937 0.34285712242126 0
vt 0.34285712242126 0.34285712242126 0
vt 0.35714286565781 0.34285712242126 0
vt 0.3714285492897 0.34285712242126 0
vt 0.38571429252625 0.34285712242126 0
vt 0.39999997615814 0.34285712242126 0
vt 0.41428571939468 0.34285712242126 0
vt 0.42857140302658 0.34285712242126 0
vt 0.44285714626312 0.34285712242126 0
vt 0.45714282989502 0.34285712242126 0
vt 0.47142857313156 0.34285712242126 0
vt 0.48571425676346 0.34285712242126 0
vt 0.5 0.34285712242126 0
vt 0.5142856836319 0.34285712242126 0
vt 0.52857148647308 0.34285712242126 0
vt 0.54285717010498 0.34285712242126 0
vt 0.55714297294617 0.34285712242126 0
vt 0.57142865657806 0.34285712242126 0
vt 0.58571445941925 0.34285712242126 0
vt 0.60000014305115 0.34285712242126 0
vt 0.61428594589233 0.34285712242126 0
vt 0.62857162952423 0.34285712242126 0
vt 0.64285743236542 0.34285712242126 0
vt 0.65714311599731 0.34285712242126 0
vt 0.6714289188385 0.34285712242126 0
vt 0.6857146024704 0.34285712242126 0
vt 0.70000040531158 0.34285712242126 0
vt 0.71428608894348 0.34285712242126 0
vt 0.72857189178467 0.34285712242126 0
vt 0.74285757541656 0.34285712242126 0
vt 0.75714337825775 0.34285712242126 0
vt 0.77142906188965 0.34285712242126 0
vt 0.78571486473084 0.34285712242126 0
vt 0.80000054836273 0.34285712242126 0
vt 0.81428635120392 0.34285712242126 0
vt 0.82857203483582 0.34285712242126 0
vt 0.842857837677 0.34285712242126 0
vt 0.8571435213089 0.34285712242126 0
vt 0.87142932415009 0.34285712242126 0
vt 0.88571500778198 0.34285712242126 0
vt 0.90000081062317 0.34285712242126 0
vt 0.91428649425507 0.34285712242126 0
vt 0.92857229709625 0.34285712242126 0
vt 0.94285798072815 0.34285712242126 0
vt 0.95714378356934 0.34285712242126 0
vt 0.97142946720123 0.34285712242126 0
vt 0.98571527004242 0.34285712242126 0
vt 1 0.34285712242126 0
vt 0 0.37142860889435 0
vt 0.01428571343422 0.37142860889435 0
vt 0.02857142686844 0.37142860889435 0
vt 0.04285714030266 0.37142860889435 0
vt 0.05714285373688 0.37142860889435 0
vt 0.0714285671711 0.37142860889435 0
vt 0.08571428060532 0.37142860889435 0
vt 0.09999999403954 0.37142860889435 0
vt 0.11428570747375 0.37142860889435 0
vt 0.12857142090797 0.37142860889435 0
vt 0.14285713434219 0.37142860889435 0
vt 0.15714284777641 0.37142860889435 0
vt 0.17142856121063 0.37142860889435 0
vt 0.18571427464485 0.37142860889435 0
vt 0.19999998807907 0.37142860889435 0
vt 0.21428570151329 0.37142860889435 0
vt 0.22857141494751 0.37142860889435 0
vt 0.24285712838173 0.37142860889435 0
vt 0.25714284181595 0.37142860889435 0
vt 0.27142858505249 0.37142860889435 0
vt 0.28571426868439 0.37142860889435 0
vt 0.30000001192093 0.37142860889435 0
vt 0.31428569555283 0.37142860889435 0
vt 0.32857143878937 0.37142860889435 0
vt 0.34285712242126 0.37142860889435 0
vt 0.35714286565781 0.37142860889435 0
vt 0.3714285492897 0.37142860889435 0
vt 0.38571429252625 0.37142860889435 0
vt 0.39999997615814 0.37142860889435 0
vt 0.41428571939468 0.37142860889435 0
vt 0.42857140302658 0.37142860889435 0
vt 0.44285714626312 0.37142860889435 0
vt 0.45714282989502 0.37142860889435 0
vt 0.47142857313156 0.37142860889435 0
vt 0.48571425676346 0.37142860889435 0
vt 0.5 0.37142860889435 0
vt 0.5142856836319 0.37142860889435 0
vt 0.52857148647308 0.37142860889435 0
vt 0.54285717010498 0.37142860889435 0
vt 0.55714297294617 0.37142860889435 0
vt 0.57142865657806 0.37142860889435 0
vt 0.58571445941925 0.37142860889435 0
vt 0.60000014305115 0.37142860889435 0
vt 0.61428594589233 0.37142860889435 0
vt 0.62857162952423 0.37142860889435 0
vt 0.64285743236542 0.37142860889435 0
vt 0.65714311599731 0.37142860889435 0
vt 0.6714289188385 0.37142860889435 0
vt 0.6857146024704 0.37142860889435 0
vt 0.70000040531158 0.37142860889435 0
vt 0.71428608894348 0.37142860889435 0
vt 0.72857189178467 0.37142860889435 0
vt 0.74285757541656 0.37142860889435 0
vt 0.75714337825775 0.37142860889435 0
vt 0.77142906188965 0.37142860889435 0
vt 0.78571486473084 0.37142860889435 0
vt 0.80000054836273 0.37142860889435 0
vt 0.81428635120392 0.37142860889435 0
vt 0.82857203483582 0.37142860889435 0
vt 0.842857837677 0.37142860889435 0
vt 0.8571435213089 0.37142860889435 0
vt 0.87142932415009 0.37142860889435 0
vt 0.88571500778198 0.37142860889435 0
vt 0.90000081062317 0.37142860889435 0
vt 0.91428649425507 0.37142860889435 0
vt 0.92857229709625 0.37142860889435 0
vt 0.94285798072815 0.37142860889435 0
vt 0.95714378356934 0.37142860889435 0
vt 0.97142946720123 0.37142860889435 0
vt 0.98571527004242 0.37142860889435 0
vt 1 0.37142860889435 0
vt 0 0.39999997615814 0
vt 0.01428571343422 0.39999997615814 0
vt 0.02857142686844 0.39999997615814 0
vt 0.04285714030266 0.39999997615814 0
vt 0.05714285373688 0.39999997615814 0
vt 0.0714285671711 0.39999997615814 0
vt 0.08571428060532 0.39999997615814 0
vt 0.09999999403954 0.39999997615814 0
vt 0.11428570747375 0.39999997615814 0
vt 0.12857142090797 0.39999997615814 0
vt 0.14285713434219 0.39999997615814 0
vt 0.15714284777641 0.39999997615814 0
vt 0.17142856121063 0.39999997615814 0
vt 0.18571427464485 0.39999997615814 0
vt 0.19999998807907 0.39999997615814 0
vt 0.21428570151329 0.39999997615814 0
vt 0.22857141494751 0.39999997615814 0
vt 0.24285712838173 0.39999997615814 0
vt 0.25714284181595 0.39999997615814 0
vt 0.27142858505249 0.39999997615814 0
vt 0.28571426868439 0.39999997615814 0
vt 0.30000001192093 0.39999997615814 0
vt 0.31428569555283 0.39999997615814 0
vt 0.32857143878937 0.39999997615814 0
vt 0.34285712242126 0.39999997615814 0
vt 0.35714286565781 0.39999997615814 0
vt 0.3714285492897 0.39999997615814 0
vt 0.38571429252625 0.39999997615814 0
vt 0.39999997615814 0.39999997615814 0
vt 0.41428571939468 0.39999997615814 0
vt 0.42857140302658 0.39999997615814 0
vt 0.44285714626312 0.39999997615814 0
vt 0.45714282989502 0.39999997615814 0
vt 0.47142857313156 0.39999997615814 0
vt 0.48571425676346 0.39999997615814 0
vt 0.5 0.39999997615814 0
vt 0.5142856836319 0.39999997615814 0
vt 0.52857148647308 0.39999997615814 0
vt 0.54285717010498 0.39999997615814 0
vt 0.55714297294617 0.39999997615814 0
vt 0.57142865657806 0.39999997615814 0
vt 0.58571445941925 0.39999997615814 0
vt 0.60000014305115 0.39999997615814 0
vt 0.61428594589233 0.39999997615814 0
vt 0.62857162952423 0.39999997615814 0
vt 0.64285743236542 0.39999997615814 0
vt 0.65714311599731 0.39999997615814 0
vt 0.6714289188385 0.39999997615814 0
vt 0.6857146024704 0.39999997615814 0
vt 0.70000040531158 0.39999997615814 0
vt 0.71428608894348 0.39999997615814 0
vt 0.72857189178467 0.39999997615814 0
vt 0.74285757541656 0.39999997615814 0
vt 0.75714337825775 0.39999997615814 0
vt 0.77142906188965 0.39999997615814 0
vt 0.78571486473084 0.39999997615814 0
vt 0.80000054836273 0.39999997615814 0
vt 0.81428635120392 0.39999997615814 0
vt 0.82857203483582 0.39999997615814 0
vt 0.842857837677 0.39999997615814 0
vt 0.8571435213089 0.39999997615814 0
vt 0.87142932415009 0.39999997615814 0
vt 0.88571500778198 0.39999997615814 0
vt 0.90000081062317 0.39999997615814 0
vt 0.91428649425507 0.39999997615814 0
vt 0.92857229709625 0.39999997615814 0
vt 0.94285798072815 0.39999997615814 0
vt 0.95714378356934 0.39999997615814 0
vt 0.97142946720123 0.39999997615814 0
vt 0.98571527004242 0.39999997615814 0
vt 1 0.39999997615814 0
vt 0 0.42857146263123 0
vt 0.01428571343422 0.42857146263123 0
vt 0.02857142686844 0.42857146263123 0
vt 0.04285714030266 0.42857146263123 0
vt 0.05714285373688 0.42857146263123 0
vt 0.0714285671711 0.42857146263123 0
vt 0.08571428060532 0.42857146263123 0
vt 0.09999999403954 0.42857146263123 0
vt 0.11428570747375 0.42857146263123 0
vt 0.12857142090797 0.42857146263123 0
vt 0.14285713434219 0.42857146263123 0
vt 0.15714284777641 0.42857146263123 0
vt 0.17142856121063 0.42857146263123 0
vt 0.18571427464485 0.42857146263123 0
vt 0.19999998807907 0.42857146263123 0
vt 0.21428570151329 0.42857146263123 0
vt 0.22857141494751 0.42857146263123 0
vt 0.24285712838173 0.42857146263123 0
vt 0.25714284181595 0.42857146263123 0
vt 0.27142858505249 0.42857146263123 0
vt 0.28571426868439 0.42857146263123 0
vt 0.30000001192093 0.42857146263123 0
vt 0.31428569555283 0.42857146263123 0
vt 0.32857143878937 0.42857146263123 0
vt 0.34285712242126 0.42857146263123 0
vt 0.35714286565781 0.42857146263123 0
vt 0.3714285492897 0.42857146263123 0
vt 0.38571429252625 0.42857146263123 0
vt 0.39999997615814 0.42857146263123 0
vt 0.41428571939468 0.42857146263123 0
vt 0.42857140302658 0.42857146263123 0
vt 0.44285714626312 0.42857146263123 0
vt 0.45714282989502 0.42857146263123 0
vt 0.47142857313156 0.42857146263123 0
vt 0.48571425676346 0.42857146263123 0
vt 0.5 0.42857146263123 0
vt 0.5142856836319 0.42857146263123 0
vt 0.52857148647308 0.42857146263123 0
vt 0.54285717010498 0.42857146263123 0
vt 0.55714297294617 0.42857146263123 0
vt 0.57142865657806 0.42857146263123 0
vt 0.58571445941925 0.42857146263123 0
vt 0.60000014305115 0.42857146263123 0
vt 0.61428594589233 0.42857146263123 0
vt 0.62857162952423 0.42857146263123 0
vt 0.64285743236542 0.42857146263123 0
vt 0.65714311599731 0.42857146263123 0
vt 0.6714289188385 0.42857146263123 0
vt 0.6857146024704 0.42857146263123 0
vt 0.70000040531158 0.42857146263123 0
vt 0.71428608894348 0.42857146263123 0
vt 0.72857189178467 0.42857146263123 0
vt 0.74285757541656 0.42857146263123 0
vt 0.75714337825775 0.42857146263123 0
vt 0.77142906188965 0.42857146263123 0
vt 0.78571486473084 0.42857146263123 0
vt 0.80000054836273 0.42857146263123 0
vt 0.81428635120392 0.42857146263123 0
vt 0.82857203483582 0.42857146263123 0
vt 0.842857837677 0.42857146263123 0
vt 0.8571435213089 0.42857146263123 0
vt 0.87142932415009 0.42857146263123 0
vt 0.88571500778198 0.42857146263123 0
vt 0.90000081062317 0.42857146263123 0
vt 0.91428649425507 0.42857146263123 0
vt 0.92857229709625 0.42857146263123 0
vt 0.94285798072815 0.42857146263123 0
vt 0.95714378356934 0.42857146263123 0
vt 0.97142946720123 0.42857146263123 0
vt 0.98571527004242 0.42857146263123 0
vt 1 0.42857146263123 0
vt 0 0.45714282989502 0
vt 0.01428571343422 0.45714282989502 0
vt 0.02857142686844 0.45714282989502 0
vt 0.04285714030266 0.45714282989502 0
vt 0.05714285373688 0.45714282989502 0
vt 0.0714285671711 0.45714282989502 0
vt 0.08571428060532 0.45714282989502 0
vt 0.09999999403954 0.45714282989502 0
vt 0.11428570747375 0.45714282989502 0
vt 0.12857142090797 0.45714282989502 0
vt 0.14285713434219 0.45714282989502 0
vt 0.15714284777641 0.45714282989502 0
vt 0.17142856121063 0.45714282989502 0
vt 0.18571427464485 0.45714282989502 0
vt 0.19999998807907 0.45714282989502 0
vt 0.21428570151329 0.45714282989502 0
vt 0.22857141494751 0.45714282989502 0
vt 0.24285712838173 0.45714282989502 0
vt 0.25714284181595 0.45714282989502 0
vt 0.27142858505249 0.45714282989502 0
vt 0.28571426868439 0.45714282989502 0
vt 0.30000001192093 0.45714282989502 0
vt 0.31428569555283 0.45714282989502 0
vt 0.32857143878937 0.45714282989502 0
vt 0.34285712242126 0.45714282989502 0
vt 0.35714286565781 0.45714282989502 0
vt 0.3714285492897 0.45714282989502 0
vt 0.38571429252625 0.45714282989502 0
vt 0.39999997615814 0.45714282989502 0
vt 0.41428571939468 0.45714282989502 0
vt 0.42857140302658 0.45714282989502 0
vt 0.44285714626312 0.45714282989502 0
vt 0.45714282989502 0.45714282989502 0
vt 0.47142857313156 0.45714282989502 0
vt 0.48571425676346 0.45714282989502 0
vt 0.5 0.45714282989502 0
vt 0.5142856836319 0.45714282989502 0
vt 0.52857148647308 0.45714282989502 0
vt 0.54285717010498 0.45714282989502 0
vt 0.55714297294617 0.45714282989502 0
vt 0.57142865657806 0.45714282989502 0
vt 0.58571445941925 0.45714282989502 0
vt 0.60000014305115 0.45714282989502 0
vt 0.61428594589233 0.45714282989502 0
vt 0.62857162952423 0.45714282989502 0
vt 0.64285743236542 0.45714282989502 0
vt 0.65714311599731 0.45714282989502 0
vt 0.6714289188385 0.45714282989502 0
vt 0.6857146024704 0.45714282989502 0
vt 0.70000040531158 0.45714282989502 0
vt 0.71428608894348 0.45714282989502 0
vt 0.72857189178467 0.45714282989502 0
vt 0.74285757541656 0.45714282989502 0
vt 0.75714337825775 0.45714282989502 0
vt 0.77142906188965 0.45714282989502 0
vt 0.78571486473084 0.45714282989502 0
vt 0.80000054836273 0.45714282989502 0
vt 0.81428635120392 0.45714282989502 0
vt 0.82857203483582 0.45714282989502 0
vt 0.842857837677 0.45714282989502 0
vt 0.8571435213089 0.45714282989502 0
vt 0.87142932415009 0.45714282989502 0
vt 0.88571500778198 0.45714282989502 0
vt 0.90000081062317 0.45714282989502 0
vt 0.91428649425507 0.45714282989502 0
vt 0.92857229709625 0.45714282989502 0
vt 0.94285798072815 0.45714282989502 0
vt 0.95714378356934 0.45714282989502 0
vt 0.97142946720123 0.45714282989502 0
vt 0.98571527004242 0.45714282989502 0
vt 1 0.45714282989502 0
vt 0 0.4857143163681 0
vt 0.01428571343422 0.4857143163681 0
vt 0.02857142686844 0.4857143163681 0
vt 0.04285714030266 0.4857143163681 0
vt 0.05714285373688 0.4857143163681 0
vt 0.0714285671711 0.4857143163681 0
vt 0.08571428060532 0.4857143163681 0
vt 0.09999999403954 0.4857143163681 0
vt 0.11428570747375 0.4857143163681 0
vt 0.12857142090797 0.4857143163681 0
vt 0.14285713434219 0.4857143163681 0
vt 0.15714284777641 0.4857143163681 0
vt 0.17142856121063 0.4857143163681 0
vt 0.18571427464485 0.4857143163681 0
vt 0.19999998807907 0.4857143163681 0
vt 0.21428570151329 0.4857143163681 0
vt 0.22857141494751 0.4857143163681 0
vt 0.24285712838173 0.4857143163681 0
vt 0.25714284181595 0.4857143163681 0
vt 0.27142858505249 0.4857143163681 0
vt 0.28571426868439 0.4857143163681 0
vt 0.30000001192093 0.4857143163681 0
vt 0.31428569555283 0.4857143163681 0
vt 0.32857143878937 0.4857143163681 0
vt 0.34285712242126 0.4857143163681 0
vt 0.35714286565781 0.4857143163681 0
vt 0.3714285492897 0.4857143163681 0
vt 0.38571429252625 0.4857143163681 0
vt 0.39999997615814 0.4857143163681 0
vt 0.41428571939468 0.4857143163681 0
vt 0.42857140302658 0.4857143163681 0
vt 0.44285714626312 0.4857143163681 0
vt 0.45714282989502 0.4857143163681 0
vt 0.47142857313156 0.4857143163681 0
vt 0.48571425676346 0.4857143163681 0
vt 0.5 0.4857143163681 0
vt 0.5142856836319 0.4857143163681 0
vt 0.52857148647308 0.4857143163681 0
vt 0.54285717010498 0.4857143163681 0
vt 0.55714297294617 0.4857143163681 0
vt 0.57142865657806 0.4857143163681 0
vt 0.58571445941925 0.4857143163681 0
vt 0.60000014305115 0.4857143163681 0
vt 0.61428594589233 0.4857143163681 0
vt 0.62857162952423 0.4857143163681 0
vt 0.64285743236542 0.4857143163681 0
vt 0.65714311599731 0.4857143163681 0
vt 0.6714289188385 0.4857143163681 0
vt 0.6857146024704 0.4857143163681 0
vt 0.70000040531158 0.4857143163681 0
vt 0.71428608894348 0.4857143163681 0
vt 0.72857189178467 0.4857143163681 0
vt 0.74285757541656 0.4857143163681 0
vt 0.75714337825775 0.4857143163681 0
vt 0.77142906188965 0.4857143163681 0
vt 0.78571486473084 0.4857143163681 0
vt 0.80000054836273 0.4857143163681 0
vt 0.81428635120392 0.4857143163681 0
vt 0.82857203483582 0.4857143163681 0
vt 0.842857837677 0.4857143163681 0
vt 0.8571435213089 0.4857143163681 0
vt 0.87142932415009 0.4857143163681 0
vt 0.88571500778198 0.4857143163681 0
vt 0.90000081062317 0.4857143163681 0
vt 0.91428649425507 0.4857143163681 0
vt 0.92857229709625 0.4857143163681 0
vt 0.94285798072815 0.4857143163681 0
vt 0.95714378356934 0.4857143163681 0
vt 0.97142946720123 0.4857143163681 0
vt 0.98571527004242 0.4857143163681 0
vt 1 0.4857143163681 0
vt 0 0.51428574323654 0
vt 0.01428571343422 0.51428574323654 0
vt 0.02857142686844 0.51428574323654 0
vt 0.04285714030266 0.51428574323654 0
vt 0.05714285373688 0.51428574323654 0
vt 0.0714285671711 0.51428574323654 0
vt 0.08571428060532 0.51428574323654 0
vt 0.09999999403954 0.51428574323654 0
vt 0.11428570747375 0.51428574323654 0
vt 0.12857142090797 0.51428574323654 0
vt 0.14285713434219 0.51428574323654 0
vt 0.15714284777641 0.51428574323654 0
vt 0.17142856121063 0.51428574323654 0
vt 0.18571427464485 0.51428574323654 0
vt 0.19999998807907 0.51428574323654 0
vt 0.21428570151329 0.51428574323654 0
vt 0.22857141494751 0.51428574323654 0
vt 0.24285712838173 0.51428574323654 0
vt 0.25714284181595 0.51428574323654 0
vt 0.27142858505249 0.51428574323654 0
vt 0.28571426868439 0.51428574323654 0
vt 0.30000001192093 0.51428574323654 0
vt 0.31428569555283 0.51428574323654 0
vt 0.32857143878937 0.51428574323654 0
vt 0.34285712242126 0.51428574323654 0
vt 0.35714286565781 0.51428574323654 0
vt 0.3714285492897 0.51428574323654 0
vt 0.38571429252625 0.51428574323654 0
vt 0.39999997615814 0.51428574323654 0
vt 0.41428571939468 0.51428574323654 0
vt 0.42857140302658 0.51428574323654 0
vt 0.44285714626312 0.51428574323654 0
vt 0.45714282989502 0.51428574323654 0
vt 0.47142857313156 0.51428574323654 0
vt 0.48571425676346 0.51428574323654 0
vt 0.5 0.51428574323654 0
vt 0.5142856836319 0.51428574323654 0
vt 0.52857148647308 0.51428574323654 0
vt 0.54285717010498 0.51428574323654 0
vt 0.55714297294617 0.51428574323654 0
vt 0.57142865657806 0.51428574323654 0
vt 0.58571445941925 0.51428574323654 0
vt 0.60000014305115 0.51428574323654 0
vt 0.61428594589233 0.51428574323654 0
vt 0.62857162952423 0.51428574323654 0
vt 0.64285743236542 0.51428574323654 0
vt 0.65714311599731 0.51428574323654 0
vt 0.6714289188385 0.51428574323654 0
vt 0.6857146024704 0.51428574323654 0
vt 0.70000040531158 0.51428574323654 0
vt 0.71428608894348 0.51428574323654 0
vt 0.72857189178467 0.51428574323654 0
vt 0.74285757541656 0.51428574323654 0
vt 0.75714337825775 0.51428574323654 0
vt 0.77142906188965 0.51428574323654 0
vt 0.78571486473084 0.51428574323654 0
vt 0.80000054836273 0.51428574323654 0
vt 0.81428635120392 0.51428574323654 0
vt 0.82857203483582 0.51428574323654 0
vt 0.842857837677 0.51428574323654 0
vt 0.8571435213089 0.51428574323654 0
vt 0.87142932415009 0.51428574323654 0
vt 0.88571500778198 0.51428574323654 0
vt 0.90000081062317 0.51428574323654 0
vt 0.91428649425507 0.51428574323654 0
vt 0.92857229709625 0.51428574323654 0
vt 0.94285798072815 0.51428574323654 0
vt 0.95714378356934 0.51428574323654 0
vt 0.97142946720123 0.51428574323654 0
vt 0.98571527004242 0.51428574323654 0
vt 1 0.51428574323654 0
vt 0 0.54285717010498 0
vt 0.01428571343422 0.54285717010498 0
vt 0.02857142686844 0.54285717010498 0
vt 0.04285714030266 0.54285717010498 0
vt 0.05714285373688 0.54285717010498 0
vt 0.0714285671711 0.54285717010498 0
vt 0.08571428060532 0.54285717010498 0
vt 0.09999999403954 0.54285717010498 0
vt 0.11428570747375 0.54285717010498 0
vt 0.12857142090797 0.54285717010498 0
vt 0.14285713434219 0.54285717010498 0
vt 0.15714284777641 0.54285717010498 0
vt 0.17142856121063 0.54285717010498 0
vt 0.18571427464485 0.54285717010498 0
vt 0.19999998807907 0.54285717010498 0
vt 0.21428570151329 0.54285717010498 0
vt 0.22857141494751 0.54285717010498 0
vt 0.24285712838173 0.54285717010498 0
vt 0.25714284181595 0.54285717010498 0
vt 0.27142858505249 0.54285717010498 0
vt 0.28571426868439 0.54285717010498 0
vt 0.30000001192093 0.54285717010498 0
vt 0.31428569555283 0.54285717010498 0
vt 0.32857143878937 0.54285717010498 0
vt 0.34285712242126 0.54285717010498 0
vt 0.35714286565781 0.54285717010498 0
vt 0.3714285492897 0.54285717010498 0
vt 0.38571429252625 0.54285717010498 0
vt 0.39999997615814 0.54285717010498 0
vt 0.41428571939468 0.54285717010498 0
vt 0.42857140302658 0.54285717010498 0
vt 0.44285714626312 0.54285717010498 0
vt 0.45714282989502 0.54285717010498 0
vt 0.47142857313156 0.54285717010498 0
vt 0.48571425676346 0.54285717010498 0
vt 0.5 0.54285717010498 0
vt 0.5142856836319 0.54285717010498 0
vt 0.52857148647308 0.54285717010498 0
vt 0.54285717010498 0.54285717010498 0
vt 0.55714297294617 0.54285717010498 0
vt 0.57142865657806 0.54285717010498 0
vt 0.58571445941925 0.54285717010498 0
vt 0.60000014305115 0.54285717010498 0
vt 0.61428594589233 0.54285717010498 0
vt 0.62857162952423 0.54285717010498 0
vt 0.64285743236542 0.54285717010498 0
vt 0.65714311599731 0.54285717010498 0
vt 0.6714289188385 0.54285717010498 0
vt 0.6857146024704 0.54285717010498 0
vt 0.70000040531158 0.54285717010498 0
vt 0.71428608894348 0.54285717010498 0
vt 0.72857189178467 0.54285717010498 0
vt 0.74285757541656 0.54285717010498 0
vt 0.75714337825775 0.54285717010498 0
vt 0.77142906188965 0.54285717010498 0
vt 0.78571486473084 0.54285717010498 0
vt 0.80000054836273 0.54285717010498 0
vt 0.81428635120392 0.54285717010498 0
vt 0.82857203483582 0.54285717010498 0
vt 0.842857837677 0.54285717010498 0
vt 0.8571435213089 0.54285717010498 0
vt 0.87142932415009 0.54285717010498 0
vt 0.88571500778198 0.54285717010498 0
vt 0.90000081062317 0.54285717010498 0
vt 0.91428649425507 0.54285717010498 0
vt 0.92857229709625 0.54285717010498 0
vt 0.94285798072815 0.54285717010498 0
vt 0.95714378356934 0.54285717010498 0
vt 0.97142946720123 0.54285717010498 0
vt 0.98571527004242 0.54285717010498 0
vt 1 0.54285717010498 0
vt 0 0.57142859697342 0
vt 0.01428571343422 0.57142859697342 0
vt 0.02857142686844 0.57142859697342 0
vt 0.04285714030266 0.57142859697342 0
vt 0.05714285373688 0.57142859697342 0
vt 0.0714285671711 0.57142859697342 0
vt 0.08571428060532 0.57142859697342 0
vt 0.09999999403954 0.57142859697342 0
vt 0.11428570747375 0.57142859697342 0
vt 0.12857142090797 0.57142859697342 0
vt 0.14285713434219 0.57142859697342 0
vt 0.15714284777641 0.57142859697342 0
vt 0.17142856121063 0.57142859697342 0
vt 0.18571427464485 0.57142859697342 0
vt 0.19999998807907 0.57142859697342 0
vt 0.21428570151329 0.57142859697342 0
vt 0.22857141494751 0.57142859697342 0
vt 0.24285712838173 0.57142859697342 0
vt 0.25714284181595 0.57142859697342 0
vt 0.27142858505249 0.57142859697342 0
vt 0.28571426868439 0.57142859697342 0
vt 0.30000001192093 0.57142859697342 0
vt 0.31428569555283 0.57142859697342 0
vt 0.32857143878937 0.57142859697342 0
vt 0.34285712242126 0.57142859697342 0
vt 0.35714286565781 0.57142859697342 0
vt 0.3714285492897 0.57142859697342 0
vt 0.38571429252625 0.57142859697342 0
vt 0.39999997615814 0.57142859697342 0
vt 0.41428571939468 0.57142859697342 0
vt 0.42857140302658 0.57142859697342 0
vt 0.44285714626312 0.57142859697342 0
vt 0.45714282989502 0.57142859697342 0
vt 0.47142857313156 0.57142859697342 0
vt 0.48571425676346 0.57142859697342 0
vt 0.5 0.57142859697342 0
vt 0.5142856836319 0.57142859697342 0
vt 0.52857148647308 0.57142859697342 0
vt 0.54285717010498 0.57142859697342 0
vt 0.55714297294617 0.57142859697342 0
vt 0.57142865657806 0.57142859697342 0
vt 0.58571445941925 0.57142859697342 0
vt 0.60000014305115 0.57142859697342 0
vt 0.61428594589233 0.57142859697342 0
vt 0.62857162952423 0.57142859697342 0
vt 0.64285743236542 0.57142859697342 0
vt 0.65714311599731 0.57142859697342 0
vt 0.6714289188385 0.57142859697342 0
vt 0.6857146024704 0.57142859697342 0
vt 0.70000040531158 0.57142859697342 0
vt 0.71428608894348 0.57142859697342 0
vt 0.72857189178467 0.57142859697342 0
vt 0.74285757541656 0.57142859697342 0
vt 0.75714337825775 0.57142859697342 0
vt 0.77142906188965 0.57142859697342 0
vt 0.78571486473084 0.57142859697342 0
vt 0.80000054836273 0.57142859697342 0
vt 0.81428635120392 0.57142859697342 0
vt 0.82857203483582 0.57142859697342 0
vt 0.842857837677 0.57142859697342 0
vt 0.8571435213089 0.57142859697342 0
vt 0.87142932415009 0.57142859697342 0
vt 0.88571500778198 0.57142859697342 0
vt 0.90000081062317 0.57142859697342 0
vt 0.91428649425507 0.57142859697342 0
vt 0.92857229709625 0.57142859697342 0
vt 0.94285798072815 0.57142859697342 0
vt 0.95714378356934 0.57142859697342 0
vt 0.97142946720123 0.57142859697342 0
vt 0.98571527004242 0.57142859697342 0
vt 1 0.57142859697342 0
vt 0 0.60000002384186 0
vt 0.01428571343422 0.60000002384186 0
vt 0.02857142686844 0.60000002384186 0
vt 0.04285714030266 0.60000002384186 0
vt 0.05714285373688 0.60000002384186 0
vt 0.0714285671711 0.60000002384186 0
vt 0.08571428060532 0.60000002384186 0
vt 0.09999999403954 0.60000002384186 0
vt 0.11428570747375 0.60000002384186 0
vt 0.12857142090797 0.60000002384186 0
vt 0.14285713434219 0.60000002384186 0
vt 0.15714284777641 0.60000002384186 0
vt 0.17142856121063 0.60000002384186 0
vt 0.18571427464485 0.60000002384186 0
vt 0.19999998807907 0.60000002384186 0
vt 0.21428570151329 0.60000002384186 0
vt 0.22857141494751 0.60000002384186 0
vt 0.24285712838173 0.60000002384186 0
vt 0.25714284181595 0.60000002384186 0
vt 0.27142858505249 0.60000002384186 0
vt 0.28571426868439 0.60000002384186 0
vt 0.30000001192093 0.60000002384186 0
vt 0.31428569555283 0.60000002384186 0
vt 0.32857143878937 0.60000002384186 0
vt 0.34285712242126 0.60000002384186 0
vt 0.35714286565781 0.60000002384186 0
vt 0.3714285492897 0.60000002384186 0
vt 0.38571429252625 0.60000002384186 0
vt 0.39999997615814 0.60000002384186 0
vt 0.41428571939468 0.60000002384186 0
vt 0.42857140302658 0.60000002384186 0
vt 0.44285714626312 0.60000002384186 0
vt 0.45714282989502 0.60000002384186 0
vt 0.47142857313156 0.60000002384186 0
vt 0.48571425676346 0.60000002384186 0
vt 0.5 0.60000002384186 0
vt 0.5142856836319 0.60000002384186 0
vt 0.52857148647308 0.60000002384186 0
vt 0.54285717010498 0.60000002384186 0
vt 0.55714297294617 0.60000002384186 0
vt 0.57142865657806 0.60000002384186 0
vt 0.58571445941925 0.60000002384186 0
vt 0.60000014305115 0.60000002384186 0
vt 0.61428594589233 0.60000002384186 0
vt 0.62857162952423 0.60000002384186 0
vt 0.64285743236542 0.60000002384186 0
vt 0.65714311599731 0.60000002384186 0
vt 0.6714289188385 0.60000002384186 0
vt 0.6857146024704 0.60000002384186 0
vt 0.70000040531158 0.60000002384186 0
vt 0.71428608894348 0.60000002384186 0
vt 0.72857189178467 0.60000002384186 0
vt 0.74285757541656 0.60000002384186 0
vt 0.75714337825775 0.60000002384186 0
vt 0.77142906188965 0.60000002384186 0
vt 0.78571486473084 0.60000002384186 0
vt 0.80000054836273 0.60000002384186 0
vt 0.81428635120392 0.60000002384186 0
vt 0.82857203483582 0.60000002384186 0
vt 0.842857837677 0.60000002384186 0
vt 0.8571435213089 0.60000002384186 0
vt 0.87142932415009 0.60000002384186 0
vt 0.88571500778198 0.60000002384186 0
vt 0.90000081062317 0.60000002384186 0
vt 0.91428649425507 0.60000002384186 0
vt 0.92857229709625 0.60000002384186 0
vt 0.94285798072815 0.60000002384186 0
vt 0.95714378356934 0.60000002384186 0
vt 0.97142946720123 0.60000002384186 0
vt 0.98571527004242 0.60000002384186 0
vt 1 0.60000002384186 0
vt 0 0.6285714507103 0
vt 0.01428571343422 0.6285714507103 0
vt 0.02857142686844 0.6285714507103 0
vt 0.04285714030266 0.6285714507103 0
vt 0.05714285373688 0.6285714507103 0
vt 0.0714285671711 0.6285714507103 0
vt 0.08571428060532 0.6285714507103 0
vt 0.09999999403954 0.6285714507103 0
vt 0.11428570747375 0.6285714507103 0
vt 0.12857142090797 0.6285714507103 0
vt 0.14285713434219 0.6285714507103 0
vt 0.15714284777641 0.6285714507103 0
vt 0.17142856121063 0.6285714507103 0
vt 0.18571427464485 0.6285714507103 0
vt 0.19999998807907 0.6285714507103 0
vt 0.21428570151329 0.6285714507103 0
vt 0.22857141494751 0.6285714507103 0
vt 0.24285712838173 0.6285714507103 0
vt 0.25714284181595 0.6285714507103 0
vt 0.27142858505249 0.6285714507103 0
vt 0.28571426868439 0.6285714507103 0
vt 0.30000001192093 0.6285714507103 0
vt 0.31428569555283 0.6285714507103 0
vt 0.32857143878937 0.6285714507103 0
vt 0.34285712242126 0.6285714507103 0
vt 0.35714286565781 0.6285714507103 0
vt 0.3714285492897 0.6285714507103 0
vt 0.38571429252625 0.6285714507103 0
vt 0.39999997615814 0.6285714507103 0
vt 0.41428571939468 0.6285714507103 0
vt 0.42857140302658 0.6285714507103 0
vt 0.44285714626312 0.6285714507103 0
vt 0.45714282989502 0.6285714507103 0
vt 0.47142857313156 0.6285714507103 0
vt 0.48571425676346 0.6285714507103 0
vt 0.5 0.6285714507103 0
vt 0.5142856836319 0.6285714507103 0
vt 0.52857148647308 0.6285714507103 0
vt 0.54285717010498 0.6285714507103 0
vt 0.55714297294617 0.6285714507103 0
vt 0.57142865657806 0.6285714507103 0
vt 0.58571445941925 0.6285714507103 0
vt 0.60000014305115 0.6285714507103 0
vt 0.61428594589233 0.6285714507103 0
vt 0.62857162952423 0.6285714507103 0
vt 0.64285743236542 0.6285714507103 0
vt 0.65714311599731 0.6285714507103 0
vt 0.6714289188385 0.6285714507103 0
vt 0.6857146024704 0.6285714507103 0
vt 0.70000040531158 0.6285714507103 0
vt 0.71428608894348 0.6285714507103 0
vt 0.72857189178467 0.6285714507103 0
vt 0.74285757541656 0.6285714507103 0
vt 0.75714337825775 0.6285714507103 0
vt 0.77142906188965 0.6285714507103 0
vt 0.78571486473084 0.6285714507103 0
vt 0.80000054836273 0.6285714507103 0
vt 0.81428635120392 0.6285714507103 0
vt 0.82857203483582 0.6285714507103 0
vt 0.842857837677 0.6285714507103 0
vt 0.8571435213089 0.6285714507103 0
vt 0.87142932415009 0.6285714507103 0
vt 0.88571500778198 0.6285714507103 0
vt 0.90000081062317 0.6285714507103 0
vt 0.91428649425507 0.6285714507103 0
vt 0.92857229709625 0.6285714507103 0
vt 0.94285798072815 0.6285714507103 0
vt 0.95714378356934 0.6285714507103 0
vt 0.97142946720123 0.6285714507103 0
vt 0.98571527004242 0.6285714507103 0
vt 1 0.6285714507103 0
vt 0 0.65714287757874 0
vt 0.01428571343422 0.65714287757874 0
vt 0.02857142686844 0.65714287757874 0
vt 0.04285714030266 0.65714287757874 0
vt 0.05714285373688 0.65714287757874 0
vt 0.0714285671711 0.65714287757874 0
vt 0.08571428060532 0.65714287757874 0
vt 0.09999999403954 0.65714287757874 0
vt 0.11428570747375 0.65714287757874 0
vt 0.12857142090797 0.65714287757874 0
vt 0.14285713434219 0.65714287757874 0
vt 0.15714284777641 0.65714287757874 0
vt 0.17142856121063 0.65714287757874 0
vt 0.18571427464485 0.65714287757874 0
vt 0.19999998807907 0.65714287757874 0
vt 0.21428570151329 0.65714287757874 0
vt 0.22857141494751 0.65714287757874 0
vt 0.24285712838173 0.65714287757874 0
vt 0.25714284181595 0.65714287757874 0
vt 0.27142858505249 0.65714287757874 0
vt 0.28571426868439 0.65714287757874 0
vt 0.30000001192093 0.65714287757874 0
vt 0.31428569555283 0.65714287757874 0
vt 0.32857143878937 0.65714287757874 0
vt 0.34285712242126 0.65714287757874 0
vt 0.35714286565781 0.65714287757874 0
vt 0.3714285492897 0.65714287757874 0
vt 0.38571429252625 0.65714287757874 0
vt 0.39999997615814 0.65714287757874 0
vt 0.41428571939468 0.65714287757874 0
vt 0.42857140302658 0.65714287757874 0
vt 0.44285714626312 0.65714287757874 0
vt 0.45714282989502 0.65714287757874 0
vt 0.47142857313156 0.65714287757874 0
vt 0.48571425676346 0.65714287757874 0
vt 0.5 0.65714287757874 0
vt 0.5142856836319 0.65714287757874 0
vt 0.52857148647308 0.65714287757874 0
vt 0.54285717010498 0.65714287757874 0
vt 0.55714297294617 0.65714287757874 0
vt 0.57142865657806 0.65714287757874 0
vt 0.58571445941925 0.65714287757874 0
vt 0.60000014305115 0.65714287757874 0
vt 0.61428594589233 0.65714287757874 0
vt 0.62857162952423 0.65714287757874 0
vt 0.64285743236542 0.65714287757874 0
vt 0.65714311599731 0.65714287757874 0
vt 0.6714289188385 0.65714287757874 0
vt 0.6857146024704 0.65714287757874 0
vt 0.70000040531158 0.65714287757874 0
vt 0.71428608894348 0.65714287757874 0
vt 0.72857189178467 0.65714287757874 0
vt 0.74285757541656 0.65714287757874 0
vt 0.75714337825775 0.65714287757874 0
vt 0.77142906188965 0.65714287757874 0
vt 0.78571486473084 0.65714287757874 0
vt 0.80000054836273 0.65714287757874 0
vt 0.81428635120392 0.65714287757874 0
vt 0.82857203483582 0.65714287757874 0
vt 0.842857837677 0.65714287757874 0
vt 0.8571435213089 0.65714287757874 0
vt 0.87142932415009 0.65714287757874 0
vt 0.88571500778198 0.65714287757874 0
vt 0.90000081062317 0.65714287757874 0
vt 0.91428649425507 0.65714287757874 0
vt 0.92857229709625 0.65714287757874 0
vt 0.94285798072815 0.65714287757874 0
vt 0.95714378356934 0.65714287757874 0
vt 0.97142946720123 0.65714287757874 0
vt 0.98571527004242 0.65714287757874 0
vt 1 0.65714287757874 0
vt 0 0.68571430444717 0
vt 0.01428571343422 0.68571430444717 0
vt 0.02857142686844 0.68571430444717 0
vt 0.04285714030266 0.68571430444717 0
vt 0.05714285373688 0.68571430444717 0
vt 0.0714285671711 0.68571430444717 0
vt 0.08571428060532 0.68571430444717 0
vt 0.09999999403954 0.68571430444717 0
vt 0.11428570747375 0.68571430444717 0
vt 0.12857142090797 0.68571430444717 0
vt 0.14285713434219 0.68571430444717 0
vt 0.15714284777641 0.68571430444717 0
vt 0.17142856121063 0.68571430444717 0
vt 0.18571427464485 0.68571430444717 0
vt 0.19999998807907 0.68571430444717 0
vt 0.21428570151329 0.68571430444717 0
vt 0.22857141494751 0.68571430444717 0
vt 0.24285712838173 0.68571430444717 0
vt 0.25714284181595 0.68571430444717 0
vt 0.27142858505249 0.68571430444717 0
vt 0.28571426868439 0.68571430444717 0
vt 0.30000001192093 0.68571430444717 0
vt 0.31428569555283 0.68571430444717 0
vt 0.32857143878937 0.68571430444717 0
vt 0.34285712242126 0.68571430444717 0
vt 0.35714286565781 0.68571430444717 0
vt 0.3714285492897 0.68571430444717 0
vt 0.38571429252625 0.68571430444717 0
vt 0.39999997615814 0.68571430444717 0
vt 0.41428571939468 0.68571430444717 0
vt 0.42857140302658 0.68571430444717 0
vt 0.44285714626312 0.68571430444717 0
vt 0.45714282989502 0.68571430444717 0
vt 0.47142857313156 0.68571430444717 0
vt 0.48571425676346 0.68571430444717 0
vt 0.5 0.68571430444717 0
vt 0.5142856836319 0.68571430444717 0
vt 0.52857148647308 0.68571430444717 0
vt 0.54285717010498 0.68571430444717 0
vt 0.55714297294617 0.68571430444717 0
vt 0.57142865657806 0.68571430444717 0
vt 0.58571445941925 0.68571430444717 0
vt 0.60000014305115 0.68571430444717 0
vt 0.61428594589233 0.68571430444717 0
vt 0.62857162952423 0.68571430444717 0
vt 0.64285743236542 0.68571430444717 0
vt 0.65714311599731 0.68571430444717 0
vt 0.6714289188385 0.68571430444717 0
vt 0.6857146024704 0.68571430444717 0
vt 0.70000040531158 0.68571430444717 0
vt 0.71428608894348 0.68571430444717 0
vt 0.72857189178467 0.68571430444717 0
vt 0.74285757541656 0.68571430444717 0
vt 0.75714337825775 0.68571430444717 0
vt 0.77142906188965 0.68571430444717 0
vt 0.78571486473084 0.68571430444717 0
vt 0.80000054836273 0.68571430444717 0
vt 0.81428635120392 0.68571430444717 0
vt 0.82857203483582 0.68571430444717 0
vt 0.842857837677 0.68571430444717 0
vt 0.8571435213089 0.68571430444717 0
vt 0.87142932415009 0.68571430444717 0
vt 0.88571500778198 0.68571430444717 0
vt 0.90000081062317 0.68571430444717 0
vt 0.91428649425507 0.68571430444717 0
vt 0.92857229709625 0.68571430444717 0
vt 0.94285798072815 0.68571430444717 0
vt 0.95714378356934 0.68571430444717 0
vt 0.97142946720123 0.68571430444717 0
vt 0.98571527004242 0.68571430444717 0
vt 1 0.68571430444717 0
vt 0 0.71428573131561 0
vt 0.01428571343422 0.71428573131561 0
vt 0.02857142686844 0.71428573131561 0
vt 0.04285714030266 0.71428573131561 0
vt 0.05714285373688 0.71428573131561 0
vt 0.0714285671711 0.71428573131561 0
vt 0.08571428060532 0.71428573131561 0
vt 0.09999999403954 0.71428573131561 0
vt 0.11428570747375 0.71428573131561 0
vt 0.12857142090797 0.71428573131561 0
vt 0.14285713434219 0.71428573131561 0
vt 0.15714284777641 0.71428573131561 0
vt 0.17142856121063 0.71428573131561 0
vt 0.18571427464485 0.71428573131561 0
vt 0.19999998807907 0.71428573131561 0
vt 0.21428570151329 0.71428573131561 0
vt 0.22857141494751 0.71428573131561 0
vt 0.24285712838173 0.71428573131561 0
vt 0.25714284181595 0.71428573131561 0
vt 0.27142858505249 0.71428573131561 0
vt 0.28571426868439 0.71428573131561 0
vt 0.30000001192093 0.71428573131561 0
vt 0.31428569555283 0.71428573131561 0
vt 0.32857143878937 0.71428573131561 0
vt 0.34285712242126 0.71428573131561 0
vt 0.35714286565781 0.71428573131561 0
vt 0.3714285492897 0.71428573131561 0
vt 0.38571429252625 0.71428573131561 0
vt 0.39999997615814 0.71428573131561 0
vt 0.41428571939468 0.71428573131561 0
vt 0.42857140302658 0.71428573131561 0
vt 0.44285714626312 0.71428573131561 0
vt 0.45714282989502 0.71428573131561 0
vt 0.47142857313156 0.71428573131561 0
vt 0.48571425676346 0.71428573131561 0
vt 0.5 0.71428573131561 0
vt 0.5142856836319 0.71428573131561 0
vt 0.52857148647308 0.71428573131561 0
vt 0.54285717010498 0.71428573131561 0
vt 0.55714297294617 0.71428573131561 0
vt 0.57142865657806 0.71428573131561 0
vt 0.58571445941925 0.71428573131561 0
vt 0.60000014305115 0.71428573131561 0
vt 0.61428594589233 0.71428573131561 0
vt 0.62857162952423 0.71428573131561 0
vt 0.64285743236542 0.71428573131561 0
vt 0.65714311599731 0.71428573131561 0
vt 0.6714289188385 0.71428573131561 0
vt 0.6857146024704 0.71428573131561 0
vt 0.70000040531158 0.71428573131561 0
vt 0.71428608894348 0.71428573131561 0
vt 0.72857189178467 0.71428573131561 0
vt 0.74285757541656 0.71428573131561 0
vt 0.75714337825775 0.71428573131561 0
vt 0.77142906188965 0.71428573131561 0
vt 0.78571486473084 0.71428573131561 0
vt 0.80000054836273 0.71428573131561 0
vt 0.81428635120392 0.71428573131561 0
vt 0.82857203483582 0.71428573131561 0
vt 0.842857837677 0.71428573131561 0
vt 0.8571435213089 0.71428573131561 0
vt 0.87142932415009 0.71428573131561 0
vt 0.88571500778198 0.71428573131561 0
vt 0.90000081062317 0.71428573131561 0
vt 0.91428649425507 0.71428573131561 0
vt 0.92857229709625 0.71428573131561 0
vt 0.94285798072815 0.71428573131561 0
vt 0.95714378356934 0.71428573131561 0
vt 0.97142946720123 0.71428573131561 0
vt 0.98571527004242 0.71428573131561 0
vt 1 0.71428573131561 0
vt 0 0.74285715818405 0
vt 0.01428571343422 0.74285715818405 0
vt 0.02857142686844 0.74285715818405 0
vt 0.04285714030266 0.74285715818405 0
vt 0.05714285373688 0.74285715818405 0
vt 0.0714285671711 0.74285715818405 0
vt 0.08571428060532 0.74285715818405 0
vt 0.09999999403954 0.74285715818405 0
vt 0.11428570747375 0.74285715818405 0
vt 0.12857142090797 0.74285715818405 0
vt 0.14285713434219 0.74285715818405 0
vt 0.15714284777641 0.74285715818405 0
vt 0.17142856121063 0.74285715818405 0
vt 0.18571427464485 0.74285715818405 0
vt 0.19999998807907 0.74285715818405 0
vt 0.21428570151329 0.74285715818405 0
vt 0.22857141494751 0.74285715818405 0
vt 0.24285712838173 0.74285715818405 0
vt 0.25714284181595 0.74285715818405 0
vt 0.27142858505249 0.74285715818405 0
vt 0.28571426868439 0.74285715818405 0
vt 0.30000001192093 0.74285715818405 0
vt 0.31428569555283 0.74285715818405 0
vt 0.32857143878937 0.74285715818405 0
vt 0.34285712242126 0.74285715818405 0
vt 0.35714286565781 0.74285715818405 0
vt 0.3714285492897 0.74285715818405 0
vt 0.38571429252625 0.74285715818405 0
vt 0.39999997615814 0.74285715818405 0
vt 0.41428571939468 0.74285715818405 0
vt 0.42857140302658 0.74285715818405 0
vt 0.44285714626312 0.74285715818405 0
vt 0.45714282989502 0.74285715818405 0
vt 0.47142857313156 0.74285715818405 0
vt 0.48571425676346 0.74285715818405 0
vt 0.5 0.74285715818405 0
vt 0.5142856836319 0.74285715818405 0
vt 0.52857148647308 0.74285715818405 0
vt 0.54285717010498 0.74285715818405 0
vt 0.55714297294617 0.74285715818405 0
vt 0.57142865657806 0.74285715818405 0
vt 0.58571445941925 0.74285715818405 0
vt 0.60000014305115 0.74285715818405 0
vt 0.61428594589233 0.74285715818405 0
vt 0.62857162952423 0.74285715818405 0
vt 0.64285743236542 0.74285715818405 0
vt 0.65714311599731 0.74285715818405 0
vt 0.6714289188385 0.74285715818405 0
vt 0.6857146024704 0.74285715818405 0
vt 0.70000040531158 0.74285715818405 0
vt 0.71428608894348 0.74285715818405 0
vt 0.72857189178467 0.74285715818405 0
vt 0.74285757541656 0.74285715818405 0
vt 0.75714337825775 0.74285715818405 0
vt 0.77142906188965 0.74285715818405 0
vt 0.78571486473084 0.74285715818405 0
vt 0.80000054836273 0.74285715818405 0
vt 0.81428635120392 0.74285715818405 0
vt 0.82857203483582 0.74285715818405 0
vt 0.842857837677 0.74285715818405 0
vt 0.8571435213089 0.74285715818405 0
vt 0.87142932415009 0.74285715818405 0
vt 0.88571500778198 0.74285715818405 0
vt 0.90000081062317 0.74285715818405 0
vt 0.91428649425507 0.74285715818405 0
vt 0.92857229709625 0.74285715818405 0
vt 0.94285798072815 0.74285715818405 0
vt 0.95714378356934 0.74285715818405 0
vt 0.97142946720123 0.74285715818405 0
vt 0.98571527004242 0.74285715818405 0
vt 1 0.74285715818405 0
vt 0 0.77142858505249 0
vt 0.01428571343422 0.77142858505249 0
vt 0.02857142686844 0.77142858505249 0
vt 0.04285714030266 0.77142858505249 0
vt 0.05714285373688 0.77142858505249 0
vt 0.0714285671711 0.77142858505249 0
vt 0.08571428060532 0.77142858505249 0
vt 0.09999999403954 0.77142858505249 0
vt 0.11428570747375 0.77142858505249 0
vt 0.12857142090797 0.77142858505249 0
vt 0.14285713434219 0.77142858505249 0
vt 0.15714284777641 0.77142858505249 0
vt 0.17142856121063 0.77142858505249 0
vt 0.18571427464485 0.77142858505249 0
vt 0.19999998807907 0.77142858505249 0
vt 0.21428570151329 0.77142858505249 0
vt 0.22857141494751 0.77142858505249 0
vt 0.24285712838173 0.77142858505249 0
vt 0.25714284181595 0.77142858505249 0
vt 0.27142858505249 0.77142858505249 0
vt 0.28571426868439 0.77142858505249 0
vt 0.30000001192093 0.77142858505249 0
vt 0.31428569555283 0.77142858505249 0
vt 0.32857143878937 0.77142858505249 0
vt 0.34285712242126 0.77142858505249 0
vt 0.35714286565781 0.77142858505249 0
vt 0.3714285492897 0.77142858505249 0
vt 0.38571429252625 0.77142858505249 0
vt 0.39999997615814 0.77142858505249 0
vt 0.41428571939468 0.77142858505249 0
vt 0.42857140302658 0.77142858505249 0
vt 0.44285714626312 0.77142858505249 0
vt 0.45714282989502 0.77142858505249 0
vt 0.47142857313156 0.77142858505249 0
vt 0.48571425676346 0.77142858505249 0
vt 0.5 0.77142858505249 0
vt 0.5142856836319 0.77142858505249 0
vt 0.52857148647308 0.77142858505249 0
vt 0.54285717010498 0.77142858505249 0
vt 0.55714297294617 0.77142858505249 0
vt 0.57142865657806 0.77142858505249 0
vt 0.58571445941925 0.77142858505249 0
vt 0.60000014305115 0.77142858505249 0
vt 0.61428594589233 0.77142858505249 0
vt 0.62857162952423 0.77142858505249 0
vt 0.64285743236542 0.77142858505249 0
vt 0.65714311599731 0.77142858505249 0
vt 0.6714289188385 0.77142858505249 0
vt 0.6857146024704 0.77142858505249 0
vt 0.70000040531158 0.77142858505249 0
vt 0.71428608894348 0.77142858505249 0
vt 0.72857189178467 0.77142858505249 0
vt 0.74285757541656 0.77142858505249 0
vt 0.75714337825775 0.77142858505249 0
vt 0.77142906188965 0.77142858505249 0
vt 0.78571486473084 0.77142858505249 0
vt 0.80000054836273 0.77142858505249 0
vt 0.81428635120392 0.77142858505249 0
vt 0.82857203483582 0.77142858505249 0
vt 0.842857837677 0.77142858505249 0
vt 0.8571435213089 0.77142858505249 0
vt 0.87142932415009 0.77142858505249 0
vt 0.88571500778198 0.77142858505249 0
vt 0.90000081062317 0.77142858505249 0
vt 0.91428649425507 0.77142858505249 0
vt 0.92857229709625 0.77142858505249 0
vt 0.94285798072815 0.77142858505249 0
vt 0.95714378356934 0.77142858505249 0
vt 0.97142946720123 0.77142858505249 0
vt 0.98571527004242 0.77142858505249 0
vt 1 0.77142858505249 0
vt 0 0.80000001192093 0
vt 0.01428571343422 0.80000001192093 0
vt 0.02857142686844 0.80000001192093 0
vt 0.04285714030266 0.80000001192093 0
vt 0.05714285373688 0.80000001192093 0
vt 0.0714285671711 0.80000001192093 0
vt 0.08571428060532 0.80000001192093 0
vt 0.09999999403954 0.80000001192093 0
vt 0.11428570747375 0.80000001192093 0
vt 0.12857142090797 0.80000001192093 0
vt 0.14285713434219 0.80000001192093 0
vt 0.15714284777641 0.80000001192093 0
vt 0.17142856121063 0.80000001192093 0
vt 0.18571427464485 0.80000001192093 0
vt 0.19999998807907 0.80000001192093 0
vt 0.21428570151329 0.80000001192093 0
vt 0.22857141494751 0.80000001192093 0
vt 0.24285712838173 0.80000001192093 0
vt 0.25714284181595 0.80000001192093 0
vt 0.27142858505249 0.80000001192093 0
vt 0.28571426868439 0.80000001192093 0
vt 0.30000001192093 0.80000001192093 0
vt 0.31428569555283 0.80000001192093 0
vt 0.32857143878937 0.80000001192093 0
vt 0.34285712242126 0.80000001192093 0
vt 0.35714286565781 0.80000001192093 0
vt 0.3714285492897 0.80000001192093 0
vt 0.38571429252625 0.80000001192093 0
vt 0.39999997615814 0.80000001192093 0
vt 0.41428571939468 0.80000001192093 0
vt 0.42857140302658 0.80000001192093 0
vt 0.44285714626312 0.80000001192093 0
vt 0.45714282989502 0.80000001192093 0
vt 0.47142857313156 0.80000001192093 0
vt 0.48571425676346 0.80000001192093 0
vt 0.5 0.80000001192093 0
vt 0.5142856836319 0.80000001192093 0
vt 0.52857148647308 0.80000001192093 0
vt 0.54285717010498 0.80000001192093 0
vt 0.55714297294617 0.80000001192093 0
vt 0.57142865657806 0.80000001192093 0
vt 0.58571445941925 0.80000001192093 0
vt 0.60000014305115 0.80000001192093 0
vt 0.61428594589233 0.80000001192093 0
vt 0.62857162952423 0.80000001192093 0
vt 0.64285743236542 0.80000001192093 0
vt 0.65714311599731 0.80000001192093 0
vt 0.6714289188385 0.80000001192093 0
vt 0.6857146024704 0.80000001192093 0
vt 0.70000040531158 0.80000001192093 0
vt 0.71428608894348 0.80000001192093 0
vt 0.72857189178467 0.80000001192093 0
vt 0.74285757541656 0.80000001192093 0
vt 0.75714337825775 0.80000001192093 0
vt 0.77142906188965 0.80000001192093 0
vt 0.78571486473084 0.80000001192093 0
vt 0.80000054836273 0.80000001192093 0
vt 0.81428635120392 0.80000001192093 0
vt 0.82857203483582 0.80000001192093 0
vt 0.842857837677 0.80000001192093 0
vt 0.8571435213089 0.80000001192093 0
vt 0.87142932415009 0.80000001192093 0
vt 0.88571500778198 0.80000001192093 0
vt 0.90000081062317 0.80000001192093 0
vt 0.91428649425507 0.80000001192093 0
vt 0.92857229709625 0.80000001192093 0
vt 0.94285798072815 0.80000001192093 0
vt 0.95714378356934 0.80000001192093 0
vt 0.97142946720123 0.80000001192093 0
vt 0.98571527004242 0.80000001192093 0
vt 1 0.80000001192093 0
vt 0 0.82857143878937 0
vt 0.01428571343422 0.82857143878937 0
vt 0.02857142686844 0.82857143878937 0
vt 0.04285714030266 0.82857143878937 0
vt 0.05714285373688 0.82857143878937 0
vt 0.0714285671711 0.82857143878937 0
vt 0.08571428060532 0.82857143878937 0
vt 0.09999999403954 0.82857143878937 0
vt 0.11428570747375 0.82857143878937 0
vt 0.12857142090797 0.82857143878937 0
vt 0.14285713434219 0.82857143878937 0
vt 0.15714284777641 0.82857143878937 0
vt 0.17142856121063 0.82857143878937 0
vt 0.18571427464485 0.82857143878937 0
vt 0.19999998807907 0.82857143878937 0
vt 0.21428570151329 0.82857143878937 0
vt 0.22857141494751 0.82857143878937 0
vt 0.24285712838173 0.82857143878937 0
vt 0.25714284181595 0.82857143878937 0
vt 0.27142858505249 0.82857143878937 0
vt 0.28571426868439 0.82857143878937 0
vt 0.30000001192093 0.82857143878937 0
vt 0.31428569555283 0.82857143878937 0
vt 0.32857143878937 0.82857143878937 0
vt 0.34285712242126 0.82857143878937 0
vt 0.35714286565781 0.82857143878937 0
vt 0.3714285492897 0.82857143878937 0
vt 0.38571429252625 0.82857143878937 0
vt 0.39999997615814 0.82857143878937 0
vt 0.41428571939468 0.82857143878937 0
vt 0.42857140302658 0.82857143878937 0
vt 0.44285714626312 0.82857143878937 0
vt 0.45714282989502 0.82857143878937 0
vt 0.47142857313156 0.82857143878937 0
vt 0.48571425676346 0.82857143878937 0
vt 0.5 0.82857143878937 0
vt 0.5142856836319 0.82857143878937 0
vt 0.52857148647308 0.82857143878937 0
vt 0.54285717010498 0.82857143878937 0
vt 0.55714297294617 0.82857143878937 0
vt 0.57142865657806 0.82857143878937 0
vt 0.58571445941925 0.82857143878937 0
vt 0.60000014305115 0.82857143878937 0
vt 0.61428594589233 0.82857143878937 0
vt 0.62857162952423 0.82857143878937 0
vt 0.64285743236542 0.82857143878937 0
vt 0.65714311599731 0.82857143878937 0
vt 0.6714289188385 0.82857143878937 0
vt 0.6857146024704 0.82857143878937 0
vt 0.70000040531158 0.82857143878937 0
vt 0.71428608894348 0.82857143878937 0
vt 0.72857189178467 0.82857143878937 0
vt 0.74285757541656 0.82857143878937 0
vt 0.75714337825775 0.82857143878937 0
vt 0.77142906188965 0.82857143878937 0
vt 0.78571486473084 0.82857143878937 0
vt 0.80000054836273 0.82857143878937 0
vt 0.81428635120392 0.82857143878937 0
vt 0.82857203483582 0.82857143878937 0
vt 0.842857837677 0.82857143878937 0
vt 0.8571435213089 0.82857143878937 0
vt 0.87142932415009 0.82857143878937 0
vt 0.88571500778198 0.82857143878937 0
vt 0.90000081062317 0.82857143878937 0
vt 0.91428649425507 0.82857143878937 0
vt 0.92857229709625 0.82857143878937 0
vt 0.94285798072815 0.82857143878937 0
vt 0.95714378356934 0.82857143878937 0
vt 0.97142946720123 0.82857143878937 0
vt 0.98571527004242 0.82857143878937 0
vt 1 0.82857143878937 0
vt 0 0.85714286565781 0
vt 0.01428571343422 0.85714286565781 0
vt 0.02857142686844 0.85714286565781 0
vt 0.04285714030266 0.85714286565781 0
vt 0.05714285373688 0.85714286565781 0
vt 0.0714285671711 0.85714286565781 0
vt 0.08571428060532 0.85714286565781 0
vt 0.09999999403954 0.85714286565781 0
vt 0.11428570747375 0.85714286565781 0
vt 0.12857142090797 0.85714286565781 0
vt 0.14285713434219 0.85714286565781 0
vt 0.15714284777641 0.85714286565781 0
vt 0.17142856121063 0.85714286565781 0
vt 0.18571427464485 0.85714286565781 0
vt 0.19999998807907 0.85714286565781 0
vt 0.21428570151329 0.85714286565781 0
vt 0.22857141494751 0.85714286565781 0
vt 0.24285712838173 0.85714286565781 0
vt 0.25714284181595 0.85714286565781 0
vt 0.27142858505249 0.85714286565781 0
vt 0.28571426868439 0.85714286565781 0
vt 0.30000001192093 0.85714286565781 0
vt 0.31428569555283 0.85714286565781 0
vt 0.32857143878937 0.85714286565781 0
vt 0.34285712242126 0.85714286565781 0
vt 0.35714286565781 0.85714286565781 0
vt 0.3714285492897 0.85714286565781 0
vt 0.38571429252625 0.85714286565781 0
vt 0.39999997615814 0.85714286565781 0
vt 0.41428571939468 0.85714286565781 0
vt 0.42857140302658 0.85714286565781 0
vt 0.44285714626312 0.85714286565781 0
vt 0.45714282989502 0.85714286565781 0
vt 0.47142857313156 0.85714286565781 0
vt 0.48571425676346 0.85714286565781 0
vt 0.5 0.85714286565781 0
vt 0.5142856836319 0.85714286565781 0
vt 0.52857148647308 0.85714286565781 0
vt 0.54285717010498 0.85714286565781 0
vt 0.55714297294617 0.85714286565781 0
vt 0.57142865657806 0.85714286565781 0
vt 0.58571445941925 0.85714286565781 0
vt 0.60000014305115 0.85714286565781 0
vt 0.61428594589233 0.85714286565781 0
vt 0.62857162952423 0.85714286565781 0
vt 0.64285743236542 0.85714286565781 0
vt 0.65714311599731 0.85714286565781 0
vt 0.6714289188385 0.85714286565781 0
vt 0.6857146024704 0.85714286565781 0
vt 0.70000040531158 0.85714286565781 0
vt 0.71428608894348 0.85714286565781 0
vt 0.72857189178467 0.85714286565781 0
vt 0.74285757541656 0.85714286565781 0
vt 0.75714337825775 0.85714286565781 0
vt 0.77142906188965 0.85714286565781 0
vt 0.78571486473084 0.85714286565781 0
vt 0.80000054836273 0.85714286565781 0
vt 0.81428635120392 0.85714286565781 0
vt 0.82857203483582 0.85714286565781 0
vt 0.842857837677 0.85714286565781 0
vt 0.8571435213089 0.85714286565781 0
vt 0.87142932415009 0.85714286565781 0
vt 0.88571500778198 0.85714286565781 0
vt 0.90000081062317 0.85714286565781 0
vt 0.91428649425507 0.85714286565781 0
vt 0.92857229709625 0.85714286565781 0
vt 0.94285798072815 0.85714286565781 0
vt 0.95714378356934 0.85714286565781 0
vt 0.97142946720123 0.85714286565781 0
vt 0.98571527004242 0.85714286565781 0
vt 1 0.85714286565781 0
vt 0 0.88571429252625 0
vt 0.01428571343422 0.88571429252625 0
vt 0.02857142686844 0.88571429252625 0
vt 0.04285714030266 0.88571429252625 0
vt 0.05714285373688 0.88571429252625 0
vt 0.0714285671711 0.88571429252625 0
vt 0.08571428060532 0.88571429252625 0
vt 0.09999999403954 0.88571429252625 0
vt 0.11428570747375 0.88571429252625 0
vt 0.12857142090797 0.88571429252625 0
vt 0.14285713434219 0.88571429252625 0
vt 0.15714284777641 0.88571429252625 0
vt 0.17142856121063 0.88571429252625 0
vt 0.18571427464485 0.88571429252625 0
vt 0.19999998807907 0.88571429252625 0
vt 0.21428570151329 0.88571429252625 0
vt 0.22857141494751 0.88571429252625 0
vt 0.24285712838173 0.88571429252625 0
vt 0.25714284181595 0.88571429252625 0
vt 0.27142858505249 0.88571429252625 0
vt 0.28571426868439 0.88571429252625 0
vt 0.30000001192093 0.88571429252625 0
vt 0.31428569555283 0.88571429252625 0
vt 0.32857143878937 0.88571429252625 0
vt 0.34285712242126 0.88571429252625 0
vt 0.35714286565781 0.88571429252625 0
vt 0.3714285492897 0.88571429252625 0
vt 0.38571429252625 0.88571429252625 0
vt 0.39999997615814 0.88571429252625 0
vt 0.41428571939468 0.88571429252625 0
vt 0.42857140302658 0.88571429252625 0
vt 0.44285714626312 0.88571429252625 0
vt 0.45714282989502 0.88571429252625 0
vt 0.47142857313156 0.88571429252625 0
vt 0.48571425676346 0.88571429252625 0
vt 0.5 0.88571429252625 0
vt 0.5142856836319 0.88571429252625 0
vt 0.52857148647308 0.88571429252625 0
vt 0.54285717010498 0.88571429252625 0
vt 0.55714297294617 0.88571429252625 0
vt 0.57142865657806 0.88571429252625 0
vt 0.58571445941925 0.88571429252625 0
vt 0.60000014305115 0.88571429252625 0
vt 0.61428594589233 0.88571429252625 0
vt 0.62857162952423 0.88571429252625 0
vt 0.64285743236542 0.88571429252625 0
vt 0.65714311599731 0.88571429252625 0
vt 0.6714289188385 0.88571429252625 0
vt 0.6857146024704 0.88571429252625 0
vt 0.70000040531158 0.88571429252625 0
vt 0.71428608894348 0.88571429252625 0
vt 0.72857189178467 0.88571429252625 0
vt 0.74285757541656 0.88571429252625 0
vt 0.75714337825775 0.88571429252625 0
vt 0.77142906188965 0.88571429252625 0
vt 0.78571486473084 0.88571429252625 0
vt 0.80000054836273 0.88571429252625 0
vt 0.81428635120392 0.88571429252625 0
vt 0.82857203483582 0.88571429252625 0
vt 0.842857837677 0.88571429252625 0
vt 0.8571435213089 0.88571429252625 0
vt 0.87142932415009 0.88571429252625 0
vt 0.88571500778198 0.88571429252625 0
vt 0.90000081062317 0.88571429252625 0
vt 0.91428649425507 0.88571429252625 0
vt 0.92857229709625 0.88571429252625 0
vt 0.94285798072815 0.88571429252625 0
vt 0.95714378356934 0.88571429252625 0
vt 0.97142946720123 0.88571429252625 0
vt 0.98571527004242 0.88571429252625 0
vt 1 0.88571429252625 0
vt 0 0.91428571939468 0
vt 0.01428571343422 0.91428571939468 0
vt 0.02857142686844 0.91428571939468 0
vt 0.04285714030266 0.91428571939468 0
vt 0.05714285373688 0.91428571939468 0
vt 0.0714285671711 0.91428571939468 0
vt 0.08571428060532 0.91428571939468 0
vt 0.09999999403954 0.91428571939468 0
vt 0.11428570747375 0.91428571939468 0
vt 0.12857142090797 0.91428571939468 0
vt 0.14285713434219 0.91428571939468 0
vt 0.15714284777641 0.91428571939468 0
vt 0.17142856121063 0.91428571939468 0
vt 0.18571427464485 0.91428571939468 0
vt 0.19999998807907 0.91428571939468 0
vt 0.21428570151329 0.91428571939468 0
vt 0.22857141494751 0.91428571939468 0
vt 0.24285712838173 0.91428571939468 0
vt 0.25714284181595 0.91428571939468 0
vt 0.27142858505249 0.91428571939468 0
vt 0.28571426868439 0.91428571939468 0
vt 0.30000001192093 0.91428571939468 0
vt 0.31428569555283 0.91428571939468 0
vt 0.32857143878937 0.91428571939468 0
vt 0.34285712242126 0.91428571939468 0
vt 0.35714286565781 0.91428571939468 0
vt 0.3714285492897 0.91428571939468 0
vt 0.38571429252625 0.91428571939468 0
vt 0.39999997615814 0.91428571939468 0
vt 0.41428571939468 0.91428571939468 0
vt 0.42857140302658 0.91428571939468 0
vt 0.44285714626312 0.91428571939468 0
vt 0.45714282989502 0.91428571939468 0
vt 0.47142857313156 0.91428571939468 0
vt 0.48571425676346 0.91428571939468 0
vt 0.5 0.91428571939468 0
vt 0.5142856836319 0.91428571939468 0
vt 0.52857148647308 0.91428571939468 0
vt 0.54285717010498 0.91428571939468 0
vt 0.55714297294617 0.91428571939468 0
vt 0.57142865657806 0.91428571939468 0
vt 0.58571445941925 0.91428571939468 0
vt 0.60000014305115 0.91428571939468 0
vt 0.61428594589233 0.91428571939468 0
vt 0.62857162952423 0.91428571939468 0
vt 0.64285743236542 0.91428571939468 0
vt 0.65714311599731 0.91428571939468 0
vt 0.6714289188385 0.91428571939468 0
vt 0.6857146024704 0.91428571939468 0
vt 0.70000040531158 0.91428571939468 0
vt 0.71428608894348 0.91428571939468 0
vt 0.72857189178467 0.91428571939468 0
vt 0.74285757541656 0.91428571939468 0
vt 0.75714337825775 0.91428571939468 0
vt 0.77142906188965 0.91428571939468 0
vt 0.78571486473084 0.91428571939468 0
vt 0.80000054836273 0.91428571939468 0
vt 0.81428635120392 0.91428571939468 0
vt 0.82857203483582 0.91428571939468 0
vt 0.842857837677 0.91428571939468 0
vt 0.8571435213089 0.91428571939468 0
vt 0.87142932415009 0.91428571939468 0
vt 0.88571500778198 0.91428571939468 0
vt 0.90000081062317 0.91428571939468 0
vt 0.91428649425507 0.91428571939468 0
vt 0.92857229709625 0.91428571939468 0
vt 0.94285798072815 0.91428571939468 0
vt 0.95714378356934 0.91428571939468 0
vt 0.97142946720123 0.91428571939468 0
vt 0.98571527004242 0.91428571939468 0
vt 1 0.91428571939468 0
vt 0 0.94285714626312 0
vt 0.01428571343422 0.94285714626312 0
vt 0.02857142686844 0.94285714626312 0
vt 0.04285714030266 0.94285714626312 0
vt 0.05714285373688 0.94285714626312 0
vt 0.0714285671711 0.94285714626312 0
vt 0.08571428060532 0.94285714626312 0
vt 0.09999999403954 0.94285714626312 0
vt 0.11428570747375 0.94285714626312 0
vt 0.12857142090797 0.94285714626312 0
vt 0.14285713434219 0.94285714626312 0
vt 0.15714284777641 0.94285714626312 0
vt 0.17142856121063 0.94285714626312 0
vt 0.18571427464485 0.94285714626312 0
vt 0.19999998807907 0.94285714626312 0
vt 0.21428570151329 0.94285714626312 0
vt 0.22857141494751 0.94285714626312 0
vt 0.24285712838173 0.94285714626312 0
vt 0.25714284181595 0.94285714626312 0
vt 0.27142858505249 0.94285714626312 0
vt 0.28571426868439 0.94285714626312 0
vt 0.30000001192093 0.94285714626312 0
vt 0.31428569555283 0.94285714626312 0
vt 0.32857143878937 0.94285714626312 0
vt 0.34285712242126 0.94285714626312 0
vt 0.35714286565781 0.94285714626312 0
vt 0.3714285492897 0.94285714626312 0
vt 0.38571429252625 0.94285714626312 0
vt 0.39999997615814 0.94285714626312 0
vt 0.41428571939468 0.94285714626312 0
vt 0.42857140302658 0.94285714626312 0
vt 0.44285714626312 0.94285714626312 0
vt 0.45714282989502 0.94285714626312 0
vt 0.47142857313156 0.94285714626312 0
vt 0.48571425676346 0.94285714626312 0
vt 0.5 0.94285714626312 0
vt 0.5142856836319 0.94285714626312 0
vt 0.52857148647308 0.94285714626312 0
vt 0.54285717010498 0.94285714626312 0
vt 0.55714297294617 0.94285714626312 0
vt 0.57142865657806 0.94285714626312 0
vt 0.58571445941925 0.94285714626312 0
vt 0.60000014305115 0.94285714626312 0
vt 0.61428594589233 0.94285714626312 0
vt 0.62857162952423 0.94285714626312 0
vt 0.64285743236542 0.94285714626312 0
vt 0.65714311599731 0.94285714626312 0
vt 0.6714289188385 0.94285714626312 0
vt 0.6857146024704 0.94285714626312 0
vt 0.70000040531158 0.94285714626312 0
vt 0.71428608894348 0.94285714626312 0
vt 0.72857189178467 0.94285714626312 0
vt 0.74285757541656 0.94285714626312 0
vt 0.75714337825775 0.94285714626312 0
vt 0.77142906188965 0.94285714626312 0
vt 0.78571486473084 0.94285714626312 0
vt 0.80000054836273 0.94285714626312 0
vt 0.81428635120392 0.94285714626312 0
vt 0.82857203483582 0.94285714626312 0
vt 0.842857837677 0.94285714626312 0
vt 0.8571435213089 0.94285714626312 0
vt 0.87142932415009 0.94285714626312 0
vt 0.88571500778198 0.94285714626312 0
vt 0.90000081062317 0.94285714626312 0
vt 0.91428649425507 0.94285714626312 0
vt 0.92857229709625 0.94285714626312 0
vt 0.94285798072815 0.94285714626312 0
vt 0.95714378356934 0.94285714626312 0
vt 0.97142946720123 0.94285714626312 0
vt 0.98571527004242 0.94285714626312 0
vt 1 0.94285714626312 0
vt 0 0.97142857313156 0
vt 0.01428571343422 0.97142857313156 0
vt 0.02857142686844 0.97142857313156 0
vt 0.04285714030266 0.97142857313156 0
vt 0.05714285373688 0.97142857313156 0
vt 0.0714285671711 0.97142857313156 0
vt 0.08571428060532 0.97142857313156 0
vt 0.09999999403954 0.97142857313156 0
vt 0.11428570747375 0.97142857313156 0
vt 0.12857142090797 0.97142857313156 0
vt 0.14285713434219 0.97142857313156 0
vt 0.15714284777641 0.97142857313156 0
vt 0.17142856121063 0.97142857313156 0
vt 0.18571427464485 0.97142857313156 0
vt 0.19999998807907 0.97142857313156 0
vt 0.21428570151329 0.97142857313156 0
vt 0.22857141494751 0.97142857313156 0
vt 0.24285712838173 0.97142857313156 0
vt 0.25714284181595 0.97142857313156 0
vt 0.27142858505249 0.97142857313156 0
vt 0.28571426868439 0.97142857313156 0
vt 0.30000001192093 0.97142857313156 0
vt 0.31428569555283 0.97142857313156 0
vt 0.32857143878937 0.97142857313156 0
vt 0.34285712242126 0.97142857313156 0
vt 0.35714286565781 0.97142857313156 0
vt 0.3714285492897 0.97142857313156 0
vt 0.38571429252625 0.97142857313156 0
vt 0.39999997615814 0.97142857313156 0
vt 0.41428571939468 0.97142857313156 0
vt 0.42857140302658 0.97142857313156 0
vt 0.44285714626312 0.97142857313156 0
vt 0.45714282989502 0.97142857313156 0
vt 0.47142857313156 0.97142857313156 0
vt 0.48571425676346 0.97142857313156 0
vt 0.5 0.97142857313156 0
vt 0.5142856836319 0.97142857313156 0
vt 0.52857148647308 0.97142857313156 0
vt 0.54285717010498 0.97142857313156 0
vt 0.55714297294617 0.97142857313156 0
vt 0.57142865657806 0.97142857313156 0
vt 0.58571445941925 0.97142857313156 0
vt 0.60000014305115 0.97142857313156 0
vt 0.61428594589233 0.97142857313156 0
vt 0.62857162952423 0.97142857313156 0
vt 0.64285743236542 0.97142857313156 0
vt 0.65714311599731 0.97142857313156 0
vt 0.6714289188385 0.97142857313156 0
vt 0.6857146024704 0.97142857313156 0
vt 0.70000040531158 0.97142857313156 0
vt 0.71428608894348 0.97142857313156 0
vt 0.72857189178467 0.97142857313156 0
vt 0.74285757541656 0.97142857313156 0
vt 0.75714337825775 0.97142857313156 0
vt 0.77142906188965 0.97142857313156 0
vt 0.78571486473084 0.97142857313156 0
vt 0.80000054836273 0.97142857313156 0
vt 0.81428635120392 0.97142857313156 0
vt 0.82857203483582 0.97142857313156 0
vt 0.842857837677 0.97142857313156 0
vt 0.8571435213089 0.97142857313156 0
vt 0.87142932415009 0.97142857313156 0
vt 0.88571500778198 0.97142857313156 0
vt 0.90000081062317 0.97142857313156 0
vt 0.91428649425507 0.97142857313156 0
vt 0.92857229709625 0.97142857313156 0
vt 0.94285798072815 0.97142857313156 0
vt 0.95714378356934 0.97142857313156 0
vt 0.97142946720123 0.97142857313156 0
vt 0.98571527004242 0.97142857313156 0
vt 1 0.97142857313156 0
vt 0 0 0
vt 0 1 0
vt 0.01428571436554 0 0
vt 0.01428571436554 1 0
vt 0.02857142873108 0 0
vt 0.02857142873108 1 0
vt 0.04285714402795 0 0
vt 0.04285714402795 1 0
vt 0.05714285746217 0 0
vt 0.05714285746217 1 0
vt 0.07142857462168 0 0
vt 0.07142857462168 1 0
vt 0.0857142880559 0 0
vt 0.0857142880559 1 0
vt 0.10000000149012 0 0
vt 0.10000000149012 1 0
vt 0.11428571492434 0 0
vt 0.11428571492434 1 0
vt 0.12857143580914 0 0
vt 0.12857143580914 1 0
vt 0.14285714924335 0 0
vt 0.14285714924335 1 0
vt 0.15714286267757 0 0
vt 0.15714286267757 1 0
vt 0.17142857611179 0 0
vt 0.17142857611179 1 0
vt 0.18571428954601 0 0
vt 0.18571428954601 1 0
vt 0.20000000298023 0 0
vt 0.20000000298023 1 0
vt 0.21428571641445 0 0
vt 0.21428571641445 1 0
vt 0.22857142984867 0 0
vt 0.22857142984867 1 0
vt 0.24285714328289 0 0
vt 0.24285714328289 1 0
vt 0.25714287161827 0 0
vt 0.25714287161827 1 0
vt 0.27142858505249 0 0
vt 0.27142858505249 1 0
vt 0.28571429848671 0 0
vt 0.28571429848671 1 0
vt 0.30000001192093 0 0
vt 0.30000001192093 1 0
vt 0.31428572535515 0 0
vt 0.31428572535515 1 0
vt 0.32857143878937 0 0
vt 0.32857143878937 1 0
vt 0.34285715222359 0 0
vt 0.34285715222359 1 0
vt 0.35714286565781 0 0
vt 0.35714286565781 1 0
vt 0.37142857909203 0 0
vt 0.37142857909203 1 0
vt 0.38571429252625 0 0
vt 0.38571429252625 1 0
vt 0.40000000596046 0 0
vt 0.40000000596046 1 0
vt 0.41428571939468 0 0
vt 0.41428571939468 1 0
vt 0.4285714328289 0 0
vt 0.4285714328289 1 0
vt 0.44285714626312 0 0
vt 0.44285714626312 1 0
vt 0.45714285969734 0 0
vt 0.45714285969734 1 0
vt 0.47142857313156 0 0
vt 0.47142857313156 1 0
vt 0.48571428656578 0 0
vt 0.48571428656578 1 0
vt 0.5 0 0
vt 0.5 1 0
vt 0.51428574323654 0 0
vt 0.51428574323654 1 0
vt 0.52857142686844 0 0
vt 0.52857142686844 1 0
vt 0.54285717010498 0 0
vt 0.54285717010498 1 0
vt 0.55714285373688 0 0
vt 0.55714285373688 1 0
vt 0.57142859697342 0 0
vt 0.57142859697342 1 0
vt 0.58571428060532 0 0
vt 0.58571428060532 1 0
vt 0.60000002384186 0 0
vt 0.60000002384186 1 0
vt 0.61428570747375 0 0
vt 0.61428570747375 1 0
vt 0.6285714507103 0 0
vt 0.6285714507103 1 0
vt 0.64285713434219 0 0
vt 0.64285713434219 1 0
vt 0.65714287757874 0 0
vt 0.65714287757874 1 0
vt 0.67142856121063 0 0
vt 0.67142856121063 1 0
vt 0.68571430444717 0 0
vt 0.68571430444717 1 0
vt 0.69999998807907 0 0
vt 0.69999998807907 1 0
vt 0.71428573131561 0 0
vt 0.71428573131561 1 0
vt 0.72857141494751 0 0
vt 0.72857141494751 1 0
vt 0.74285715818405 0 0
vt 0.74285715818405 1 0
vt 0.75714284181595 0 0
vt 0.75714284181595 1 0
vt 0.77142858505249 0 0
vt 0.77142858505249 1 0
vt 0.78571426868439 0 0
vt 0.78571426868439 1 0
vt 0.80000001192093 0 0
vt 0.80000001192093 1 0
vt 0.81428569555283 0 0
vt 0.81428569555283 1 0
vt 0.82857143878937 0 0
vt 0.82857143878937 1 0
vt 0.84285712242126 0 0
vt 0.84285712242126 1 0
vt 0.85714286565781 0 0
vt 0.85714286565781 1 0
vt 0.8714285492897 0 0
vt 0.8714285492897 1 0
vt 0.88571429252625 0 0
vt 0.88571429252625 1 0
vt 0.89999997615814 0 0
vt 0.89999997615814 1 0
vt 0.91428571939468 0 0
vt 0.91428571939468 1 0
vt 0.92857140302658 0 0
vt 0.92857140302658 1 0
vt 0.94285714626312 0 0
vt 0.94285714626312 1 0
vt 0.95714282989502 0 0
vt 0.95714282989502 1 0
vt 0.97142857313156 0 0
vt 0.97142857313156 1 0
vt 0.98571425676346 0 0
vt 0.98571425676346 1 0
# 2554 texture coordinates

o Sphere
usemtl Sphere
s 1
f 4/4/4 74/3/3 73/2/2 3/1/1
f 5/6/6 75/5/5 74/3/3 4/4/4
f 6/8/8 76/7/7 75/5/5 5/6/6
f 7/10/10 77/9/9 76/7/7 6/8/8
f 8/12/12 78/11/11 77/9/9 7/10/10
f 9/14/14 79/13/13 78/11/11 8/12/12
f 10/16/16 80/15/15 79/13/13 9/14/14
f 11/18/18 81/17/17 80/15/15 10/16/16
f 12/20/20 82/19/19 81/17/17 11/18/18
f 13/22/22 83/21/21 82/19/19 12/20/20
f 14/24/24 84/23/23 83/21/21 13/22/22
f 15/26/26 85/25/25 84/23/23 14/24/24
f 16/28/28 86/27/27 85/25/25 15/26/26
f 17/30/30 87/29/29 86/27/27 16/28/28
f 18/32/32 88/31/31 87/29/29 17/30/30
f 19/34/34 89/33/33 88/31/31 18/32/32
f 20/36/36 90/35/35 89/33/33 19/34/34
f 21/38/38 91/37/37 90/35/35 20/36/36
f 22/40/40 92/39/39 91/37/37 21/38/38
f 23/42/42 93/41/41 92/39/39 22/40/40
f 24/44/44 94/43/43 93/41/41 23/42/42
f 25/46/46 95/45/45 94/43/43 24/44/44
f 26/48/48 96/47/47 95/45/45 25/46/46
f 27/50/50 97/49/49 96/47/47 26/48/48
f 28/52/52 98/51/51 97/49/49 27/50/50
f 29/54/54 99/53/53 98/51/51 28/52/52
f 30/56/56 100/55/55 99/53/53 29/54/54
f 31/58/58 101/57/57 100/55/55 30/56/56
f 32/60/60 102/59/59 101/57/57 31/58/58
f 33/62/62 103/61/61 102/59/59 32/60/60
f 34/64/64 104/63/63 103/61/61 33/62/62
f 35/66/66 105/65/65 104/63/63 34/64/64
f 36/68/68 106/67/67 105/65/65 35/66/66
f 37/70/70 107/69/69 106/67/67 36/68/68
f 38/72/72 108/71/71 107/69/69 37/70/70
f 39/74/74 109/73/73 108/71/71 38/72/72
f 40/76/76 110/75/75 109/73/73 39/74/74
f 41/78/78 111/77/77 110/75/75 40/76/76
f 42/80/80 112/79/79 111/77/77 41/78/78
f 43/82/82 113/81/81 112/79/79 42/80/80
f 44/84/84 114/83/83 113/81/81 43/82/82
f 45/86/86 115/85/85 114/83/83 44/84/84
f 46/88/88 116/87/87 115/85/85 45/86/86
f 47/90/90 117/89/89 116/87/87 46/88/88
f 48/92/92 118/91/91 117/89/89 47/90/90
f 49/94/94 119/93/93 118/91/91 48/92/92
f 50/96/96 120/95/95 119/93/93 49/94/94
f 51/98/98 121/97/97 120/95/95 50/96/96
f 52/100/100 122/99/99 121/97/97 51/98/98
f 53/102/102 123/101/101 122/99/99 52/100/100
f 54/104/104 124/103/103 123/101/101 53/102/102
f 55/106/106 125/105/105 124/103/103 54/104/104
f 56/108/108 126/107/107 125/105/105 55/106/106
f 57/110/110 127/109/109 126/107/107 56/108/108
f 58/112/112 128/111/111 127/109/109 57/110/110
f 59/114/114 129/113/113 128/111/111 58/112/112
f 60/116/116 130/115/115 129/113/113 59/114/114
f 61/118/118 131/117/117 130/115/115 60/116/116
f 62/120/120 132/119/119 131/117/117 61/118/118
f 63/122/122 133/121/121 132/119/119 62/120/120
f 64/124/124 134/123/123 133/121/121 63/122/122
f 65/126/126 135/125/125 134/123/123 64/124/124
f 66/128/128 136/127/127 135/125/125 65/126/126
f 67/130/130 137/129/129 136/127/127 66/128/128
f 68/132/132 138/131/131 137/129/129 67/130/130
f 69/134/134 139/133/133 138/131/131 68/132/132
f 70/136/136 140/135/135 139/133/133 69/134/134
f 71/138/138 141/137/137 140/135/135 70/136/136
f 72/140/140 142/139/139 141/137/137 71/138/138
f 3/142/1 73/141/2 142/139/139 72/140/140
f 74/3/3 144/144/142 143/143/141 73/2/2
f 75/5/5 145/145/143 144/144/142 74/3/3
f 76/7/7 146/146/144 145/145/143 75/5/5
f 77/9/9 147/147/145 146/146/144 76/7/7
f 78/11/11 148/148/146 147/147/145 77/9/9
f 79/13/13 149/149/147 148/148/146 78/11/11
f 80/15/15 150/150/148 149/149/147 79/13/13
f 81/17/17 151/151/149 150/150/148 80/15/15
f 82/19/19 152/152/150 151/151/149 81/17/17
f 83/21/21 153/153/151 152/152/150 82/19/19
f 84/23/23 154/154/152 153/153/151 83/21/21
f 85/25/25 155/155/153 154/154/152 84/23/23
f 86/27/27 156/156/154 155/155/153 85/25/25
f 87/29/29 157/157/155 156/156/154 86/27/27
f 88/31/31 158/158/156 157/157/155 87/29/29
f 89/33/33 159/159/157 158/158/156 88/31/31
f 90/35/35 160/160/158 159/159/157 89/33/33
f 91/37/37 161/161/159 160/160/158 90/35/35
f 92/39/39 162/162/160 161/161/159 91/37/37
f 93/41/41 163/163/161 162/162/160 92/39/39
f 94/43/43 164/164/162 163/163/161 93/41/41
f 95/45/45 165/165/163 164/164/162 94/43/43
f 96/47/47 166/166/164 165/165/163 95/45/45
f 97/49/49 167/167/165 166/166/164 96/47/47
f 98/51/51 168/168/166 167/167/165 97/49/49
f 99/53/53 169/169/167 168/168/166 98/51/51
f 100/55/55 170/170/168 169/169/167 99/53/53
f 101/57/57 171/171/169 170/170/168 100/55/55
f 102/59/59 172/172/170 171/171/169 101/57/57
f 103/61/61 173/173/171 172/172/170 102/59/59
f 104/63/63 174/174/172 173/173/171 103/61/61
f 105/65/65 175/175/173 174/174/172 104/63/63
f 106/67/67 176/176/174 175/175/173 105/65/65
f 107/69/69 177/177/175 176/176/174 106/67/67
f 108/71/71 178/178/176 177/177/175 107/69/69
f 109/73/73 179/179/177 178/178/176 108/71/71
f 110/75/75 180/180/178 179/179/177 109/73/73
f 111/77/77 181/181/179 180/180/178 110/75/75
f 112/79/79 182/182/180 181/181/179 111/77/77
f 113/81/81 183/183/181 182/182/180 112/79/79
f 114/83/83 184/184/182 183/183/181 113/81/81
f 115/85/85 185/185/183 184/184/182 114/83/83
f 116/87/87 186/186/184 185/185/183 115/85/85
f 117/89/89 187/187/185 186/186/184 116/87/87
f 118/91/91 188/188/186 187/187/185 117/89/89
f 119/93/93 189/189/187 188/188/186 118/91/91
f 120/95/95 190/190/188 189/189/187 119/93/93
f 121/97/97 191/191/189 190/190/188 120/95/95
f 122/99/99 192/192/190 191/191/189 121/97/97
f 123/101/101 193/193/191 192/192/190 122/99/99
f 124/103/103 194/194/192 193/193/191 123/101/101
f 125/105/105 195/195/193 194/194/192 124/103/103
f 126/107/107 196/196/194 195/195/193 125/105/105
f 127/109/109 197/197/195 196/196/194 126/107/107
f 128/111/111 198/198/196 197/197/195 127/109/109
f 129/113/113 199/199/197 198/198/196 128/111/111
f 130/115/115 200/200/198 199/199/197 129/113/113
f 131/117/117 201/201/199 200/200/198 130/115/115
f 132/119/119 202/202/200 201/201/199 131/117/117
f 133/121/121 203/203/201 202/202/200 132/119/119
f 134/123/123 204/204/202 203/203/201 133/121/121
f 135/125/125 205/205/203 204/204/202 134/123/123
f 136/127/127 206/206/204 205/205/203 135/125/125
f 137/129/129 207/207/205 206/206/204 136/127/127
f 138/131/131 208/208/206 207/207/205 137/129/129
f 139/133/133 209/209/207 208/208/206 138/131/131
f 140/135/135 210/210/208 209/209/207 139/133/133
f 141/137/137 211/211/209 210/210/208 140/135/135
f 142/139/139 212/212/210 211/211/209 141/137/137
f 73/141/2 143/213/141 212/212/210 142/139/139
f 144/144/142 214/215/212 213/214/211 143/143/141
f 145/145/143 215/216/213 214/215/212 144/144/142
f 146/146/144 216/217/214 215/216/213 145/145/143
f 147/147/145 217/218/215 216/217/214 146/146/144
f 148/148/146 218/219/216 217/218/215 147/147/145
f 149/149/147 219/220/217 218/219/216 148/148/146
f 150/150/148 220/221/218 219/220/217 149/149/147
f 151/151/149 221/222/219 220/221/218 150/150/148
f 152/152/150 222/223/220 221/222/219 151/151/149
f 153/153/151 223/224/221 222/223/220 152/152/150
f 154/154/152 224/225/222 223/224/221 153/153/151
f 155/155/153 225/226/223 224/225/222 154/154/152
f 156/156/154 226/227/224 225/226/223 155/155/153
f 157/157/155 227/228/225 226/227/224 156/156/154
f 158/158/156 228/229/226 227/228/225 157/157/155
f 159/159/157 229/230/227 228/229/226 158/158/156
f 160/160/158 230/231/228 229/230/227 159/159/157
f 161/161/159 231/232/229 230/231/228 160/160/158
f 162/162/160 232/233/230 231/232/229 161/161/159
f 163/163/161 233/234/231 232/233/230 162/162/160
f 164/164/162 234/235/232 233/234/231 163/163/161
f 165/165/163 235/236/233 234/235/232 164/164/162
f 166/166/164 236/237/234 235/236/233 165/165/163
f 167/167/165 237/238/235 236/237/234 166/166/164
f 168/168/166 238/239/236 237/238/235 167/167/165
f 169/169/167 239/240/237 238/239/236 168/168/166
f 170/170/168 240/241/238 239/240/237 169/169/167
f 171/171/169 241/242/239 240/241/238 170/170/168
f 172/172/170 242/243/240 241/242/239 171/171/169
f 173/173/171 243/244/241 242/243/240 172/172/170
f 174/174/172 244/245/242 243/244/241 173/173/171
f 175/175/173 245/246/243 244/245/242 174/174/172
f 176/176/174 246/247/244 245/246/243 175/175/173
f 177/177/175 247/248/245 246/247/244 176/176/174
f 178/178/176 248/249/246 247/248/245 177/177/175
f 179/179/177 249/250/247 248/249/246 178/178/176
f 180/180/178 250/251/248 249/250/247 179/179/177
f 181/181/179 251/252/249 250/251/248 180/180/178
f 182/182/180 252/253/250 251/252/249 181/181/179
f 183/183/181 253/254/251 252/253/250 182/182/180
f 184/184/182 254/255/252 253/254/251 183/183/181
f 185/185/183 255/256/253 254/255/252 184/184/182
f 186/186/184 256/257/254 255/256/253 185/185/183
f 187/187/185 257/258/255 256/257/254 186/186/184
f 188/188/186 258/259/256 257/258/255 187/187/185
f 189/189/187 259/260/257 258/259/256 188/188/186
f 190/190/188 260/261/258 259/260/257 189/189/187
f 191/191/189 261/262/259 260/261/258 190/190/188
f 192/192/190 262/263/260 261/262/259 191/191/189
f 193/193/191 263/264/261 262/263/260 192/192/190
f 194/194/192 264/265/262 263/264/261 193/193/191
f 195/195/193 265/266/263 264/265/262 194/194/192
f 196/196/194 266/267/264 265/266/263 195/195/193
f 197/197/195 267/268/265 266/267/264 196/196/194
f 198/198/196 268/269/266 267/268/265 197/197/195
f 199/199/197 269/270/267 268/269/266 198/198/196
f 200/200/198 270/271/268 269/270/267 199/199/197
f 201/201/199 271/272/269 270/271/268 200/200/198
f 202/202/200 272/273/270 271/272/269 201/201/199
f 203/203/201 273/274/271 272/273/270 202/202/200
f 204/204/202 274/275/272 273/274/271 203/203/201
f 205/205/203 275/276/273 274/275/272 204/204/202
f 206/206/204 276/277/274 275/276/273 205/205/203
f 207/207/205 277/278/275 276/277/274 206/206/204
f 208/208/206 278/279/276 277/278/275 207/207/205
f 209/209/207 279/280/277 278/279/276 208/208/206
f 210/210/208 280/281/278 279/280/277 209/209/207
f 211/211/209 281/282/279 280/281/278 210/210/208
f 212/212/210 282/283/280 281/282/279 211/211/209
f 143/213/141 213/284/211 282/283/280 212/212/210
f 214/215/212 284/286/282 283/285/281 213/214/211
f 215/216/213 285/287/283 284/286/282 214/215/212
f 216/217/214 286/288/284 285/287/283 215/216/213
f 217/218/215 287/289/285 286/288/284 216/217/214
f 218/219/216 288/290/286 287/289/285 217/218/215
f 219/220/217 289/291/287 288/290/286 218/219/216
f 220/221/218 290/292/288 289/291/287 219/220/217
f 221/222/219 291/293/289 290/292/288 220/221/218
f 222/223/220 292/294/290 291/293/289 221/222/219
f 223/224/221 293/295/291 292/294/290 222/223/220
f 224/225/222 294/296/292 293/295/291 223/224/221
f 225/226/223 295/297/293 294/296/292 224/225/222
f 226/227/224 296/298/294 295/297/293 225/226/223
f 227/228/225 297/299/295 296/298/294 226/227/224
f 228/229/226 298/300/296 297/299/295 227/228/225
f 229/230/227 299/301/297 298/300/296 228/229/226
f 230/231/228 300/302/298 299/301/297 229/230/227
f 231/232/229 301/303/299 300/302/298 230/231/228
f 232/233/230 302/304/300 301/303/299 231/232/229
f 233/234/231 303/305/301 302/304/300 232/233/230
f 234/235/232 304/306/302 303/305/301 233/234/231
f 235/236/233 305/307/303 304/306/302 234/235/232
f 236/237/234 306/308/304 305/307/303 235/236/233
f 237/238/235 307/309/305 306/308/304 236/237/234
f 238/239/236 308/310/306 307/309/305 237/238/235
f 239/240/237 309/311/307 308/310/306 238/239/236
f 240/241/238 310/312/308 309/311/307 239/240/237
f 241/242/239 311/313/309 310/312/308 240/241/238
f 242/243/240 312/314/310 311/313/309 241/242/239
f 243/244/241 313/315/311 312/314/310 242/243/240
f 244/245/242 314/316/312 313/315/311 243/244/241
f 245/246/243 315/317/313 314/316/312 244/245/242
f 246/247/244 316/318/314 315/317/313 245/246/243
f 247/248/245 317/319/315 316/318/314 246/247/244
f 248/249/246 318/320/316 317/319/315 247/248/245
f 249/250/247 319/321/317 318/320/316 248/249/246
f 250/251/248 320/322/318 319/321/317 249/250/247
f 251/252/249 321/323/319 320/322/318 250/251/248
f 252/253/250 322/324/320 321/323/319 251/252/249
f 253/254/251 323/325/321 322/324/320 252/253/250
f 254/255/252 324/326/322 323/325/321 253/254/251
f 255/256/253 325/327/323 324/326/322 254/255/252
f 256/257/254 326/328/324 325/327/323 255/256/253
f 257/258/255 327/329/325 326/328/324 256/257/254
f 258/259/256 328/330/326 327/329/325 257/258/255
f 259/260/257 329/331/327 328/330/326 258/259/256
f 260/261/258 330/332/328 329/331/327 259/260/257
f 261/262/259 331/333/329 330/332/328 260/261/258
f 262/263/260 332/334/330 331/333/329 261/262/259
f 263/264/261 333/335/331 332/334/330 262/263/260
f 264/265/262 334/336/332 333/335/331 263/264/261
f 265/266/263 335/337/333 334/336/332 264/265/262
f 266/267/264 336/338/334 335/337/333 265/266/263
f 267/268/265 337/339/335 336/338/334 266/267/264
f 268/269/266 338/340/336 337/339/335 267/268/265
f 269/270/267 339/341/337 338/340/336 268/269/266
f 270/271/268 340/342/338 339/341/337 269/270/267
f 271/272/269 341/343/339 340/342/338 270/271/268
f 272/273/270 342/344/340 341/343/339 271/272/269
f 273/274/271 343/345/341 342/344/340 272/273/270
f 274/275/272 344/346/342 343/345/341 273/274/271
f 275/276/273 345/347/343 344/346/342 274/275/272
f 276/277/274 346/348/344 345/347/343 275/276/273
f 277/278/275 347/349/345 346/348/344 276/277/274
f 278/279/276 348/350/346 347/349/345 277/278/275
f 279/280/277 349/351/347 348/350/346 278/279/276
f 280/281/278 350/352/348 349/351/347 279/280/277
f 281/282/279 351/353/349 350/352/348 280/281/278
f 282/283/280 352/354/350 351/353/349 281/282/279
f 213/284/211 283/355/281 352/354/350 282/283/280
f 284/286/282 354/357/352 353/356/351 283/285/281
f 285/287/283 355/358/353 354/357/352 284/286/282
f 286/288/284 356/359/354 355/358/353 285/287/283
f 287/289/285 357/360/355 356/359/354 286/288/284
f 288/290/286 358/361/356 357/360/355 287/289/285
f 289/291/287 359/362/357 358/361/356 288/290/286
f 290/292/288 360/363/358 359/362/357 289/291/287
f 291/293/289 361/364/359 360/363/358 290/292/288
f 292/294/290 362/365/360 361/364/359 291/293/289
f 293/295/291 363/366/361 362/365/360 292/294/290
f 294/296/292 364/367/362 363/366/361 293/295/291
f 295/297/293 365/368/363 364/367/362 294/296/292
f 296/298/294 366/369/364 365/368/363 295/297/293
f 297/299/295 367/370/365 366/369/364 296/298/294
f 298/300/296 368/371/366 367/370/365 297/299/295
f 299/301/297 369/372/367 368/371/366 298/300/296
f 300/302/298 370/373/368 369/372/367 299/301/297
f 301/303/299 371/374/369 370/373/368 300/302/298
f 302/304/300 372/375/370 371/374/369 301/303/299
f 303/305/301 373/376/371 372/375/370 302/304/300
f 304/306/302 374/377/372 373/376/371 303/305/301
f 305/307/303 375/378/373 374/377/372 304/306/302
f 306/308/304 376/379/374 375/378/373 305/307/303
f 307/309/305 377/380/375 376/379/374 306/308/304
f 308/310/306 378/381/376 377/380/375 307/309/305
f 309/311/307 379/382/377 378/381/376 308/310/306
f 310/312/308 380/383/378 379/382/377 309/311/307
f 311/313/309 381/384/379 380/383/378 310/312/308
f 312/314/310 382/385/380 381/384/379 311/313/309
f 313/315/311 383/386/381 382/385/380 312/314/310
f 314/316/312 384/387/382 383/386/381 313/315/311
f 315/317/313 385/388/383 384/387/382 314/316/312
f 316/318/314 386/389/384 385/388/383 315/317/313
f 317/319/315 387/390/385 386/389/384 316/318/314
f 318/320/316 388/391/386 387/390/385 317/319/315
f 319/321/317 389/392/387 388/391/386 318/320/316
f 320/322/318 390/393/388 389/392/387 319/321/317
f 321/323/319 391/394/389 390/393/388 320/322/318
f 322/324/320 392/395/390 391/394/389 321/323/319
f 323/325/321 393/396/391 392/395/390 322/324/320
f 324/326/322 394/397/392 393/396/391 323/325/321
f 325/327/323 395/398/393 394/397/392 324/326/322
f 326/328/324 396/399/394 395/398/393 325/327/323
f 327/329/325 397/400/395 396/399/394 326/328/324
f 328/330/326 398/401/396 397/400/395 327/329/325
f 329/331/327 399/402/397 398/401/396 328/330/326
f 330/332/328 400/403/398 399/402/397 329/331/327
f 331/333/329 401/404/399 400/403/398 330/332/328
f 332/334/330 402/405/400 401/404/399 331/333/329
f 333/335/331 403/406/401 402/405/400 332/334/330
f 334/336/332 404/407/402 403/406/401 333/335/331
f 335/337/333 405/408/403 404/407/402 334/336/332
f 336/338/334 406/409/404 405/408/403 335/337/333
f 337/339/335 407/410/405 406/409/404 336/338/334
f 338/340/336 408/411/406 407/410/405 337/339/335
f 339/341/337 409/412/407 408/411/406 338/340/336
f 340/342/338 410/413/408 409/412/407 339/341/337
f 341/343/339 411/414/409 410/413/408 340/342/338
f 342/344/340 412/415/410 411/414/409 341/343/339
f 343/345/341 413/416/411 412/415/410 342/344/340
f 344/346/342 414/417/412 413/416/411 343/345/341
f 345/347/343 415/418/413 414/417/412 344/346/342
f 346/348/344 416/419/414 415/418/413 345/347/343
f 347/349/345 417/420/415 416/419/414 346/348/344
f 348/350/346 418/421/416 417/420/415 347/349/345
f 349/351/347 419/422/417 418/421/416 348/350/346
f 350/352/348 420/423/418 419/422/417 349/351/347
f 351/353/349 421/424/419 420/423/418 350/352/348
f 352/354/350 422/425/420 421/424/419 351/353/349
f 283/355/281 353/426/351 422/425/420 352/354/350
f 354/357/352 424/428/422 423/427/421 353/356/351
f 355/358/353 425/429/423 424/428/422 354/357/352
f 356/359/354 426/430/424 425/429/423 355/358/353
f 357/360/355 427/431/425 426/430/424 356/359/354
f 358/361/356 428/432/426 427/431/425 357/360/355
f 359/362/357 429/433/427 428/432/426 358/361/356
f 360/363/358 430/434/428 429/433/427 359/362/357
f 361/364/359 431/435/429 430/434/428 360/363/358
f 362/365/360 432/436/430 431/435/429 361/364/359
f 363/366/361 433/437/431 432/436/430 362/365/360
f 364/367/362 434/438/432 433/437/431 363/366/361
f 365/368/363 435/439/433 434/438/432 364/367/362
f 366/369/364 436/440/434 435/439/433 365/368/363
f 367/370/365 437/441/435 436/440/434 366/369/364
f 368/371/366 438/442/436 437/441/435 367/370/365
f 369/372/367 439/443/437 438/442/436 368/371/366
f 370/373/368 440/444/438 439/443/437 369/372/367
f 371/374/369 441/445/439 440/444/438 370/373/368
f 372/375/370 442/446/440 441/445/439 371/374/369
f 373/376/371 443/447/441 442/446/440 372/375/370
f 374/377/372 444/448/442 443/447/441 373/376/371
f 375/378/373 445/449/443 444/448/442 374/377/372
f 376/379/374 446/450/444 445/449/443 375/378/373
f 377/380/375 447/451/445 446/450/444 376/379/374
f 378/381/376 448/452/446 447/451/445 377/380/375
f 379/382/377 449/453/447 448/452/446 378/381/376
f 380/383/378 450/454/448 449/453/447 379/382/377
f 381/384/379 451/455/449 450/454/448 380/383/378
f 382/385/380 452/456/450 451/455/449 381/384/379
f 383/386/381 453/457/451 452/456/450 382/385/380
f 384/387/382 454/458/452 453/457/451 383/386/381
f 385/388/383 455/459/453 454/458/452 384/387/382
f 386/389/384 456/460/454 455/459/453 385/388/383
f 387/390/385 457/461/455 456/460/454 386/389/384
f 388/391/386 458/462/456 457/461/455 387/390/385
f 389/392/387 459/463/457 458/462/456 388/391/386
f 390/393/388 460/464/458 459/463/457 389/392/387
f 391/394/389 461/465/459 460/464/458 390/393/388
f 392/395/390 462/466/460 461/465/459 391/394/389
f 393/396/391 463/467/461 462/466/460 392/395/390
f 394/397/392 464/468/462 463/467/461 393/396/391
f 395/398/393 465/469/463 464/468/462 394/397/392
f 396/399/394 466/470/464 465/469/463 395/398/393
f 397/400/395 467/471/465 466/470/464 396/399/394
f 398/401/396 468/472/466 467/471/465 397/400/395
f 399/402/397 469/473/467 468/472/466 398/401/396
f 400/403/398 470/474/468 469/473/467 399/402/397
f 401/404/399 471/475/469 470/474/468 400/403/398
f 402/405/400 472/476/470 471/475/469 401/404/399
f 403/406/401 473/477/471 472/476/470 402/405/400
f 404/407/402 474/478/472 473/477/471 403/406/401
f 405/408/403 475/479/473 474/478/472 404/407/402
f 406/409/404 476/480/474 475/479/473 405/408/403
f 407/410/405 477/481/475 476/480/474 406/409/404
f 408/411/406 478/482/476 477/481/475 407/410/405
f 409/412/407 479/483/477 478/482/476 408/411/406
f 410/413/408 480/484/478 479/483/477 409/412/407
f 411/414/409 481/485/479 480/484/478 410/413/408
f 412/415/410 482/486/480 481/485/479 411/414/409
f 413/416/411 483/487/481 482/486/480 412/415/410
f 414/417/412 484/488/482 483/487/481 413/416/411
f 415/418/413 485/489/483 484/488/482 414/417/412
f 416/419/414 486/490/484 485/489/483 415/418/413
f 417/420/415 487/491/485 486/490/484 416/419/414
f 418/421/416 488/492/486 487/491/485 417/420/415
f 419/422/417 489/493/487 488/492/486 418/421/416
f 420/423/418 490/494/488 489/493/487 419/422/417
f 421/424/419 491/495/489 490/494/488 420/423/418
f 422/425/420 492/496/490 491/495/489 421/424/419
f 353/426/351 423/497/421 492/496/490 422/425/420
f 424/428/422 494/499/492 493/498/491 423/427/421
f 425/429/423 495/500/493 494/499/492 424/428/422
f 426/430/424 496/501/494 495/500/493 425/429/423
f 427/431/425 497/502/495 496/501/494 426/430/424
f 428/432/426 498/503/496 497/502/495 427/431/425
f 429/433/427 499/504/497 498/503/496 428/432/426
f 430/434/428 500/505/498 499/504/497 429/433/427
f 431/435/429 501/506/499 500/505/498 430/434/428
f 432/436/430 502/507/500 501/506/499 431/435/429
f 433/437/431 503/508/501 502/507/500 432/436/430
f 434/438/432 504/509/502 503/508/501 433/437/431
f 435/439/433 505/510/503 504/509/502 434/438/432
f 436/440/434 506/511/504 505/510/503 435/439/433
f 437/441/435 507/512/505 506/511/504 436/440/434
f 438/442/436 508/513/506 507/512/505 437/441/435
f 439/443/437 509/514/507 508/513/506 438/442/436
f 440/444/438 510/515/508 509/514/507 439/443/437
f 441/445/439 511/516/509 510/515/508 440/444/438
f 442/446/440 512/517/510 511/516/509 441/445/439
f 443/447/441 513/518/511 512/517/510 442/446/440
f 444/448/442 514/519/512 513/518/511 443/447/441
f 445/449/443 515/520/513 514/519/512 444/448/442
f 446/450/444 516/521/514 515/520/513 445/449/443
f 447/451/445 517/522/515 516/521/514 446/450/444
f 448/452/446 518/523/516 517/522/515 447/451/445
f 449/453/447 519/524/517 518/523/516 448/452/446
f 450/454/448 520/525/518 519/524/517 449/453/447
f 451/455/449 521/526/519 520/525/518 450/454/448
f 452/456/450 522/527/520 521/526/519 451/455/449
f 453/457/451 523/528/521 522/527/520 452/456/450
f 454/458/452 524/529/522 523/528/521 453/457/451
f 455/459/453 525/530/523 524/529/522 454/458/452
f 456/460/454 526/531/524 525/530/523 455/459/453
f 457/461/455 527/532/525 526/531/524 456/460/454
f 458/462/456 528/533/526 527/532/525 457/461/455
f 459/463/457 529/534/527 528/533/526 458/462/456
f 460/464/458 530/535/528 529/534/527 459/463/457
f 461/465/459 531/536/529 530/535/528 460/464/458
f 462/466/460 532/537/530 531/536/529 461/465/459
f 463/467/461 533/538/531 532/537/530 462/466/460
f 464/468/462 534/539/532 533/538/531 463/467/461
f 465/469/463 535/540/533 534/539/532 464/468/462
f 466/470/464 536/541/534 535/540/533 465/469/463
f 467/471/465 537/542/535 536/541/534 466/470/464
f 468/472/466 538/543/536 537/542/535 467/471/465
f 469/473/467 539/544/537 538/543/536 468/472/466
f 470/474/468 540/545/538 539/544/537 469/473/467
f 471/475/469 541/546/539 540/545/538 470/474/468
f 472/476/470 542/547/540 541/546/539 471/475/469
f 473/477/471 543/548/541 542/547/540 472/476/470
f 474/478/472 544/549/542 543/548/541 473/477/471
f 475/479/473 545/550/543 544/549/542 474/478/472
f 476/480/474 546/551/544 545/550/543 475/479/473
f 477/481/475 547/552/545 546/551/544 476/480/474
f 478/482/476 548/553/546 547/552/545 477/481/475
f 479/483/477 549/554/547 548/553/546 478/482/476
f 480/484/478 550/555/548 549/554/547 479/483/477
f 481/485/479 551/556/549 550/555/548 480/484/478
f 482/486/480 552/557/550 551/556/549 481/485/479
f 483/487/481 553/558/551 552/557/550 482/486/480
f 484/488/482 554/559/552 553/558/551 483/487/481
f 485/489/483 555/560/553 554/559/552 484/488/482
f 486/490/484 556/561/554 555/560/553 485/489/483
f 487/491/485 557/562/555 556/561/554 486/490/484
f 488/492/486 558/563/556 557/562/555 487/491/485
f 489/493/487 559/564/557 558/563/556 488/492/486
f 490/494/488 560/565/558 559/564/557 489/493/487
f 491/495/489 561/566/559 560/565/558 490/494/488
f 492/496/490 562/567/560 561/566/559 491/495/489
f 423/497/421 493/568/491 562/567/560 492/496/490
f 494/499/492 564/570/562 563/569/561 493/498/491
f 495/500/493 565/571/563 564/570/562 494/499/492
f 496/501/494 566/572/564 565/571/563 495/500/493
f 497/502/495 567/573/565 566/572/564 496/501/494
f 498/503/496 568/574/566 567/573/565 497/502/495
f 499/504/497 569/575/567 568/574/566 498/503/496
f 500/505/498 570/576/568 569/575/567 499/504/497
f 501/506/499 571/577/569 570/576/568 500/505/498
f 502/507/500 572/578/570 571/577/569 501/506/499
f 503/508/501 573/579/571 572/578/570 502/507/500
f 504/509/502 574/580/572 573/579/571 503/508/501
f 505/510/503 575/581/573 574/580/572 504/509/502
f 506/511/504 576/582/574 575/581/573 505/510/503
f 507/512/505 577/583/575 576/582/574 506/511/504
f 508/513/506 578/584/576 577/583/575 507/512/505
f 509/514/507 579/585/577 578/584/576 508/513/506
f 510/515/508 580/586/578 579/585/577 509/514/507
f 511/516/509 581/587/579 580/586/578 510/515/508
f 512/517/510 582/588/580 581/587/579 511/516/509
f 513/518/511 583/589/581 582/588/580 512/517/510
f 514/519/512 584/590/582 583/589/581 513/518/511
f 515/520/513 585/591/583 584/590/582 514/519/512
f 516/521/514 586/592/584 585/591/583 515/520/513
f 517/522/515 587/593/585 586/592/584 516/521/514
f 518/523/516 588/594/586 587/593/585 517/522/515
f 519/524/517 589/595/587 588/594/586 518/523/516
f 520/525/518 590/596/588 589/595/587 519/524/517
f 521/526/519 591/597/589 590/596/588 520/525/518
f 522/527/520 592/598/590 591/597/589 521/526/519
f 523/528/521 593/599/591 592/598/590 522/527/520
f 524/529/522 594/600/592 593/599/591 523/528/521
f 525/530/523 595/601/593 594/600/592 524/529/522
f 526/531/524 596/602/594 595/601/593 525/530/523
f 527/532/525 597/603/595 596/602/594 526/531/524
f 528/533/526 598/604/596 597/603/595 527/532/525
f 529/534/527 599/605/597 598/604/596 528/533/526
f 530/535/528 600/606/598 599/605/597 529/534/527
f 531/536/529 601/607/599 600/606/598 530/535/528
f 532/537/530 602/608/600 601/607/599 531/536/529
f 533/538/531 603/609/601 602/608/600 532/537/530
f 534/539/532 604/610/602 603/609/601 533/538/531
f 535/540/533 605/611/603 604/610/602 534/539/532
f 536/541/534 606/612/604 605/611/603 535/540/533
f 537/542/535 607/613/605 606/612/604 536/541/534
f 538/543/536 608/614/606 607/613/605 537/542/535
f 539/544/537 609/615/607 608/614/606 538/543/536
f 540/545/538 610/616/608 609/615/607 539/544/537
f 541/546/539 611/617/609 610/616/608 540/545/538
f 542/547/540 612/618/610 611/617/609 541/546/539
f 543/548/541 613/619/611 612/618/610 542/547/540
f 544/549/542 614/620/612 613/619/611 543/548/541
f 545/550/543 615/621/613 614/620/612 544/549/542
f 546/551/544 616/622/614 615/621/613 545/550/543
f 547/552/545 617/623/615 616/622/614 546/551/544
f 548/553/546 618/624/616 617/623/615 547/552/545
f 549/554/547 619/625/617 618/624/616 548/553/546
f 550/555/548 620/626/618 619/625/617 549/554/547
f 551/556/549 621/627/619 620/626/618 550/555/548
f 552/557/550 622/628/620 621/627/619 551/556/549
f 553/558/551 623/629/621 622/628/620 552/557/550
f 554/559/552 624/630/622 623/629/621 553/558/551
f 555/560/553 625/631/623 624/630/622 554/559/552
f 556/561/554 626/632/624 625/631/623 555/560/553
f 557/562/555 627/633/625 626/632/624 556/561/554
f 558/563/556 628/634/626 627/633/625 557/562/555
f 559/564/557 629/635/627 628/634/626 558/563/556
f 560/565/558 630/636/628 629/635/627 559/564/557
f 561/566/559 631/637/629 630/636/628 560/565/558
f 562/567/560 632/638/630 631/637/629 561/566/559
f 493/568/491 563/639/561 632/638/630 562/567/560
f 564/570/562 634/641/632 633/640/631 563/569/561
f 565/571/563 635/642/633 634/641/632 564/570/562
f 566/572/564 636/643/634 635/642/633 565/571/563
f 567/573/565 637/644/635 636/643/634 566/572/564
f 568/574/566 638/645/636 637/644/635 567/573/565
f 569/575/567 639/646/637 638/645/636 568/574/566
f 570/576/568 640/647/638 639/646/637 569/575/567
f 571/577/569 641/648/639 640/647/638 570/576/568
f 572/578/570 642/649/640 641/648/639 571/577/569
f 573/579/571 643/650/641 642/649/640 572/578/570
f 574/580/572 644/651/642 643/650/641 573/579/571
f 575/581/573 645/652/643 644/651/642 574/580/572
f 576/582/574 646/653/644 645/652/643 575/581/573
f 577/583/575 647/654/645 646/653/644 576/582/574
f 578/584/576 648/655/646 647/654/645 577/583/575
f 579/585/577 649/656/647 648/655/646 578/584/576
f 580/586/578 650/657/648 649/656/647 579/585/577
f 581/587/579 651/658/649 650/657/648 580/586/578
f 582/588/580 652/659/650 651/658/649 581/587/579
f 583/589/581 653/660/651 652/659/650 582/588/580
f 584/590/582 654/661/652 653/660/651 583/589/581
f 585/591/583 655/662/653 654/661/652 584/590/582
f 586/592/584 656/663/654 655/662/653 585/591/583
f 587/593/585 657/664/655 656/663/654 586/592/584
f 588/594/586 658/665/656 657/664/655 587/593/585
f 589/595/587 659/666/657 658/665/656 588/594/586
f 590/596/588 660/667/658 659/666/657 589/595/587
f 591/597/589 661/668/659 660/667/658 590/596/588
f 592/598/590 662/669/660 661/668/659 591/597/589
f 593/599/591 663/670/661 662/669/660 592/598/590
f 594/600/592 664/671/662 663/670/661 593/599/591
f 595/601/593 665/672/663 664/671/662 594/600/592
f 596/602/594 666/673/664 665/672/663 595/601/593
f 597/603/595 667/674/665 666/673/664 596/602/594
f 598/604/596 668/675/666 667/674/665 597/603/595
f 599/605/597 669/676/667 668/675/666 598/604/596
f 600/606/598 670/677/668 669/676/667 599/605/597
f 601/607/599 671/678/669 670/677/668 600/606/598
f 602/608/600 672/679/670 671/678/669 601/607/599
f 603/609/601 673/680/671 672/679/670 602/608/600
f 604/610/602 674/681/672 673/680/671 603/609/601
f 605/611/603 675/682/673 674/681/672 604/610/602
f 606/612/604 676/683/674 675/682/673 605/611/603
f 607/613/605 677/684/675 676/683/674 606/612/604
f 608/614/606 678/685/676 677/684/675 607/613/605
f 609/615/607 679/686/677 678/685/676 608/614/606
f 610/616/608 680/687/678 679/686/677 609/615/607
f 611/617/609 681/688/679 680/687/678 610/616/608
f 612/618/610 682/689/680 681/688/679 611/617/609
f 613/619/611 683/690/681 682/689/680 612/618/610
f 614/620/612 684/691/682 683/690/681 613/619/611
f 615/621/613 685/692/683 684/691/682 614/620/612
f 616/622/614 686/693/684 685/692/683 615/621/613
f 617/623/615 687/694/685 686/693/684 616/622/614
f 618/624/616 688/695/686 687/694/685 617/623/615
f 619/625/617 689/696/687 688/695/686 618/624/616
f 620/626/618 690/697/688 689/696/687 619/625/617
f 621/627/619 691/698/689 690/697/688 620/626/618
f 622/628/620 692/699/690 691/698/689 621/627/619
f 623/629/621 693/700/691 692/699/690 622/628/620
f 624/630/622 694/701/692 693/700/691 623/629/621
f 625/631/623 695/702/693 694/701/692 624/630/622
f 626/632/624 696/703/694 695/702/693 625/631/623
f 627/633/625 697/704/695 696/703/694 626/632/624
f 628/634/626 698/705/696 697/704/695 627/633/625
f 629/635/627 699/706/697 698/705/696 628/634/626
f 630/636/628 700/707/698 699/706/697 629/635/627
f 631/637/629 701/708/699 700/707/698 630/636/628
f 632/638/630 702/709/700 701/708/699 631/637/629
f 563/639/561 633/710/631 702/709/700 632/638/630
f 634/641/632 704/712/702 703/711/701 633/640/631
f 635/642/633 705/713/703 704/712/702 634/641/632
f 636/643/634 706/714/704 705/713/703 635/642/633
f 637/644/635 707/715/705 706/714/704 636/643/634
f 638/645/636 708/716/706 707/715/705 637/644/635
f 639/646/637 709/717/707 708/716/706 638/645/636
f 640/647/638 710/718/708 709/717/707 639/646/637
f 641/648/639 711/719/709 710/718/708 640/647/638
f 642/649/640 712/720/710 711/719/709 641/648/639
f 643/650/641 713/721/711 712/720/710 642/649/640
f 644/651/642 714/722/712 713/721/711 643/650/641
f 645/652/643 715/723/713 714/722/712 644/651/642
f 646/653/644 716/724/714 715/723/713 645/652/643
f 647/654/645 717/725/715 716/724/714 646/653/644
f 648/655/646 718/726/716 717/725/715 647/654/645
f 649/656/647 719/727/717 718/726/716 648/655/646
f 650/657/648 720/728/718 719/727/717 649/656/647
f 651/658/649 721/729/719 720/728/718 650/657/648
f 652/659/650 722/730/720 721/729/719 651/658/649
f 653/660/651 723/731/721 722/730/720 652/659/650
f 654/661/652 724/732/722 723/731/721 653/660/651
f 655/662/653 725/733/723 724/732/722 654/661/652
f 656/663/654 726/734/724 725/733/723 655/662/653
f 657/664/655 727/735/725 726/734/724 656/663/654
f 658/665/656 728/736/726 727/735/725 657/664/655
f 659/666/657 729/737/727 728/736/726 658/665/656
f 660/667/658 730/738/728 729/737/727 659/666/657
f 661/668/659 731/739/729 730/738/728 660/667/658
f 662/669/660 732/740/730 731/739/729 661/668/659
f 663/670/661 733/741/731 732/740/730 662/669/660
f 664/671/662 734/742/732 733/741/731 663/670/661
f 665/672/663 735/743/733 734/742/732 664/671/662
f 666/673/664 736/744/734 735/743/733 665/672/663
f 667/674/665 737/745/735 736/744/734 666/673/664
f 668/675/666 738/746/736 737/745/735 667/674/665
f 669/676/667 739/747/737 738/746/736 668/675/666
f 670/677/668 740/748/738 739/747/737 669/676/667
f 671/678/669 741/749/739 740/748/738 670/677/668
f 672/679/670 742/750/740 741/749/739 671/678/669
f 673/680/671 743/751/741 742/750/740 672/679/670
f 674/681/672 744/752/742 743/751/741 673/680/671
f 675/682/673 745/753/743 744/752/742 674/681/672
f 676/683/674 746/754/744 745/753/743 675/682/673
f 677/684/675 747/755/745 746/754/744 676/683/674
f 678/685/676 748/756/746 747/755/745 677/684/675
f 679/686/677 749/757/747 748/756/746 678/685/676
f 680/687/678 750/758/748 749/757/747 679/686/677
f 681/688/679 751/759/749 750/758/748 680/687/678
f 682/689/680 752/760/750 751/759/749 681/688/679
f 683/690/681 753/761/751 752/760/750 682/689/680
f 684/691/682 754/762/752 753/761/751 683/690/681
f 685/692/683 755/763/753 754/762/752 684/691/682
f 686/693/684 756/764/754 755/763/753 685/692/683
f 687/694/685 757/765/755 756/764/754 686/693/684
f 688/695/686 758/766/756 757/765/755 687/694/685
f 689/696/687 759/767/757 758/766/756 688/695/686
f 690/697/688 760/768/758 759/767/757 689/696/687
f 691/698/689 761/769/759 760/768/758 690/697/688
f 692/699/690 762/770/760 761/769/759 691/698/689
f 693/700/691 763/771/761 762/770/760 692/699/690
f 694/701/692 764/772/762 763/771/761 693/700/691
f 695/702/693 765/773/763 764/772/762 694/701/692
f 696/703/694 766/774/764 765/773/763 695/702/693
f 697/704/695 767/775/765 766/774/764 696/703/694
f 698/705/696 768/776/766 767/775/765 697/704/695
f 699/706/697 769/777/767 768/776/766 698/705/696
f 700/707/698 770/778/768 769/777/767 699/706/697
f 701/708/699 771/779/769 770/778/768 700/707/698
f 702/709/700 772/780/770 771/779/769 701/708/699
f 633/710/631 703/781/701 772/780/770 702/709/700
f 704/712/702 774/783/772 773/782/771 703/711/701
f 705/713/703 775/784/773 774/783/772 704/712/702
f 706/714/704 776/785/774 775/784/773 705/713/703
f 707/715/705 777/786/775 776/785/774 706/714/704
f 708/716/706 778/787/776 777/786/775 707/715/705
f 709/717/707 779/788/777 778/787/776 708/716/706
f 710/718/708 780/789/778 779/788/777 709/717/707
f 711/719/709 781/790/779 780/789/778 710/718/708
f 712/720/710 782/791/780 781/790/779 711/719/709
f 713/721/711 783/792/781 782/791/780 712/720/710
f 714/722/712 784/793/782 783/792/781 713/721/711
f 715/723/713 785/794/783 784/793/782 714/722/712
f 716/724/714 786/795/784 785/794/783 715/723/713
f 717/725/715 787/796/785 786/795/784 716/724/714
f 718/726/716 788/797/786 787/796/785 717/725/715
f 719/727/717 789/798/787 788/797/786 718/726/716
f 720/728/718 790/799/788 789/798/787 719/727/717
f 721/729/719 791/800/789 790/799/788 720/728/718
f 722/730/720 792/801/790 791/800/789 721/729/719
f 723/731/721 793/802/791 792/801/790 722/730/720
f 724/732/722 794/803/792 793/802/791 723/731/721
f 725/733/723 795/804/793 794/803/792 724/732/722
f 726/734/724 796/805/794 795/804/793 725/733/723
f 727/735/725 797/806/795 796/805/794 726/734/724
f 728/736/726 798/807/796 797/806/795 727/735/725
f 729/737/727 799/808/797 798/807/796 728/736/726
f 730/738/728 800/809/798 799/808/797 729/737/727
f 731/739/729 801/810/799 800/809/798 730/738/728
f 732/740/730 802/811/800 801/810/799 731/739/729
f 733/741/731 803/812/801 802/811/800 732/740/730
f 734/742/732 804/813/802 803/812/801 733/741/731
f 735/743/733 805/814/803 804/813/802 734/742/732
f 736/744/734 806/815/804 805/814/803 735/743/733
f 737/745/735 807/816/805 806/815/804 736/744/734
f 738/746/736 808/817/806 807/816/805 737/745/735
f 739/747/737 809/818/807 808/817/806 738/746/736
f 740/748/738 810/819/808 809/818/807 739/747/737
f 741/749/739 811/820/809 810/819/808 740/748/738
f 742/750/740 812/821/810 811/820/809 741/749/739
f 743/751/741 813/822/811 812/821/810 742/750/740
f 744/752/742 814/823/812 813/822/811 743/751/741
f 745/753/743 815/824/813 814/823/812 744/752/742
f 746/754/744 816/825/814 815/824/813 745/753/743
f 747/755/745 817/826/815 816/825/814 746/754/744
f 748/756/746 818/827/816 817/826/815 747/755/745
f 749/757/747 819/828/817 818/827/816 748/756/746
f 750/758/748 820/829/818 819/828/817 749/757/747
f 751/759/749 821/830/819 820/829/818 750/758/748
f 752/760/750 822/831/820 821/830/819 751/759/749
f 753/761/751 823/832/821 822/831/820 752/760/750
f 754/762/752 824/833/822 823/832/821 753/761/751
f 755/763/753 825/834/823 824/833/822 754/762/752
f 756/764/754 826/835/824 825/834/823 755/763/753
f 757/765/755 827/836/825 826/835/824 756/764/754
f 758/766/756 828/837/826 827/836/825 757/765/755
f 759/767/757 829/838/827 828/837/826 758/766/756
f 760/768/758 830/839/828 829/838/827 759/767/757
f 761/769/759 831/840/829 830/839/828 760/768/758
f 762/770/760 832/841/830 831/840/829 761/769/759
f 763/771/761 833/842/831 832/841/830 762/770/760
f 764/772/762 834/843/832 833/842/831 763/771/761
f 765/773/763 835/844/833 834/843/832 764/772/762
f 766/774/764 836/845/834 835/844/833 765/773/763
f 767/775/765 837/846/835 836/845/834 766/774/764
f 768/776/766 838/847/836 837/846/835 767/775/765
f 769/777/767 839/848/837 838/847/836 768/776/766
f 770/778/768 840/849/838 839/848/837 769/777/767
f 771/779/769 841/850/839 840/849/838 770/778/768
f 772/780/770 842/851/840 841/850/839 771/779/769
f 703/781/701 773/852/771 842/851/840 772/780/770
f 774/783/772 844/854/842 843/853/841 773/782/771
f 775/784/773 845/855/843 844/854/842 774/783/772
f 776/785/774 846/856/844 845/855/843 775/784/773
f 777/786/775 847/857/845 846/856/844 776/785/774
f 778/787/776 848/858/846 847/857/845 777/786/775
f 779/788/777 849/859/847 848/858/846 778/787/776
f 780/789/778 850/860/848 849/859/847 779/788/777
f 781/790/779 851/861/849 850/860/848 780/789/778
f 782/791/780 852/862/850 851/861/849 781/790/779
f 783/792/781 853/863/851 852/862/850 782/791/780
f 784/793/782 854/864/852 853/863/851 783/792/781
f 785/794/783 855/865/853 854/864/852 784/793/782
f 786/795/784 856/866/854 855/865/853 785/794/783
f 787/796/785 857/867/855 856/866/854 786/795/784
f 788/797/786 858/868/856 857/867/855 787/796/785
f 789/798/787 859/869/857 858/868/856 788/797/786
f 790/799/788 860/870/858 859/869/857 789/798/787
f 791/800/789 861/871/859 860/870/858 790/799/788
f 792/801/790 862/872/860 861/871/859 791/800/789
f 793/802/791 863/873/861 862/872/860 792/801/790
f 794/803/792 864/874/862 863/873/861 793/802/791
f 795/804/793 865/875/863 864/874/862 794/803/792
f 796/805/794 866/876/864 865/875/863 795/804/793
f 797/806/795 867/877/865 866/876/864 796/805/794
f 798/807/796 868/878/866 867/877/865 797/806/795
f 799/808/797 869/879/867 868/878/866 798/807/796
f 800/809/798 870/880/868 869/879/867 799/808/797
f 801/810/799 871/881/869 870/880/868 800/809/798
f 802/811/800 872/882/870 871/881/869 801/810/799
f 803/812/801 873/883/871 872/882/870 802/811/800
f 804/813/802 874/884/872 873/883/871 803/812/801
f 805/814/803 875/885/873 874/884/872 804/813/802
f 806/815/804 876/886/874 875/885/873 805/814/803
f 807/816/805 877/887/875 876/886/874 806/815/804
f 808/817/806 878/888/876 877/887/875 807/816/805
f 809/818/807 879/889/877 878/888/876 808/817/806
f 810/819/808 880/890/878 879/889/877 809/818/807
f 811/820/809 881/891/879 880/890/878 810/819/808
f 812/821/810 882/892/880 881/891/879 811/820/809
f 813/822/811 883/893/881 882/892/880 812/821/810
f 814/823/812 884/894/882 883/893/881 813/822/811
f 815/824/813 885/895/883 884/894/882 814/823/812
f 816/825/814 886/896/884 885/895/883 815/824/813
f 817/826/815 887/897/885 886/896/884 816/825/814
f 818/827/816 888/898/886 887/897/885 817/826/815
f 819/828/817 889/899/887 888/898/886 818/827/816
f 820/829/818 890/900/888 889/899/887 819/828/817
f 821/830/819 891/901/889 890/900/888 820/829/818
f 822/831/820 892/902/890 891/901/889 821/830/819
f 823/832/821 893/903/891 892/902/890 822/831/820
f 824/833/822 894/904/892 893/903/891 823/832/821
f 825/834/823 895/905/893 894/904/892 824/833/822
f 826/835/824 896/906/894 895/905/893 825/834/823
f 827/836/825 897/907/895 896/906/894 826/835/824
f 828/837/826 898/908/896 897/907/895 827/836/825
f 829/838/827 899/909/897 898/908/896 828/837/826
f 830/839/828 900/910/898 899/909/897 829/838/827
f 831/840/829 901/911/899 900/910/898 830/839/828
f 832/841/830 902/912/900 901/911/899 831/840/829
f 833/842/831 903/913/901 902/912/900 832/841/830
f 834/843/832 904/914/902 903/913/901 833/842/831
f 835/844/833 905/915/903 904/914/902 834/843/832
f 836/845/834 906/916/904 905/915/903 835/844/833
f 837/846/835 907/917/905 906/916/904 836/845/834
f 838/847/836 908/918/906 907/917/905 837/846/835
f 839/848/837 909/919/907 908/918/906 838/847/836
f 840/849/838 910/920/908 909/919/907 839/848/837
f 841/850/839 911/921/909 910/920/908 840/849/838
f 842/851/840 912/922/910 911/921/909 841/850/839
f 773/852/771 843/923/841 912/922/910 842/851/840
f 844/854/842 914/925/912 913/924/911 843/853/841
f 845/855/843 915/926/913 914/925/912 844/854/842
f 846/856/844 916/927/914 915/926/913 845/855/843
f 847/857/845 917/928/915 916/927/914 846/856/844
f 848/858/846 918/929/916 917/928/915 847/857/845
f 849/859/847 919/930/917 918/929/916 848/858/846
f 850/860/848 920/931/918 919/930/917 849/859/847
f 851/861/849 921/932/919 920/931/918 850/860/848
f 852/862/850 922/933/920 921/932/919 851/861/849
f 853/863/851 923/934/921 922/933/920 852/862/850
f 854/864/852 924/935/922 923/934/921 853/863/851
f 855/865/853 925/936/923 924/935/922 854/864/852
f 856/866/854 926/937/924 925/936/923 855/865/853
f 857/867/855 927/938/925 926/937/924 856/866/854
f 858/868/856 928/939/926 927/938/925 857/867/855
f 859/869/857 929/940/927 928/939/926 858/868/856
f 860/870/858 930/941/928 929/940/927 859/869/857
f 861/871/859 931/942/929 930/941/928 860/870/858
f 862/872/860 932/943/930 931/942/929 861/871/859
f 863/873/861 933/944/931 932/943/930 862/872/860
f 864/874/862 934/945/932 933/944/931 863/873/861
f 865/875/863 935/946/933 934/945/932 864/874/862
f 866/876/864 936/947/934 935/946/933 865/875/863
f 867/877/865 937/948/935 936/947/934 866/876/864
f 868/878/866 938/949/936 937/948/935 867/877/865
f 869/879/867 939/950/937 938/949/936 868/878/866
f 870/880/868 940/951/938 939/950/937 869/879/867
f 871/881/869 941/952/939 940/951/938 870/880/868
f 872/882/870 942/953/940 941/952/939 871/881/869
f 873/883/871 943/954/941 942/953/940 872/882/870
f 874/884/872 944/955/942 943/954/941 873/883/871
f 875/885/873 945/956/943 944/955/942 874/884/872
f 876/886/874 946/957/944 945/956/943 875/885/873
f 877/887/875 947/958/945 946/957/944 876/886/874
f 878/888/876 948/959/946 947/958/945 877/887/875
f 879/889/877 949/960/947 948/959/946 878/888/876
f 880/890/878 950/961/948 949/960/947 879/889/877
f 881/891/879 951/962/949 950/961/948 880/890/878
f 882/892/880 952/963/950 951/962/949 881/891/879
f 883/893/881 953/964/951 952/963/950 882/892/880
f 884/894/882 954/965/952 953/964/951 883/893/881
f 885/895/883 955/966/953 954/965/952 884/894/882
f 886/896/884 956/967/954 955/966/953 885/895/883
f 887/897/885 957/968/955 956/967/954 886/896/884
f 888/898/886 958/969/956 957/968/955 887/897/885
f 889/899/887 959/970/957 958/969/956 888/898/886
f 890/900/888 960/971/958 959/970/957 889/899/887
f 891/901/889 961/972/959 960/971/958 890/900/888
f 892/902/890 962/973/960 961/972/959 891/901/889
f 893/903/891 963/974/961 962/973/960 892/902/890
f 894/904/892 964/975/962 963/974/961 893/903/891
f 895/905/893 965/976/963 964/975/962 894/904/892
f 896/906/894 966/977/964 965/976/963 895/905/893
f 897/907/895 967/978/965 966/977/964 896/906/894
f 898/908/896 968/979/966 967/978/965 897/907/895
f 899/909/897 969/980/967 968/979/966 898/908/896
f 900/910/898 970/981/968 969/980/967 899/909/897
f 901/911/899 971/982/969 970/981/968 900/910/898
f 902/912/900 972/983/970 971/982/969 901/911/899
f 903/913/901 973/984/971 972/983/970 902/912/900
f 904/914/902 974/985/972 973/984/971 903/913/901
f 905/915/903 975/986/973 974/985/972 904/914/902
f 906/916/904 976/987/974 975/986/973 905/915/903
f 907/917/905 977/988/975 976/987/974 906/916/904
f 908/918/906 978/989/976 977/988/975 907/917/905
f 909/919/907 979/990/977 978/989/976 908/918/906
f 910/920/908 980/991/978 979/990/977 909/919/907
f 911/921/909 981/992/979 980/991/978 910/920/908
f 912/922/910 982/993/980 981/992/979 911/921/909
f 843/923/841 913/994/911 982/993/980 912/922/910
f 914/925/912 984/996/982 983/995/981 913/924/911
f 915/926/913 985/997/983 984/996/982 914/925/912
f 916/927/914 986/998/984 985/997/983 915/926/913
f 917/928/915 987/999/985 986/998/984 916/927/914
f 918/929/916 988/1000/986 987/999/985 917/928/915
f 919/930/917 989/1001/987 988/1000/986 918/929/916
f 920/931/918 990/1002/988 989/1001/987 919/930/917
f 921/932/919 991/1003/989 990/1002/988 920/931/918
f 922/933/920 992/1004/990 991/1003/989 921/932/919
f 923/934/921 993/1005/991 992/1004/990 922/933/920
f 924/935/922 994/1006/992 993/1005/991 923/934/921
f 925/936/923 995/1007/993 994/1006/992 924/935/922
f 926/937/924 996/1008/994 995/1007/993 925/936/923
f 927/938/925 997/1009/995 996/1008/994 926/937/924
f 928/939/926 998/1010/996 997/1009/995 927/938/925
f 929/940/927 999/1011/997 998/1010/996 928/939/926
f 930/941/928 1000/1012/998 999/1011/997 929/940/927
f 931/942/929 1001/1013/999 1000/1012/998 930/941/928
f 932/943/930 1002/1014/1000 1001/1013/999 931/942/929
f 933/944/931 1003/1015/1001 1002/1014/1000 932/943/930
f 934/945/932 1004/1016/1002 1003/1015/1001 933/944/931
f 935/946/933 1005/1017/1003 1004/1016/1002 934/945/932
f 936/947/934 1006/1018/1004 1005/1017/1003 935/946/933
f 937/948/935 1007/1019/1005 1006/1018/1004 936/947/934
f 938/949/936 1008/1020/1006 1007/1019/1005 937/948/935
f 939/950/937 1009/1021/1007 1008/1020/1006 938/949/936
f 940/951/938 1010/1022/1008 1009/1021/1007 939/950/937
f 941/952/939 1011/1023/1009 1010/1022/1008 940/951/938
f 942/953/940 1012/1024/1010 1011/1023/1009 941/952/939
f 943/954/941 1013/1025/1011 1012/1024/1010 942/953/940
f 944/955/942 1014/1026/1012 1013/1025/1011 943/954/941
f 945/956/943 1015/1027/1013 1014/1026/1012 944/955/942
f 946/957/944 1016/1028/1014 1015/1027/1013 945/956/943
f 947/958/945 1017/1029/1015 1016/1028/1014 946/957/944
f 948/959/946 1018/1030/1016 1017/1029/1015 947/958/945
f 949/960/947 1019/1031/1017 1018/1030/1016 948/959/946
f 950/961/948 1020/1032/1018 1019/1031/1017 949/960/947
f 951/962/949 1021/1033/1019 1020/1032/1018 950/961/948
f 952/963/950 1022/1034/1020 1021/1033/1019 951/962/949
f 953/964/951 1023/1035/1021 1022/1034/1020 952/963/950
f 954/965/952 1024/1036/1022 1023/1035/1021 953/964/951
f 955/966/953 1025/1037/1023 1024/1036/1022 954/965/952
f 956/967/954 1026/1038/1024 1025/1037/1023 955/966/953
f 957/968/955 1027/1039/1025 1026/1038/1024 956/967/954
f 958/969/956 1028/1040/1026 1027/1039/1025 957/968/955
f 959/970/957 1029/1041/1027 1028/1040/1026 958/969/956
f 960/971/958 1030/1042/1028 1029/1041/1027 959/970/957
f 961/972/959 1031/1043/1029 1030/1042/1028 960/971/958
f 962/973/960 1032/1044/1030 1031/1043/1029 961/972/959
f 963/974/961 1033/1045/1031 1032/1044/1030 962/973/960
f 964/975/962 1034/1046/1032 1033/1045/1031 963/974/961
f 965/976/963 1035/1047/1033 1034/1046/1032 964/975/962
f 966/977/964 1036/1048/1034 1035/1047/1033 965/976/963
f 967/978/965 1037/1049/1035 1036/1048/1034 966/977/964
f 968/979/966 1038/1050/1036 1037/1049/1035 967/978/965
f 969/980/967 1039/1051/1037 1038/1050/1036 968/979/966
f 970/981/968 1040/1052/1038 1039/1051/1037 969/980/967
f 971/982/969 1041/1053/1039 1040/1052/1038 970/981/968
f 972/983/970 1042/1054/1040 1041/1053/1039 971/982/969
f 973/984/971 1043/1055/1041 1042/1054/1040 972/983/970
f 974/985/972 1044/1056/1042 1043/1055/1041 973/984/971
f 975/986/973 1045/1057/1043 1044/1056/1042 974/985/972
f 976/987/974 1046/1058/1044 1045/1057/1043 975/986/973
f 977/988/975 1047/1059/1045 1046/1058/1044 976/987/974
f 978/989/976 1048/1060/1046 1047/1059/1045 977/988/975
f 979/990/977 1049/1061/1047 1048/1060/1046 978/989/976
f 980/991/978 1050/1062/1048 1049/1061/1047 979/990/977
f 981/992/979 1051/1063/1049 1050/1062/1048 980/991/978
f 982/993/980 1052/1064/1050 1051/1063/1049 981/992/979
f 913/994/911 983/1065/981 1052/1064/1050 982/993/980
f 984/996/982 1054/1067/1052 1053/1066/1051 983/995/981
f 985/997/983 1055/1068/1053 1054/1067/1052 984/996/982
f 986/998/984 1056/1069/1054 1055/1068/1053 985/997/983
f 987/999/985 1057/1070/1055 1056/1069/1054 986/998/984
f 988/1000/986 1058/1071/1056 1057/1070/1055 987/999/985
f 989/1001/987 1059/1072/1057 1058/1071/1056 988/1000/986
f 990/1002/988 1060/1073/1058 1059/1072/1057 989/1001/987
f 991/1003/989 1061/1074/1059 1060/1073/1058 990/1002/988
f 992/1004/990 1062/1075/1060 1061/1074/1059 991/1003/989
f 993/1005/991 1063/1076/1061 1062/1075/1060 992/1004/990
f 994/1006/992 1064/1077/1062 1063/1076/1061 993/1005/991
f 995/1007/993 1065/1078/1063 1064/1077/1062 994/1006/992
f 996/1008/994 1066/1079/1064 1065/1078/1063 995/1007/993
f 997/1009/995 1067/1080/1065 1066/1079/1064 996/1008/994
f 998/1010/996 1068/1081/1066 1067/1080/1065 997/1009/995
f 999/1011/997 1069/1082/1067 1068/1081/1066 998/1010/996
f 1000/1012/998 1070/1083/1068 1069/1082/1067 999/1011/997
f 1001/1013/999 1071/1084/1069 1070/1083/1068 1000/1012/998
f 1002/1014/1000 1072/1085/1070 1071/1084/1069 1001/1013/999
f 1003/1015/1001 1073/1086/1071 1072/1085/1070 1002/1014/1000
f 1004/1016/1002 1074/1087/1072 1073/1086/1071 1003/1015/1001
f 1005/1017/1003 1075/1088/1073 1074/1087/1072 1004/1016/1002
f 1006/1018/1004 1076/1089/1074 1075/1088/1073 1005/1017/1003
f 1007/1019/1005 1077/1090/1075 1076/1089/1074 1006/1018/1004
f 1008/1020/1006 1078/1091/1076 1077/1090/1075 1007/1019/1005
f 1009/1021/1007 1079/1092/1077 1078/1091/1076 1008/1020/1006
f 1010/1022/1008 1080/1093/1078 1079/1092/1077 1009/1021/1007
f 1011/1023/1009 1081/1094/1079 1080/1093/1078 1010/1022/1008
f 1012/1024/1010 1082/1095/1080 1081/1094/1079 1011/1023/1009
f 1013/1025/1011 1083/1096/1081 1082/1095/1080 1012/1024/1010
f 1014/1026/1012 1084/1097/1082 1083/1096/1081 1013/1025/1011
f 1015/1027/1013 1085/1098/1083 1084/1097/1082 1014/1026/1012
f 1016/1028/1014 1086/1099/1084 1085/1098/1083 1015/1027/1013
f 1017/1029/1015 1087/1100/1085 1086/1099/1084 1016/1028/1014
f 1018/1030/1016 1088/1101/1086 1087/1100/1085 1017/1029/1015
f 1019/1031/1017 1089/1102/1087 1088/1101/1086 1018/1030/1016
f 1020/1032/1018 1090/1103/1088 1089/1102/1087 1019/1031/1017
f 1021/1033/1019 1091/1104/1089 1090/1103/1088 1020/1032/1018
f 1022/1034/1020 1092/1105/1090 1091/1104/1089 1021/1033/1019
f 1023/1035/1021 1093/1106/1091 1092/1105/1090 1022/1034/1020
f 1024/1036/1022 1094/1107/1092 1093/1106/1091 1023/1035/1021
f 1025/1037/1023 1095/1108/1093 1094/1107/1092 1024/1036/1022
f 1026/1038/1024 1096/1109/1094 1095/1108/1093 1025/1037/1023
f 1027/1039/1025 1097/1110/1095 1096/1109/1094 1026/1038/1024
f 1028/1040/1026 1098/1111/1096 1097/1110/1095 1027/1039/1025
f 1029/1041/1027 1099/1112/1097 1098/1111/1096 1028/1040/1026
f 1030/1042/1028 1100/1113/1098 1099/1112/1097 1029/1041/1027
f 1031/1043/1029 1101/1114/1099 1100/1113/1098 1030/1042/1028
f 1032/1044/1030 1102/1115/1100 1101/1114/1099 1031/1043/1029
f 1033/1045/1031 1103/1116/1101 1102/1115/1100 1032/1044/1030
f 1034/1046/1032 1104/1117/1102 1103/1116/1101 1033/1045/1031
f 1035/1047/1033 1105/1118/1103 1104/1117/1102 1034/1046/1032
f 1036/1048/1034 1106/1119/1104 1105/1118/1103 1035/1047/1033
f 1037/1049/1035 1107/1120/1105 1106/1119/1104 1036/1048/1034
f 1038/1050/1036 1108/1121/1106 1107/1120/1105 1037/1049/1035
f 1039/1051/1037 1109/1122/1107 1108/1121/1106 1038/1050/1036
f 1040/1052/1038 1110/1123/1108 1109/1122/1107 1039/1051/1037
f 1041/1053/1039 1111/1124/1109 1110/1123/1108 1040/1052/1038
f 1042/1054/1040 1112/1125/1110 1111/1124/1109 1041/1053/1039
f 1043/1055/1041 1113/1126/1111 1112/1125/1110 1042/1054/1040
f 1044/1056/1042 1114/1127/1112 1113/1126/1111 1043/1055/1041
f 1045/1057/1043 1115/1128/1113 1114/1127/1112 1044/1056/1042
f 1046/1058/1044 1116/1129/1114 1115/1128/1113 1045/1057/1043
f 1047/1059/1045 1117/1130/1115 1116/1129/1114 1046/1058/1044
f 1048/1060/1046 1118/1131/1116 1117/1130/1115 1047/1059/1045
f 1049/1061/1047 1119/1132/1117 1118/1131/1116 1048/1060/1046
f 1050/1062/1048 1120/1133/1118 1119/1132/1117 1049/1061/1047
f 1051/1063/1049 1121/1134/1119 1120/1133/1118 1050/1062/1048
f 1052/1064/1050 1122/1135/1120 1121/1134/1119 1051/1063/1049
f 983/1065/981 1053/1136/1051 1122/1135/1120 1052/1064/1050
f 1054/1067/1052 1124/1138/1122 1123/1137/1121 1053/1066/1051
f 1055/1068/1053 1125/1139/1123 1124/1138/1122 1054/1067/1052
f 1056/1069/1054 1126/1140/1124 1125/1139/1123 1055/1068/1053
f 1057/1070/1055 1127/1141/1125 1126/1140/1124 1056/1069/1054
f 1058/1071/1056 1128/1142/1126 1127/1141/1125 1057/1070/1055
f 1059/1072/1057 1129/1143/1127 1128/1142/1126 1058/1071/1056
f 1060/1073/1058 1130/1144/1128 1129/1143/1127 1059/1072/1057
f 1061/1074/1059 1131/1145/1129 1130/1144/1128 1060/1073/1058
f 1062/1075/1060 1132/1146/1130 1131/1145/1129 1061/1074/1059
f 1063/1076/1061 1133/1147/1131 1132/1146/1130 1062/1075/1060
f 1064/1077/1062 1134/1148/1132 1133/1147/1131 1063/1076/1061
f 1065/1078/1063 1135/1149/1133 1134/1148/1132 1064/1077/1062
f 1066/1079/1064 1136/1150/1134 1135/1149/1133 1065/1078/1063
f 1067/1080/1065 1137/1151/1135 1136/1150/1134 1066/1079/1064
f 1068/1081/1066 1138/1152/1136 1137/1151/1135 1067/1080/1065
f 1069/1082/1067 1139/1153/1137 1138/1152/1136 1068/1081/1066
f 1070/1083/1068 1140/1154/1138 1139/1153/1137 1069/1082/1067
f 1071/1084/1069 1141/1155/1139 1140/1154/1138 1070/1083/1068
f 1072/1085/1070 1142/1156/1140 1141/1155/1139 1071/1084/1069
f 1073/1086/1071 1143/1157/1141 1142/1156/1140 1072/1085/1070
f 1074/1087/1072 1144/1158/1142 1143/1157/1141 1073/1086/1071
f 1075/1088/1073 1145/1159/1143 1144/1158/1142 1074/1087/1072
f 1076/1089/1074 1146/1160/1144 1145/1159/1143 1075/1088/1073
f 1077/1090/1075 1147/1161/1145 1146/1160/1144 1076/1089/1074
f 1078/1091/1076 1148/1162/1146 1147/1161/1145 1077/1090/1075
f 1079/1092/1077 1149/1163/1147 1148/1162/1146 1078/1091/1076
f 1080/1093/1078 1150/1164/1148 1149/1163/1147 1079/1092/1077
f 1081/1094/1079 1151/1165/1149 1150/1164/1148 1080/1093/1078
f 1082/1095/1080 1152/1166/1150 1151/1165/1149 1081/1094/1079
f 1083/1096/1081 1153/1167/1151 1152/1166/1150 1082/1095/1080
f 1084/1097/1082 1154/1168/1152 1153/1167/1151 1083/1096/1081
f 1085/1098/1083 1155/1169/1153 1154/1168/1152 1084/1097/1082
f 1086/1099/1084 1156/1170/1154 1155/1169/1153 1085/1098/1083
f 1087/1100/1085 1157/1171/1155 1156/1170/1154 1086/1099/1084
f 1088/1101/1086 1158/1172/1156 1157/1171/1155 1087/1100/1085
f 1089/1102/1087 1159/1173/1157 1158/1172/1156 1088/1101/1086
f 1090/1103/1088 1160/1174/1158 1159/1173/1157 1089/1102/1087
f 1091/1104/1089 1161/1175/1159 1160/1174/1158 1090/1103/1088
f 1092/1105/1090 1162/1176/1160 1161/1175/1159 1091/1104/1089
f 1093/1106/1091 1163/1177/1161 1162/1176/1160 1092/1105/1090
f 1094/1107/1092 1164/1178/1162 1163/1177/1161 1093/1106/1091
f 1095/1108/1093 1165/1179/1163 1164/1178/1162 1094/1107/1092
f 1096/1109/1094 1166/1180/1164 1165/1179/1163 1095/1108/1093
f 1097/1110/1095 1167/1181/1165 1166/1180/1164 1096/1109/1094
f 1098/1111/1096 1168/1182/1166 1167/1181/1165 1097/1110/1095
f 1099/1112/1097 1169/1183/1167 1168/1182/1166 1098/1111/1096
f 1100/1113/1098 1170/1184/1168 1169/1183/1167 1099/1112/1097
f 1101/1114/1099 1171/1185/1169 1170/1184/1168 1100/1113/1098
f 1102/1115/1100 1172/1186/1170 1171/1185/1169 1101/1114/1099
f 1103/1116/1101 1173/1187/1171 1172/1186/1170 1102/1115/1100
f 1104/1117/1102 1174/1188/1172 1173/1187/1171 1103/1116/1101
f 1105/1118/1103 1175/1189/1173 1174/1188/1172 1104/1117/1102
f 1106/1119/1104 1176/1190/1174 1175/1189/1173 1105/1118/1103
f 1107/1120/1105 1177/1191/1175 1176/1190/1174 1106/1119/1104
f 1108/1121/1106 1178/1192/1176 1177/1191/1175 1107/1120/1105
f 1109/1122/1107 1179/1193/1177 1178/1192/1176 1108/1121/1106
f 1110/1123/1108 1180/1194/1178 1179/1193/1177 1109/1122/1107
f 1111/1124/1109 1181/1195/1179 1180/1194/1178 1110/1123/1108
f 1112/1125/1110 1182/1196/1180 1181/1195/1179 1111/1124/1109
f 1113/1126/1111 1183/1197/1181 1182/1196/1180 1112/1125/1110
f 1114/1127/1112 1184/1198/1182 1183/1197/1181 1113/1126/1111
f 1115/1128/1113 1185/1199/1183 1184/1198/1182 1114/1127/1112
f 1116/1129/1114 1186/1200/1184 1185/1199/1183 1115/1128/1113
f 1117/1130/1115 1187/1201/1185 1186/1200/1184 1116/1129/1114
f 1118/1131/1116 1188/1202/1186 1187/1201/1185 1117/1130/1115
f 1119/1132/1117 1189/1203/1187 1188/1202/1186 1118/1131/1116
f 1120/1133/1118 1190/1204/1188 1189/1203/1187 1119/1132/1117
f 1121/1134/1119 1191/1205/1189 1190/1204/1188 1120/1133/1118
f 1122/1135/1120 1192/1206/1190 1191/1205/1189 1121/1134/1119
f 1053/1136/1051 1123/1207/1121 1192/1206/1190 1122/1135/1120
f 1124/1138/1122 1194/1209/1192 1193/1208/1191 1123/1137/1121
f 1125/1139/1123 1195/1210/1193 1194/1209/1192 1124/1138/1122
f 1126/1140/1124 1196/1211/1194 1195/1210/1193 1125/1139/1123
f 1127/1141/1125 1197/1212/1195 1196/1211/1194 1126/1140/1124
f 1128/1142/1126 1198/1213/1196 1197/1212/1195 1127/1141/1125
f 1129/1143/1127 1199/1214/1197 1198/1213/1196 1128/1142/1126
f 1130/1144/1128 1200/1215/1198 1199/1214/1197 1129/1143/1127
f 1131/1145/1129 1201/1216/1199 1200/1215/1198 1130/1144/1128
f 1132/1146/1130 1202/1217/1200 1201/1216/1199 1131/1145/1129
f 1133/1147/1131 1203/1218/1201 1202/1217/1200 1132/1146/1130
f 1134/1148/1132 1204/1219/1202 1203/1218/1201 1133/1147/1131
f 1135/1149/1133 1205/1220/1203 1204/1219/1202 1134/1148/1132
f 1136/1150/1134 1206/1221/1204 1205/1220/1203 1135/1149/1133
f 1137/1151/1135 1207/1222/1205 1206/1221/1204 1136/1150/1134
f 1138/1152/1136 1208/1223/1206 1207/1222/1205 1137/1151/1135
f 1139/1153/1137 1209/1224/1207 1208/1223/1206 1138/1152/1136
f 1140/1154/1138 1210/1225/1208 1209/1224/1207 1139/1153/1137
f 1141/1155/1139 1211/1226/1209 1210/1225/1208 1140/1154/1138
f 1142/1156/1140 1212/1227/1210 1211/1226/1209 1141/1155/1139
f 1143/1157/1141 1213/1228/1211 1212/1227/1210 1142/1156/1140
f 1144/1158/1142 1214/1229/1212 1213/1228/1211 1143/1157/1141
f 1145/1159/1143 1215/1230/1213 1214/1229/1212 1144/1158/1142
f 1146/1160/1144 1216/1231/1214 1215/1230/1213 1145/1159/1143
f 1147/1161/1145 1217/1232/1215 1216/1231/1214 1146/1160/1144
f 1148/1162/1146 1218/1233/1216 1217/1232/1215 1147/1161/1145
f 1149/1163/1147 1219/1234/1217 1218/1233/1216 1148/1162/1146
f 1150/1164/1148 1220/1235/1218 1219/1234/1217 1149/1163/1147
f 1151/1165/1149 1221/1236/1219 1220/1235/1218 1150/1164/1148
f 1152/1166/1150 1222/1237/1220 1221/1236/1219 1151/1165/1149
f 1153/1167/1151 1223/1238/1221 1222/1237/1220 1152/1166/1150
f 1154/1168/1152 1224/1239/1222 1223/1238/1221 1153/1167/1151
f 1155/1169/1153 1225/1240/1223 1224/1239/1222 1154/1168/1152
f 1156/1170/1154 1226/1241/1224 1225/1240/1223 1155/1169/1153
f 1157/1171/1155 1227/1242/1225 1226/1241/1224 1156/1170/1154
f 1158/1172/1156 1228/1243/1226 1227/1242/1225 1157/1171/1155
f 1159/1173/1157 1229/1244/1227 1228/1243/1226 1158/1172/1156
f 1160/1174/1158 1230/1245/1228 1229/1244/1227 1159/1173/1157
f 1161/1175/1159 1231/1246/1229 1230/1245/1228 1160/1174/1158
f 1162/1176/1160 1232/1247/1230 1231/1246/1229 1161/1175/1159
f 1163/1177/1161 1233/1248/1231 1232/1247/1230 1162/1176/1160
f 1164/1178/1162 1234/1249/1232 1233/1248/1231 1163/1177/1161
f 1165/1179/1163 1235/1250/1233 1234/1249/1232 1164/1178/1162
f 1166/1180/1164 1236/1251/1234 1235/1250/1233 1165/1179/1163
f 1167/1181/1165 1237/1252/1235 1236/1251/1234 1166/1180/1164
f 1168/1182/1166 1238/1253/1236 1237/1252/1235 1167/1181/1165
f 1169/1183/1167 1239/1254/1237 1238/1253/1236 1168/1182/1166
f 1170/1184/1168 1240/1255/1238 1239/1254/1237 1169/1183/1167
f 1171/1185/1169 1241/1256/1239 1240/1255/1238 1170/1184/1168
f 1172/1186/1170 1242/1257/1240 1241/1256/1239 1171/1185/1169
f 1173/1187/1171 1243/1258/1241 1242/1257/1240 1172/1186/1170
f 1174/1188/1172 1244/1259/1242 1243/1258/1241 1173/1187/1171
f 1175/1189/1173 1245/1260/1243 1244/1259/1242 1174/1188/1172
f 1176/1190/1174 1246/1261/1244 1245/1260/1243 1175/1189/1173
f 1177/1191/1175 1247/1262/1245 1246/1261/1244 1176/1190/1174
f 1178/1192/1176 1248/1263/1246 1247/1262/1245 1177/1191/1175
f 1179/1193/1177 1249/1264/1247 1248/1263/1246 1178/1192/1176
f 1180/1194/1178 1250/1265/1248 1249/1264/1247 1179/1193/1177
f 1181/1195/1179 1251/1266/1249 1250/1265/1248 1180/1194/1178
f 1182/1196/1180 1252/1267/1250 1251/1266/1249 1181/1195/1179
f 1183/1197/1181 1253/1268/1251 1252/1267/1250 1182/1196/1180
f 1184/1198/1182 1254/1269/1252 1253/1268/1251 1183/1197/1181
f 1185/1199/1183 1255/1270/1253 1254/1269/1252 1184/1198/1182
f 1186/1200/1184 1256/1271/1254 1255/1270/1253 1185/1199/1183
f 1187/1201/1185 1257/1272/1255 1256/1271/1254 1186/1200/1184
f 1188/1202/1186 1258/1273/1256 1257/1272/1255 1187/1201/1185
f 1189/1203/1187 1259/1274/1257 1258/1273/1256 1188/1202/1186
f 1190/1204/1188 1260/1275/1258 1259/1274/1257 1189/1203/1187
f 1191/1205/1189 1261/1276/1259 1260/1275/1258 1190/1204/1188
f 1192/1206/1190 1262/1277/1260 1261/1276/1259 1191/1205/1189
f 1123/1207/1121 1193/1278/1191 1262/1277/1260 1192/1206/1190
f 1194/1209/1192 1264/1280/1262 1263/1279/1261 1193/1208/1191
f 1195/1210/1193 1265/1281/1263 1264/1280/1262 1194/1209/1192
f 1196/1211/1194 1266/1282/1264 1265/1281/1263 1195/1210/1193
f 1197/1212/1195 1267/1283/1265 1266/1282/1264 1196/1211/1194
f 1198/1213/1196 1268/1284/1266 1267/1283/1265 1197/1212/1195
f 1199/1214/1197 1269/1285/1267 1268/1284/1266 1198/1213/1196
f 1200/1215/1198 1270/1286/1268 1269/1285/1267 1199/1214/1197
f 1201/1216/1199 1271/1287/1269 1270/1286/1268 1200/1215/1198
f 1202/1217/1200 1272/1288/1270 1271/1287/1269 1201/1216/1199
f 1203/1218/1201 1273/1289/1271 1272/1288/1270 1202/1217/1200
f 1204/1219/1202 1274/1290/1272 1273/1289/1271 1203/1218/1201
f 1205/1220/1203 1275/1291/1273 1274/1290/1272 1204/1219/1202
f 1206/1221/1204 1276/1292/1274 1275/1291/1273 1205/1220/1203
f 1207/1222/1205 1277/1293/1275 1276/1292/1274 1206/1221/1204
f 1208/1223/1206 1278/1294/1276 1277/1293/1275 1207/1222/1205
f 1209/1224/1207 1279/1295/1277 1278/1294/1276 1208/1223/1206
f 1210/1225/1208 1280/1296/1278 1279/1295/1277 1209/1224/1207
f 1211/1226/1209 1281/1297/1279 1280/1296/1278 1210/1225/1208
f 1212/1227/1210 1282/1298/1280 1281/1297/1279 1211/1226/1209
f 1213/1228/1211 1283/1299/1281 1282/1298/1280 1212/1227/1210
f 1214/1229/1212 1284/1300/1282 1283/1299/1281 1213/1228/1211
f 1215/1230/1213 1285/1301/1283 1284/1300/1282 1214/1229/1212
f 1216/1231/1214 1286/1302/1284 1285/1301/1283 1215/1230/1213
f 1217/1232/1215 1287/1303/1285 1286/1302/1284 1216/1231/1214
f 1218/1233/1216 1288/1304/1286 1287/1303/1285 1217/1232/1215
f 1219/1234/1217 1289/1305/1287 1288/1304/1286 1218/1233/1216
f 1220/1235/1218 1290/1306/1288 1289/1305/1287 1219/1234/1217
f 1221/1236/1219 1291/1307/1289 1290/1306/1288 1220/1235/1218
f 1222/1237/1220 1292/1308/1290 1291/1307/1289 1221/1236/1219
f 1223/1238/1221 1293/1309/1291 1292/1308/1290 1222/1237/1220
f 1224/1239/1222 1294/1310/1292 1293/1309/1291 1223/1238/1221
f 1225/1240/1223 1295/1311/1293 1294/1310/1292 1224/1239/1222
f 1226/1241/1224 1296/1312/1294 1295/1311/1293 1225/1240/1223
f 1227/1242/1225 1297/1313/1295 1296/1312/1294 1226/1241/1224
f 1228/1243/1226 1298/1314/1296 1297/1313/1295 1227/1242/1225
f 1229/1244/1227 1299/1315/1297 1298/1314/1296 1228/1243/1226
f 1230/1245/1228 1300/1316/1298 1299/1315/1297 1229/1244/1227
f 1231/1246/1229 1301/1317/1299 1300/1316/1298 1230/1245/1228
f 1232/1247/1230 1302/1318/1300 1301/1317/1299 1231/1246/1229
f 1233/1248/1231 1303/1319/1301 1302/1318/1300 1232/1247/1230
f 1234/1249/1232 1304/1320/1302 1303/1319/1301 1233/1248/1231
f 1235/1250/1233 1305/1321/1303 1304/1320/1302 1234/1249/1232
f 1236/1251/1234 1306/1322/1304 1305/1321/1303 1235/1250/1233
f 1237/1252/1235 1307/1323/1305 1306/1322/1304 1236/1251/1234
f 1238/1253/1236 1308/1324/1306 1307/1323/1305 1237/1252/1235
f 1239/1254/1237 1309/1325/1307 1308/1324/1306 1238/1253/1236
f 1240/1255/1238 1310/1326/1308 1309/1325/1307 1239/1254/1237
f 1241/1256/1239 1311/1327/1309 1310/1326/1308 1240/1255/1238
f 1242/1257/1240 1312/1328/1310 1311/1327/1309 1241/1256/1239
f 1243/1258/1241 1313/1329/1311 1312/1328/1310 1242/1257/1240
f 1244/1259/1242 1314/1330/1312 1313/1329/1311 1243/1258/1241
f 1245/1260/1243 1315/1331/1313 1314/1330/1312 1244/1259/1242
f 1246/1261/1244 1316/1332/1314 1315/1331/1313 1245/1260/1243
f 1247/1262/1245 1317/1333/1315 1316/1332/1314 1246/1261/1244
f 1248/1263/1246 1318/1334/1316 1317/1333/1315 1247/1262/1245
f 1249/1264/1247 1319/1335/1317 1318/1334/1316 1248/1263/1246
f 1250/1265/1248 1320/1336/1318 1319/1335/1317 1249/1264/1247
f 1251/1266/1249 1321/1337/1319 1320/1336/1318 1250/1265/1248
f 1252/1267/1250 1322/1338/1320 1321/1337/1319 1251/1266/1249
f 1253/1268/1251 1323/1339/1321 1322/1338/1320 1252/1267/1250
f 1254/1269/1252 1324/1340/1322 1323/1339/1321 1253/1268/1251
f 1255/1270/1253 1325/1341/1323 1324/1340/1322 1254/1269/1252
f 1256/1271/1254 1326/1342/1324 1325/1341/1323 1255/1270/1253
f 1257/1272/1255 1327/1343/1325 1326/1342/1324 1256/1271/1254
f 1258/1273/1256 1328/1344/1326 1327/1343/1325 1257/1272/1255
f 1259/1274/1257 1329/1345/1327 1328/1344/1326 1258/1273/1256
f 1260/1275/1258 1330/1346/1328 1329/1345/1327 1259/1274/1257
f 1261/1276/1259 1331/1347/1329 1330/1346/1328 1260/1275/1258
f 1262/1277/1260 1332/1348/1330 1331/1347/1329 1261/1276/1259
f 1193/1278/1191 1263/1349/1261 1332/1348/1330 1262/1277/1260
f 1264/1280/1262 1334/1351/1332 1333/1350/1331 1263/1279/1261
f 1265/1281/1263 1335/1352/1333 1334/1351/1332 1264/1280/1262
f 1266/1282/1264 1336/1353/1334 1335/1352/1333 1265/1281/1263
f 1267/1283/1265 1337/1354/1335 1336/1353/1334 1266/1282/1264
f 1268/1284/1266 1338/1355/1336 1337/1354/1335 1267/1283/1265
f 1269/1285/1267 1339/1356/1337 1338/1355/1336 1268/1284/1266
f 1270/1286/1268 1340/1357/1338 1339/1356/1337 1269/1285/1267
f 1271/1287/1269 1341/1358/1339 1340/1357/1338 1270/1286/1268
f 1272/1288/1270 1342/1359/1340 1341/1358/1339 1271/1287/1269
f 1273/1289/1271 1343/1360/1341 1342/1359/1340 1272/1288/1270
f 1274/1290/1272 1344/1361/1342 1343/1360/1341 1273/1289/1271
f 1275/1291/1273 1345/1362/1343 1344/1361/1342 1274/1290/1272
f 1276/1292/1274 1346/1363/1344 1345/1362/1343 1275/1291/1273
f 1277/1293/1275 1347/1364/1345 1346/1363/1344 1276/1292/1274
f 1278/1294/1276 1348/1365/1346 1347/1364/1345 1277/1293/1275
f 1279/1295/1277 1349/1366/1347 1348/1365/1346 1278/1294/1276
f 1280/1296/1278 1350/1367/1348 1349/1366/1347 1279/1295/1277
f 1281/1297/1279 1351/1368/1349 1350/1367/1348 1280/1296/1278
f 1282/1298/1280 1352/1369/1350 1351/1368/1349 1281/1297/1279
f 1283/1299/1281 1353/1370/1351 1352/1369/1350 1282/1298/1280
f 1284/1300/1282 1354/1371/1352 1353/1370/1351 1283/1299/1281
f 1285/1301/1283 1355/1372/1353 1354/1371/1352 1284/1300/1282
f 1286/1302/1284 1356/1373/1354 1355/1372/1353 1285/1301/1283
f 1287/1303/1285 1357/1374/1355 1356/1373/1354 1286/1302/1284
f 1288/1304/1286 1358/1375/1356 1357/1374/1355 1287/1303/1285
f 1289/1305/1287 1359/1376/1357 1358/1375/1356 1288/1304/1286
f 1290/1306/1288 1360/1377/1358 1359/1376/1357 1289/1305/1287
f 1291/1307/1289 1361/1378/1359 1360/1377/1358 1290/1306/1288
f 1292/1308/1290 1362/1379/1360 1361/1378/1359 1291/1307/1289
f 1293/1309/1291 1363/1380/1361 1362/1379/1360 1292/1308/1290
f 1294/1310/1292 1364/1381/1362 1363/1380/1361 1293/1309/1291
f 1295/1311/1293 1365/1382/1363 1364/1381/1362 1294/1310/1292
f 1296/1312/1294 1366/1383/1364 1365/1382/1363 1295/1311/1293
f 1297/1313/1295 1367/1384/1365 1366/1383/1364 1296/1312/1294
f 1298/1314/1296 1368/1385/1366 1367/1384/1365 1297/1313/1295
f 1299/1315/1297 1369/1386/1367 1368/1385/1366 1298/1314/1296
f 1300/1316/1298 1370/1387/1368 1369/1386/1367 1299/1315/1297
f 1301/1317/1299 1371/1388/1369 1370/1387/1368 1300/1316/1298
f 1302/1318/1300 1372/1389/1370 1371/1388/1369 1301/1317/1299
f 1303/1319/1301 1373/1390/1371 1372/1389/1370 1302/1318/1300
f 1304/1320/1302 1374/1391/1372 1373/1390/1371 1303/1319/1301
f 1305/1321/1303 1375/1392/1373 1374/1391/1372 1304/1320/1302
f 1306/1322/1304 1376/1393/1374 1375/1392/1373 1305/1321/1303
f 1307/1323/1305 1377/1394/1375 1376/1393/1374 1306/1322/1304
f 1308/1324/1306 1378/1395/1376 1377/1394/1375 1307/1323/1305
f 1309/1325/1307 1379/1396/1377 1378/1395/1376 1308/1324/1306
f 1310/1326/1308 1380/1397/1378 1379/1396/1377 1309/1325/1307
f 1311/1327/1309 1381/1398/1379 1380/1397/1378 1310/1326/1308
f 1312/1328/1310 1382/1399/1380 1381/1398/1379 1311/1327/1309
f 1313/1329/1311 1383/1400/1381 1382/1399/1380 1312/1328/1310
f 1314/1330/1312 1384/1401/1382 1383/1400/1381 1313/1329/1311
f 1315/1331/1313 1385/1402/1383 1384/1401/1382 1314/1330/1312
f 1316/1332/1314 1386/1403/1384 1385/1402/1383 1315/1331/1313
f 1317/1333/1315 1387/1404/1385 1386/1403/1384 1316/1332/1314
f 1318/1334/1316 1388/1405/1386 1387/1404/1385 1317/1333/1315
f 1319/1335/1317 1389/1406/1387 1388/1405/1386 1318/1334/1316
f 1320/1336/1318 1390/1407/1388 1389/1406/1387 1319/1335/1317
f 1321/1337/1319 1391/1408/1389 1390/1407/1388 1320/1336/1318
f 1322/1338/1320 1392/1409/1390 1391/1408/1389 1321/1337/1319
f 1323/1339/1321 1393/1410/1391 1392/1409/1390 1322/1338/1320
f 1324/1340/1322 1394/1411/1392 1393/1410/1391 1323/1339/1321
f 1325/1341/1323 1395/1412/1393 1394/1411/1392 1324/1340/1322
f 1326/1342/1324 1396/1413/1394 1395/1412/1393 1325/1341/1323
f 1327/1343/1325 1397/1414/1395 1396/1413/1394 1326/1342/1324
f 1328/1344/1326 1398/1415/1396 1397/1414/1395 1327/1343/1325
f 1329/1345/1327 1399/1416/1397 1398/1415/1396 1328/1344/1326
f 1330/1346/1328 1400/1417/1398 1399/1416/1397 1329/1345/1327
f 1331/1347/1329 1401/1418/1399 1400/1417/1398 1330/1346/1328
f 1332/1348/1330 1402/1419/1400 1401/1418/1399 1331/1347/1329
f 1263/1349/1261 1333/1420/1331 1402/1419/1400 1332/1348/1330
f 1334/1351/1332 1404/1422/1402 1403/1421/1401 1333/1350/1331
f 1335/1352/1333 1405/1423/1403 1404/1422/1402 1334/1351/1332
f 1336/1353/1334 1406/1424/1404 1405/1423/1403 1335/1352/1333
f 1337/1354/1335 1407/1425/1405 1406/1424/1404 1336/1353/1334
f 1338/1355/1336 1408/1426/1406 1407/1425/1405 1337/1354/1335
f 1339/1356/1337 1409/1427/1407 1408/1426/1406 1338/1355/1336
f 1340/1357/1338 1410/1428/1408 1409/1427/1407 1339/1356/1337
f 1341/1358/1339 1411/1429/1409 1410/1428/1408 1340/1357/1338
f 1342/1359/1340 1412/1430/1410 1411/1429/1409 1341/1358/1339
f 1343/1360/1341 1413/1431/1411 1412/1430/1410 1342/1359/1340
f 1344/1361/1342 1414/1432/1412 1413/1431/1411 1343/1360/1341
f 1345/1362/1343 1415/1433/1413 1414/1432/1412 1344/1361/1342
f 1346/1363/1344 1416/1434/1414 1415/1433/1413 1345/1362/1343
f 1347/1364/1345 1417/1435/1415 1416/1434/1414 1346/1363/1344
f 1348/1365/1346 1418/1436/1416 1417/1435/1415 1347/1364/1345
f 1349/1366/1347 1419/1437/1417 1418/1436/1416 1348/1365/1346
f 1350/1367/1348 1420/1438/1418 1419/1437/1417 1349/1366/1347
f 1351/1368/1349 1421/1439/1419 1420/1438/1418 1350/1367/1348
f 1352/1369/1350 1422/1440/1420 1421/1439/1419 1351/1368/1349
f 1353/1370/1351 1423/1441/1421 1422/1440/1420 1352/1369/1350
f 1354/1371/1352 1424/1442/1422 1423/1441/1421 1353/1370/1351
f 1355/1372/1353 1425/1443/1423 1424/1442/1422 1354/1371/1352
f 1356/1373/1354 1426/1444/1424 1425/1443/1423 1355/1372/1353
f 1357/1374/1355 1427/1445/1425 1426/1444/1424 1356/1373/1354
f 1358/1375/1356 1428/1446/1426 1427/1445/1425 1357/1374/1355
f 1359/1376/1357 1429/1447/1427 1428/1446/1426 1358/1375/1356
f 1360/1377/1358 1430/1448/1428 1429/1447/1427 1359/1376/1357
f 1361/1378/1359 1431/1449/1429 1430/1448/1428 1360/1377/1358
f 1362/1379/1360 1432/1450/1430 1431/1449/1429 1361/1378/1359
f 1363/1380/1361 1433/1451/1431 1432/1450/1430 1362/1379/1360
f 1364/1381/1362 1434/1452/1432 1433/1451/1431 1363/1380/1361
f 1365/1382/1363 1435/1453/1433 1434/1452/1432 1364/1381/1362
f 1366/1383/1364 1436/1454/1434 1435/1453/1433 1365/1382/1363
f 1367/1384/1365 1437/1455/1435 1436/1454/1434 1366/1383/1364
f 1368/1385/1366 1438/1456/1436 1437/1455/1435 1367/1384/1365
f 1369/1386/1367 1439/1457/1437 1438/1456/1436 1368/1385/1366
f 1370/1387/1368 1440/1458/1438 1439/1457/1437 1369/1386/1367
f 1371/1388/1369 1441/1459/1439 1440/1458/1438 1370/1387/1368
f 1372/1389/1370 1442/1460/1440 1441/1459/1439 1371/1388/1369
f 1373/1390/1371 1443/1461/1441 1442/1460/1440 1372/1389/1370
f 1374/1391/1372 1444/1462/1442 1443/1461/1441 1373/1390/1371
f 1375/1392/1373 1445/1463/1443 1444/1462/1442 1374/1391/1372
f 1376/1393/1374 1446/1464/1444 1445/1463/1443 1375/1392/1373
f 1377/1394/1375 1447/1465/1445 1446/1464/1444 1376/1393/1374
f 1378/1395/1376 1448/1466/1446 1447/1465/1445 1377/1394/1375
f 1379/1396/1377 1449/1467/1447 1448/1466/1446 1378/1395/1376
f 1380/1397/1378 1450/1468/1448 1449/1467/1447 1379/1396/1377
f 1381/1398/1379 1451/1469/1449 1450/1468/1448 1380/1397/1378
f 1382/1399/1380 1452/1470/1450 1451/1469/1449 1381/1398/1379
f 1383/1400/1381 1453/1471/1451 1452/1470/1450 1382/1399/1380
f 1384/1401/1382 1454/1472/1452 1453/1471/1451 1383/1400/1381
f 1385/1402/1383 1455/1473/1453 1454/1472/1452 1384/1401/1382
f 1386/1403/1384 1456/1474/1454 1455/1473/1453 1385/1402/1383
f 1387/1404/1385 1457/1475/1455 1456/1474/1454 1386/1403/1384
f 1388/1405/1386 1458/1476/1456 1457/1475/1455 1387/1404/1385
f 1389/1406/1387 1459/1477/1457 1458/1476/1456 1388/1405/1386
f 1390/1407/1388 1460/1478/1458 1459/1477/1457 1389/1406/1387
f 1391/1408/1389 1461/1479/1459 1460/1478/1458 1390/1407/1388
f 1392/1409/1390 1462/1480/1460 1461/1479/1459 1391/1408/1389
f 1393/1410/1391 1463/1481/1461 1462/1480/1460 1392/1409/1390
f 1394/1411/1392 1464/1482/1462 1463/1481/1461 1393/1410/1391
f 1395/1412/1393 1465/1483/1463 1464/1482/1462 1394/1411/1392
f 1396/1413/1394 1466/1484/1464 1465/1483/1463 1395/1412/1393
f 1397/1414/1395 1467/1485/1465 1466/1484/1464 1396/1413/1394
f 1398/1415/1396 1468/1486/1466 1467/1485/1465 1397/1414/1395
f 1399/1416/1397 1469/1487/1467 1468/1486/1466 1398/1415/1396
f 1400/1417/1398 1470/1488/1468 1469/1487/1467 1399/1416/1397
f 1401/1418/1399 1471/1489/1469 1470/1488/1468 1400/1417/1398
f 1402/1419/1400 1472/1490/1470 1471/1489/1469 1401/1418/1399
f 1333/1420/1331 1403/1491/1401 1472/1490/1470 1402/1419/1400
f 1404/1422/1402 1474/1493/1472 1473/1492/1471 1403/1421/1401
f 1405/1423/1403 1475/1494/1473 1474/1493/1472 1404/1422/1402
f 1406/1424/1404 1476/1495/1474 1475/1494/1473 1405/1423/1403
f 1407/1425/1405 1477/1496/1475 1476/1495/1474 1406/1424/1404
f 1408/1426/1406 1478/1497/1476 1477/1496/1475 1407/1425/1405
f 1409/1427/1407 1479/1498/1477 1478/1497/1476 1408/1426/1406
f 1410/1428/1408 1480/1499/1478 1479/1498/1477 1409/1427/1407
f 1411/1429/1409 1481/1500/1479 1480/1499/1478 1410/1428/1408
f 1412/1430/1410 1482/1501/1480 1481/1500/1479 1411/1429/1409
f 1413/1431/1411 1483/1502/1481 1482/1501/1480 1412/1430/1410
f 1414/1432/1412 1484/1503/1482 1483/1502/1481 1413/1431/1411
f 1415/1433/1413 1485/1504/1483 1484/1503/1482 1414/1432/1412
f 1416/1434/1414 1486/1505/1484 1485/1504/1483 1415/1433/1413
f 1417/1435/1415 1487/1506/1485 1486/1505/1484 1416/1434/1414
f 1418/1436/1416 1488/1507/1486 1487/1506/1485 1417/1435/1415
f 1419/1437/1417 1489/1508/1487 1488/1507/1486 1418/1436/1416
f 1420/1438/1418 1490/1509/1488 1489/1508/1487 1419/1437/1417
f 1421/1439/1419 1491/1510/1489 1490/1509/1488 1420/1438/1418
f 1422/1440/1420 1492/1511/1490 1491/1510/1489 1421/1439/1419
f 1423/1441/1421 1493/1512/1491 1492/1511/1490 1422/1440/1420
f 1424/1442/1422 1494/1513/1492 1493/1512/1491 1423/1441/1421
f 1425/1443/1423 1495/1514/1493 1494/1513/1492 1424/1442/1422
f 1426/1444/1424 1496/1515/1494 1495/1514/1493 1425/1443/1423
f 1427/1445/1425 1497/1516/1495 1496/1515/1494 1426/1444/1424
f 1428/1446/1426 1498/1517/1496 1497/1516/1495 1427/1445/1425
f 1429/1447/1427 1499/1518/1497 1498/1517/1496 1428/1446/1426
f 1430/1448/1428 1500/1519/1498 1499/1518/1497 1429/1447/1427
f 1431/1449/1429 1501/1520/1499 1500/1519/1498 1430/1448/1428
f 1432/1450/1430 1502/1521/1500 1501/1520/1499 1431/1449/1429
f 1433/1451/1431 1503/1522/1501 1502/1521/1500 1432/1450/1430
f 1434/1452/1432 1504/1523/1502 1503/1522/1501 1433/1451/1431
f 1435/1453/1433 1505/1524/1503 1504/1523/1502 1434/1452/1432
f 1436/1454/1434 1506/1525/1504 1505/1524/1503 1435/1453/1433
f 1437/1455/1435 1507/1526/1505 1506/1525/1504 1436/1454/1434
f 1438/1456/1436 1508/1527/1506 1507/1526/1505 1437/1455/1435
f 1439/1457/1437 1509/1528/1507 1508/1527/1506 1438/1456/1436
f 1440/1458/1438 1510/1529/1508 1509/1528/1507 1439/1457/1437
f 1441/1459/1439 1511/1530/1509 1510/1529/1508 1440/1458/1438
f 1442/1460/1440 1512/1531/1510 1511/1530/1509 1441/1459/1439
f 1443/1461/1441 1513/1532/1511 1512/1531/1510 1442/1460/1440
f 1444/1462/1442 1514/1533/1512 1513/1532/1511 1443/1461/1441
f 1445/1463/1443 1515/1534/1513 1514/1533/1512 1444/1462/1442
f 1446/1464/1444 1516/1535/1514 1515/1534/1513 1445/1463/1443
f 1447/1465/1445 1517/1536/1515 1516/1535/1514 1446/1464/1444
f 1448/1466/1446 1518/1537/1516 1517/1536/1515 1447/1465/1445
f 1449/1467/1447 1519/1538/1517 1518/1537/1516 1448/1466/1446
f 1450/1468/1448 1520/1539/1518 1519/1538/1517 1449/1467/1447
f 1451/1469/1449 1521/1540/1519 1520/1539/1518 1450/1468/1448
f 1452/1470/1450 1522/1541/1520 1521/1540/1519 1451/1469/1449
f 1453/1471/1451 1523/1542/1521 1522/1541/1520 1452/1470/1450
f 1454/1472/1452 1524/1543/1522 1523/1542/1521 1453/1471/1451
f 1455/1473/1453 1525/1544/1523 1524/1543/1522 1454/1472/1452
f 1456/1474/1454 1526/1545/1524 1525/1544/1523 1455/1473/1453
f 1457/1475/1455 1527/1546/1525 1526/1545/1524 1456/1474/1454
f 1458/1476/1456 1528/1547/1526 1527/1546/1525 1457/1475/1455
f 1459/1477/1457 1529/1548/1527 1528/1547/1526 1458/1476/1456
f 1460/1478/1458 1530/1549/1528 1529/1548/1527 1459/1477/1457
f 1461/1479/1459 1531/1550/1529 1530/1549/1528 1460/1478/1458
f 1462/1480/1460 1532/1551/1530 1531/1550/1529 1461/1479/1459
f 1463/1481/1461 1533/1552/1531 1532/1551/1530 1462/1480/1460
f 1464/1482/1462 1534/1553/1532 1533/1552/1531 1463/1481/1461
f 1465/1483/1463 1535/1554/1533 1534/1553/1532 1464/1482/1462
f 1466/1484/1464 1536/1555/1534 1535/1554/1533 1465/1483/1463
f 1467/1485/1465 1537/1556/1535 1536/1555/1534 1466/1484/1464
f 1468/1486/1466 1538/1557/1536 1537/1556/1535 1467/1485/1465
f 1469/1487/1467 1539/1558/1537 1538/1557/1536 1468/1486/1466
f 1470/1488/1468 1540/1559/1538 1539/1558/1537 1469/1487/1467
f 1471/1489/1469 1541/1560/1539 1540/1559/1538 1470/1488/1468
f 1472/1490/1470 1542/1561/1540 1541/1560/1539 1471/1489/1469
f 1403/1491/1401 1473/1562/1471 1542/1561/1540 1472/1490/1470
f 1474/1493/1472 1544/1564/1542 1543/1563/1541 1473/1492/1471
f 1475/1494/1473 1545/1565/1543 1544/1564/1542 1474/1493/1472
f 1476/1495/1474 1546/1566/1544 1545/1565/1543 1475/1494/1473
f 1477/1496/1475 1547/1567/1545 1546/1566/1544 1476/1495/1474
f 1478/1497/1476 1548/1568/1546 1547/1567/1545 1477/1496/1475
f 1479/1498/1477 1549/1569/1547 1548/1568/1546 1478/1497/1476
f 1480/1499/1478 1550/1570/1548 1549/1569/1547 1479/1498/1477
f 1481/1500/1479 1551/1571/1549 1550/1570/1548 1480/1499/1478
f 1482/1501/1480 1552/1572/1550 1551/1571/1549 1481/1500/1479
f 1483/1502/1481 1553/1573/1551 1552/1572/1550 1482/1501/1480
f 1484/1503/1482 1554/1574/1552 1553/1573/1551 1483/1502/1481
f 1485/1504/1483 1555/1575/1553 1554/1574/1552 1484/1503/1482
f 1486/1505/1484 1556/1576/1554 1555/1575/1553 1485/1504/1483
f 1487/1506/1485 1557/1577/1555 1556/1576/1554 1486/1505/1484
f 1488/1507/1486 1558/1578/1556 1557/1577/1555 1487/1506/1485
f 1489/1508/1487 1559/1579/1557 1558/1578/1556 1488/1507/1486
f 1490/1509/1488 1560/1580/1558 1559/1579/1557 1489/1508/1487
f 1491/1510/1489 1561/1581/1559 1560/1580/1558 1490/1509/1488
f 1492/1511/1490 1562/1582/1560 1561/1581/1559 1491/1510/1489
f 1493/1512/1491 1563/1583/1561 1562/1582/1560 1492/1511/1490
f 1494/1513/1492 1564/1584/1562 1563/1583/1561 1493/1512/1491
f 1495/1514/1493 1565/1585/1563 1564/1584/1562 1494/1513/1492
f 1496/1515/1494 1566/1586/1564 1565/1585/1563 1495/1514/1493
f 1497/1516/1495 1567/1587/1565 1566/1586/1564 1496/1515/1494
f 1498/1517/1496 1568/1588/1566 1567/1587/1565 1497/1516/1495
f 1499/1518/1497 1569/1589/1567 1568/1588/1566 1498/1517/1496
f 1500/1519/1498 1570/1590/1568 1569/1589/1567 1499/1518/1497
f 1501/1520/1499 1571/1591/1569 1570/1590/1568 1500/1519/1498
f 1502/1521/1500 1572/1592/1570 1571/1591/1569 1501/1520/1499
f 1503/1522/1501 1573/1593/1571 1572/1592/1570 1502/1521/1500
f 1504/1523/1502 1574/1594/1572 1573/1593/1571 1503/1522/1501
f 1505/1524/1503 1575/1595/1573 1574/1594/1572 1504/1523/1502
f 1506/1525/1504 1576/1596/1574 1575/1595/1573 1505/1524/1503
f 1507/1526/1505 1577/1597/1575 1576/1596/1574 1506/1525/1504
f 1508/1527/1506 1578/1598/1576 1577/1597/1575 1507/1526/1505
f 1509/1528/1507 1579/1599/1577 1578/1598/1576 1508/1527/1506
f 1510/1529/1508 1580/1600/1578 1579/1599/1577 1509/1528/1507
f 1511/1530/1509 1581/1601/1579 1580/1600/1578 1510/1529/1508
f 1512/1531/1510 1582/1602/1580 1581/1601/1579 1511/1530/1509
f 1513/1532/1511 1583/1603/1581 1582/1602/1580 1512/1531/1510
f 1514/1533/1512 1584/1604/1582 1583/1603/1581 1513/1532/1511
f 1515/1534/1513 1585/1605/1583 1584/1604/1582 1514/1533/1512
f 1516/1535/1514 1586/1606/1584 1585/1605/1583 1515/1534/1513
f 1517/1536/1515 1587/1607/1585 1586/1606/1584 1516/1535/1514
f 1518/1537/1516 1588/1608/1586 1587/1607/1585 1517/1536/1515
f 1519/1538/1517 1589/1609/1587 1588/1608/1586 1518/1537/1516
f 1520/1539/1518 1590/1610/1588 1589/1609/1587 1519/1538/1517
f 1521/1540/1519 1591/1611/1589 1590/1610/1588 1520/1539/1518
f 1522/1541/1520 1592/1612/1590 1591/1611/1589 1521/1540/1519
f 1523/1542/1521 1593/1613/1591 1592/1612/1590 1522/1541/1520
f 1524/1543/1522 1594/1614/1592 1593/1613/1591 1523/1542/1521
f 1525/1544/1523 1595/1615/1593 1594/1614/1592 1524/1543/1522
f 1526/1545/1524 1596/1616/1594 1595/1615/1593 1525/1544/1523
f 1527/1546/1525 1597/1617/1595 1596/1616/1594 1526/1545/1524
f 1528/1547/1526 1598/1618/1596 1597/1617/1595 1527/1546/1525
f 1529/1548/1527 1599/1619/1597 1598/1618/1596 1528/1547/1526
f 1530/1549/1528 1600/1620/1598 1599/1619/1597 1529/1548/1527
f 1531/1550/1529 1601/1621/1599 1600/1620/1598 1530/1549/1528
f 1532/1551/1530 1602/1622/1600 1601/1621/1599 1531/1550/1529
f 1533/1552/1531 1603/1623/1601 1602/1622/1600 1532/1551/1530
f 1534/1553/1532 1604/1624/1602 1603/1623/1601 1533/1552/1531
f 1535/1554/1533 1605/1625/1603 1604/1624/1602 1534/1553/1532
f 1536/1555/1534 1606/1626/1604 1605/1625/1603 1535/1554/1533
f 1537/1556/1535 1607/1627/1605 1606/1626/1604 1536/1555/1534
f 1538/1557/1536 1608/1628/1606 1607/1627/1605 1537/1556/1535
f 1539/1558/1537 1609/1629/1607 1608/1628/1606 1538/1557/1536
f 1540/1559/1538 1610/1630/1608 1609/1629/1607 1539/1558/1537
f 1541/1560/1539 1611/1631/1609 1610/1630/1608 1540/1559/1538
f 1542/1561/1540 1612/1632/1610 1611/1631/1609 1541/1560/1539
f 1473/1562/1471 1543/1633/1541 1612/1632/1610 1542/1561/1540
f 1544/1564/1542 1614/1635/1612 1613/1634/1611 1543/1563/1541
f 1545/1565/1543 1615/1636/1613 1614/1635/1612 1544/1564/1542
f 1546/1566/1544 1616/1637/1614 1615/1636/1613 1545/1565/1543
f 1547/1567/1545 1617/1638/1615 1616/1637/1614 1546/1566/1544
f 1548/1568/1546 1618/1639/1616 1617/1638/1615 1547/1567/1545
f 1549/1569/1547 1619/1640/1617 1618/1639/1616 1548/1568/1546
f 1550/1570/1548 1620/1641/1618 1619/1640/1617 1549/1569/1547
f 1551/1571/1549 1621/1642/1619 1620/1641/1618 1550/1570/1548
f 1552/1572/1550 1622/1643/1620 1621/1642/1619 1551/1571/1549
f 1553/1573/1551 1623/1644/1621 1622/1643/1620 1552/1572/1550
f 1554/1574/1552 1624/1645/1622 1623/1644/1621 1553/1573/1551
f 1555/1575/1553 1625/1646/1623 1624/1645/1622 1554/1574/1552
f 1556/1576/1554 1626/1647/1624 1625/1646/1623 1555/1575/1553
f 1557/1577/1555 1627/1648/1625 1626/1647/1624 1556/1576/1554
f 1558/1578/1556 1628/1649/1626 1627/1648/1625 1557/1577/1555
f 1559/1579/1557 1629/1650/1627 1628/1649/1626 1558/1578/1556
f 1560/1580/1558 1630/1651/1628 1629/1650/1627 1559/1579/1557
f 1561/1581/1559 1631/1652/1629 1630/1651/1628 1560/1580/1558
f 1562/1582/1560 1632/1653/1630 1631/1652/1629 1561/1581/1559
f 1563/1583/1561 1633/1654/1631 1632/1653/1630 1562/1582/1560
f 1564/1584/1562 1634/1655/1632 1633/1654/1631 1563/1583/1561
f 1565/1585/1563 1635/1656/1633 1634/1655/1632 1564/1584/1562
f 1566/1586/1564 1636/1657/1634 1635/1656/1633 1565/1585/1563
f 1567/1587/1565 1637/1658/1635 1636/1657/1634 1566/1586/1564
f 1568/1588/1566 1638/1659/1636 1637/1658/1635 1567/1587/1565
f 1569/1589/1567 1639/1660/1637 1638/1659/1636 1568/1588/1566
f 1570/1590/1568 1640/1661/1638 1639/1660/1637 1569/1589/1567
f 1571/1591/1569 1641/1662/1639 1640/1661/1638 1570/1590/1568
f 1572/1592/1570 1642/1663/1640 1641/1662/1639 1571/1591/1569
f 1573/1593/1571 1643/1664/1641 1642/1663/1640 1572/1592/1570
f 1574/1594/1572 1644/1665/1642 1643/1664/1641 1573/1593/1571
f 1575/1595/1573 1645/1666/1643 1644/1665/1642 1574/1594/1572
f 1576/1596/1574 1646/1667/1644 1645/1666/1643 1575/1595/1573
f 1577/1597/1575 1647/1668/1645 1646/1667/1644 1576/1596/1574
f 1578/1598/1576 1648/1669/1646 1647/1668/1645 1577/1597/1575
f 1579/1599/1577 1649/1670/1647 1648/1669/1646 1578/1598/1576
f 1580/1600/1578 1650/1671/1648 1649/1670/1647 1579/1599/1577
f 1581/1601/1579 1651/1672/1649 1650/1671/1648 1580/1600/1578
f 1582/1602/1580 1652/1673/1650 1651/1672/1649 1581/1601/1579
f 1583/1603/1581 1653/1674/1651 1652/1673/1650 1582/1602/1580
f 1584/1604/1582 1654/1675/1652 1653/1674/1651 1583/1603/1581
f 1585/1605/1583 1655/1676/1653 1654/1675/1652 1584/1604/1582
f 1586/1606/1584 1656/1677/1654 1655/1676/1653 1585/1605/1583
f 1587/1607/1585 1657/1678/1655 1656/1677/1654 1586/1606/1584
f 1588/1608/1586 1658/1679/1656 1657/1678/1655 1587/1607/1585
f 1589/1609/1587 1659/1680/1657 1658/1679/1656 1588/1608/1586
f 1590/1610/1588 1660/1681/1658 1659/1680/1657 1589/1609/1587
f 1591/1611/1589 1661/1682/1659 1660/1681/1658 1590/1610/1588
f 1592/1612/1590 1662/1683/1660 1661/1682/1659 1591/1611/1589
f 1593/1613/1591 1663/1684/1661 1662/1683/1660 1592/1612/1590
f 1594/1614/1592 1664/1685/1662 1663/1684/1661 1593/1613/1591
f 1595/1615/1593 1665/1686/1663 1664/1685/1662 1594/1614/1592
f 1596/1616/1594 1666/1687/1664 1665/1686/1663 1595/1615/1593
f 1597/1617/1595 1667/1688/1665 1666/1687/1664 1596/1616/1594
f 1598/1618/1596 1668/1689/1666 1667/1688/1665 1597/1617/1595
f 1599/1619/1597 1669/1690/1667 1668/1689/1666 1598/1618/1596
f 1600/1620/1598 1670/1691/1668 1669/1690/1667 1599/1619/1597
f 1601/1621/1599 1671/1692/1669 1670/1691/1668 1600/1620/1598
f 1602/1622/1600 1672/1693/1670 1671/1692/1669 1601/1621/1599
f 1603/1623/1601 1673/1694/1671 1672/1693/1670 1602/1622/1600
f 1604/1624/1602 1674/1695/1672 1673/1694/1671 1603/1623/1601
f 1605/1625/1603 1675/1696/1673 1674/1695/1672 1604/1624/1602
f 1606/1626/1604 1676/1697/1674 1675/1696/1673 1605/1625/1603
f 1607/1627/1605 1677/1698/1675 1676/1697/1674 1606/1626/1604
f 1608/1628/1606 1678/1699/1676 1677/1698/1675 1607/1627/1605
f 1609/1629/1607 1679/1700/1677 1678/1699/1676 1608/1628/1606
f 1610/1630/1608 1680/1701/1678 1679/1700/1677 1609/1629/1607
f 1611/1631/1609 1681/1702/1679 1680/1701/1678 1610/1630/1608
f 1612/1632/1610 1682/1703/1680 1681/1702/1679 1611/1631/1609
f 1543/1633/1541 1613/1704/1611 1682/1703/1680 1612/1632/1610
f 1614/1635/1612 1684/1706/1682 1683/1705/1681 1613/1634/1611
f 1615/1636/1613 1685/1707/1683 1684/1706/1682 1614/1635/1612
f 1616/1637/1614 1686/1708/1684 1685/1707/1683 1615/1636/1613
f 1617/1638/1615 1687/1709/1685 1686/1708/1684 1616/1637/1614
f 1618/1639/1616 1688/1710/1686 1687/1709/1685 1617/1638/1615
f 1619/1640/1617 1689/1711/1687 1688/1710/1686 1618/1639/1616
f 1620/1641/1618 1690/1712/1688 1689/1711/1687 1619/1640/1617
f 1621/1642/1619 1691/1713/1689 1690/1712/1688 1620/1641/1618
f 1622/1643/1620 1692/1714/1690 1691/1713/1689 1621/1642/1619
f 1623/1644/1621 1693/1715/1691 1692/1714/1690 1622/1643/1620
f 1624/1645/1622 1694/1716/1692 1693/1715/1691 1623/1644/1621
f 1625/1646/1623 1695/1717/1693 1694/1716/1692 1624/1645/1622
f 1626/1647/1624 1696/1718/1694 1695/1717/1693 1625/1646/1623
f 1627/1648/1625 1697/1719/1695 1696/1718/1694 1626/1647/1624
f 1628/1649/1626 1698/1720/1696 1697/1719/1695 1627/1648/1625
f 1629/1650/1627 1699/1721/1697 1698/1720/1696 1628/1649/1626
f 1630/1651/1628 1700/1722/1698 1699/1721/1697 1629/1650/1627
f 1631/1652/1629 1701/1723/1699 1700/1722/1698 1630/1651/1628
f 1632/1653/1630 1702/1724/1700 1701/1723/1699 1631/1652/1629
f 1633/1654/1631 1703/1725/1701 1702/1724/1700 1632/1653/1630
f 1634/1655/1632 1704/1726/1702 1703/1725/1701 1633/1654/1631
f 1635/1656/1633 1705/1727/1703 1704/1726/1702 1634/1655/1632
f 1636/1657/1634 1706/1728/1704 1705/1727/1703 1635/1656/1633
f 1637/1658/1635 1707/1729/1705 1706/1728/1704 1636/1657/1634
f 1638/1659/1636 1708/1730/1706 1707/1729/1705 1637/1658/1635
f 1639/1660/1637 1709/1731/1707 1708/1730/1706 1638/1659/1636
f 1640/1661/1638 1710/1732/1708 1709/1731/1707 1639/1660/1637
f 1641/1662/1639 1711/1733/1709 1710/1732/1708 1640/1661/1638
f 1642/1663/1640 1712/1734/1710 1711/1733/1709 1641/1662/1639
f 1643/1664/1641 1713/1735/1711 1712/1734/1710 1642/1663/1640
f 1644/1665/1642 1714/1736/1712 1713/1735/1711 1643/1664/1641
f 1645/1666/1643 1715/1737/1713 1714/1736/1712 1644/1665/1642
f 1646/1667/1644 1716/1738/1714 1715/1737/1713 1645/1666/1643
f 1647/1668/1645 1717/1739/1715 1716/1738/1714 1646/1667/1644
f 1648/1669/1646 1718/1740/1716 1717/1739/1715 1647/1668/1645
f 1649/1670/1647 1719/1741/1717 1718/1740/1716 1648/1669/1646
f 1650/1671/1648 1720/1742/1718 1719/1741/1717 1649/1670/1647
f 1651/1672/1649 1721/1743/1719 1720/1742/1718 1650/1671/1648
f 1652/1673/1650 1722/1744/1720 1721/1743/1719 1651/1672/1649
f 1653/1674/1651 1723/1745/1721 1722/1744/1720 1652/1673/1650
f 1654/1675/1652 1724/1746/1722 1723/1745/1721 1653/1674/1651
f 1655/1676/1653 1725/1747/1723 1724/1746/1722 1654/1675/1652
f 1656/1677/1654 1726/1748/1724 1725/1747/1723 1655/1676/1653
f 1657/1678/1655 1727/1749/1725 1726/1748/1724 1656/1677/1654
f 1658/1679/1656 1728/1750/1726 1727/1749/1725 1657/1678/1655
f 1659/1680/1657 1729/1751/1727 1728/1750/1726 1658/1679/1656
f 1660/1681/1658 1730/1752/1728 1729/1751/1727 1659/1680/1657
f 1661/1682/1659 1731/1753/1729 1730/1752/1728 1660/1681/1658
f 1662/1683/1660 1732/1754/1730 1731/1753/1729 1661/1682/1659
f 1663/1684/1661 1733/1755/1731 1732/1754/1730 1662/1683/1660
f 1664/1685/1662 1734/1756/1732 1733/1755/1731 1663/1684/1661
f 1665/1686/1663 1735/1757/1733 1734/1756/1732 1664/1685/1662
f 1666/1687/1664 1736/1758/1734 1735/1757/1733 1665/1686/1663
f 1667/1688/1665 1737/1759/1735 1736/1758/1734 1666/1687/1664
f 1668/1689/1666 1738/1760/1736 1737/1759/1735 1667/1688/1665
f 1669/1690/1667 1739/1761/1737 1738/1760/1736 1668/1689/1666
f 1670/1691/1668 1740/1762/1738 1739/1761/1737 1669/1690/1667
f 1671/1692/1669 1741/1763/1739 1740/1762/1738 1670/1691/1668
f 1672/1693/1670 1742/1764/1740 1741/1763/1739 1671/1692/1669
f 1673/1694/1671 1743/1765/1741 1742/1764/1740 1672/1693/1670
f 1674/1695/1672 1744/1766/1742 1743/1765/1741 1673/1694/1671
f 1675/1696/1673 1745/1767/1743 1744/1766/1742 1674/1695/1672
f 1676/1697/1674 1746/1768/1744 1745/1767/1743 1675/1696/1673
f 1677/1698/1675 1747/1769/1745 1746/1768/1744 1676/1697/1674
f 1678/1699/1676 1748/1770/1746 1747/1769/1745 1677/1698/1675
f 1679/1700/1677 1749/1771/1747 1748/1770/1746 1678/1699/1676
f 1680/1701/1678 1750/1772/1748 1749/1771/1747 1679/1700/1677
f 1681/1702/1679 1751/1773/1749 1750/1772/1748 1680/1701/1678
f 1682/1703/1680 1752/1774/1750 1751/1773/1749 1681/1702/1679
f 1613/1704/1611 1683/1775/1681 1752/1774/1750 1682/1703/1680
f 1684/1706/1682 1754/1777/1752 1753/1776/1751 1683/1705/1681
f 1685/1707/1683 1755/1778/1753 1754/1777/1752 1684/1706/1682
f 1686/1708/1684 1756/1779/1754 1755/1778/1753 1685/1707/1683
f 1687/1709/1685 1757/1780/1755 1756/1779/1754 1686/1708/1684
f 1688/1710/1686 1758/1781/1756 1757/1780/1755 1687/1709/1685
f 1689/1711/1687 1759/1782/1757 1758/1781/1756 1688/1710/1686
f 1690/1712/1688 1760/1783/1758 1759/1782/1757 1689/1711/1687
f 1691/1713/1689 1761/1784/1759 1760/1783/1758 1690/1712/1688
f 1692/1714/1690 1762/1785/1760 1761/1784/1759 1691/1713/1689
f 1693/1715/1691 1763/1786/1761 1762/1785/1760 1692/1714/1690
f 1694/1716/1692 1764/1787/1762 1763/1786/1761 1693/1715/1691
f 1695/1717/1693 1765/1788/1763 1764/1787/1762 1694/1716/1692
f 1696/1718/1694 1766/1789/1764 1765/1788/1763 1695/1717/1693
f 1697/1719/1695 1767/1790/1765 1766/1789/1764 1696/1718/1694
f 1698/1720/1696 1768/1791/1766 1767/1790/1765 1697/1719/1695
f 1699/1721/1697 1769/1792/1767 1768/1791/1766 1698/1720/1696
f 1700/1722/1698 1770/1793/1768 1769/1792/1767 1699/1721/1697
f 1701/1723/1699 1771/1794/1769 1770/1793/1768 1700/1722/1698
f 1702/1724/1700 1772/1795/1770 1771/1794/1769 1701/1723/1699
f 1703/1725/1701 1773/1796/1771 1772/1795/1770 1702/1724/1700
f 1704/1726/1702 1774/1797/1772 1773/1796/1771 1703/1725/1701
f 1705/1727/1703 1775/1798/1773 1774/1797/1772 1704/1726/1702
f 1706/1728/1704 1776/1799/1774 1775/1798/1773 1705/1727/1703
f 1707/1729/1705 1777/1800/1775 1776/1799/1774 1706/1728/1704
f 1708/1730/1706 1778/1801/1776 1777/1800/1775 1707/1729/1705
f 1709/1731/1707 1779/1802/1777 1778/1801/1776 1708/1730/1706
f 1710/1732/1708 1780/1803/1778 1779/1802/1777 1709/1731/1707
f 1711/1733/1709 1781/1804/1779 1780/1803/1778 1710/1732/1708
f 1712/1734/1710 1782/1805/1780 1781/1804/1779 1711/1733/1709
f 1713/1735/1711 1783/1806/1781 1782/1805/1780 1712/1734/1710
f 1714/1736/1712 1784/1807/1782 1783/1806/1781 1713/1735/1711
f 1715/1737/1713 1785/1808/1783 1784/1807/1782 1714/1736/1712
f 1716/1738/1714 1786/1809/1784 1785/1808/1783 1715/1737/1713
f 1717/1739/1715 1787/1810/1785 1786/1809/1784 1716/1738/1714
f 1718/1740/1716 1788/1811/1786 1787/1810/1785 1717/1739/1715
f 1719/1741/1717 1789/1812/1787 1788/1811/1786 1718/1740/1716
f 1720/1742/1718 1790/1813/1788 1789/1812/1787 1719/1741/1717
f 1721/1743/1719 1791/1814/1789 1790/1813/1788 1720/1742/1718
f 1722/1744/1720 1792/1815/1790 1791/1814/1789 1721/1743/1719
f 1723/1745/1721 1793/1816/1791 1792/1815/1790 1722/1744/1720
f 1724/1746/1722 1794/1817/1792 1793/1816/1791 1723/1745/1721
f 1725/1747/1723 1795/1818/1793 1794/1817/1792 1724/1746/1722
f 1726/1748/1724 1796/1819/1794 1795/1818/1793 1725/1747/1723
f 1727/1749/1725 1797/1820/1795 1796/1819/1794 1726/1748/1724
f 1728/1750/1726 1798/1821/1796 1797/1820/1795 1727/1749/1725
f 1729/1751/1727 1799/1822/1797 1798/1821/1796 1728/1750/1726
f 1730/1752/1728 1800/1823/1798 1799/1822/1797 1729/1751/1727
f 1731/1753/1729 1801/1824/1799 1800/1823/1798 1730/1752/1728
f 1732/1754/1730 1802/1825/1800 1801/1824/1799 1731/1753/1729
f 1733/1755/1731 1803/1826/1801 1802/1825/1800 1732/1754/1730
f 1734/1756/1732 1804/1827/1802 1803/1826/1801 1733/1755/1731
f 1735/1757/1733 1805/1828/1803 1804/1827/1802 1734/1756/1732
f 1736/1758/1734 1806/1829/1804 1805/1828/1803 1735/1757/1733
f 1737/1759/1735 1807/1830/1805 1806/1829/1804 1736/1758/1734
f 1738/1760/1736 1808/1831/1806 1807/1830/1805 1737/1759/1735
f 1739/1761/1737 1809/1832/1807 1808/1831/1806 1738/1760/1736
f 1740/1762/1738 1810/1833/1808 1809/1832/1807 1739/1761/1737
f 1741/1763/1739 1811/1834/1809 1810/1833/1808 1740/1762/1738
f 1742/1764/1740 1812/1835/1810 1811/1834/1809 1741/1763/1739
f 1743/1765/1741 1813/1836/1811 1812/1835/1810 1742/1764/1740
f 1744/1766/1742 1814/1837/1812 1813/1836/1811 1743/1765/1741
f 1745/1767/1743 1815/1838/1813 1814/1837/1812 1744/1766/1742
f 1746/1768/1744 1816/1839/1814 1815/1838/1813 1745/1767/1743
f 1747/1769/1745 1817/1840/1815 1816/1839/1814 1746/1768/1744
f 1748/1770/1746 1818/1841/1816 1817/1840/1815 1747/1769/1745
f 1749/1771/1747 1819/1842/1817 1818/1841/1816 1748/1770/1746
f 1750/1772/1748 1820/1843/1818 1819/1842/1817 1749/1771/1747
f 1751/1773/1749 1821/1844/1819 1820/1843/1818 1750/1772/1748
f 1752/1774/1750 1822/1845/1820 1821/1844/1819 1751/1773/1749
f 1683/1775/1681 1753/1846/1751 1822/1845/1820 1752/1774/1750
f 1754/1777/1752 1824/1848/1822 1823/1847/1821 1753/1776/1751
f 1755/1778/1753 1825/1849/1823 1824/1848/1822 1754/1777/1752
f 1756/1779/1754 1826/1850/1824 1825/1849/1823 1755/1778/1753
f 1757/1780/1755 1827/1851/1825 1826/1850/1824 1756/1779/1754
f 1758/1781/1756 1828/1852/1826 1827/1851/1825 1757/1780/1755
f 1759/1782/1757 1829/1853/1827 1828/1852/1826 1758/1781/1756
f 1760/1783/1758 1830/1854/1828 1829/1853/1827 1759/1782/1757
f 1761/1784/1759 1831/1855/1829 1830/1854/1828 1760/1783/1758
f 1762/1785/1760 1832/1856/1830 1831/1855/1829 1761/1784/1759
f 1763/1786/1761 1833/1857/1831 1832/1856/1830 1762/1785/1760
f 1764/1787/1762 1834/1858/1832 1833/1857/1831 1763/1786/1761
f 1765/1788/1763 1835/1859/1833 1834/1858/1832 1764/1787/1762
f 1766/1789/1764 1836/1860/1834 1835/1859/1833 1765/1788/1763
f 1767/1790/1765 1837/1861/1835 1836/1860/1834 1766/1789/1764
f 1768/1791/1766 1838/1862/1836 1837/1861/1835 1767/1790/1765
f 1769/1792/1767 1839/1863/1837 1838/1862/1836 1768/1791/1766
f 1770/1793/1768 1840/1864/1838 1839/1863/1837 1769/1792/1767
f 1771/1794/1769 1841/1865/1839 1840/1864/1838 1770/1793/1768
f 1772/1795/1770 1842/1866/1840 1841/1865/1839 1771/1794/1769
f 1773/1796/1771 1843/1867/1841 1842/1866/1840 1772/1795/1770
f 1774/1797/1772 1844/1868/1842 1843/1867/1841 1773/1796/1771
f 1775/1798/1773 1845/1869/1843 1844/1868/1842 1774/1797/1772
f 1776/1799/1774 1846/1870/1844 1845/1869/1843 1775/1798/1773
f 1777/1800/1775 1847/1871/1845 1846/1870/1844 1776/1799/1774
f 1778/1801/1776 1848/1872/1846 1847/1871/1845 1777/1800/1775
f 1779/1802/1777 1849/1873/1847 1848/1872/1846 1778/1801/1776
f 1780/1803/1778 1850/1874/1848 1849/1873/1847 1779/1802/1777
f 1781/1804/1779 1851/1875/1849 1850/1874/1848 1780/1803/1778
f 1782/1805/1780 1852/1876/1850 1851/1875/1849 1781/1804/1779
f 1783/1806/1781 1853/1877/1851 1852/1876/1850 1782/1805/1780
f 1784/1807/1782 1854/1878/1852 1853/1877/1851 1783/1806/1781
f 1785/1808/1783 1855/1879/1853 1854/1878/1852 1784/1807/1782
f 1786/1809/1784 1856/1880/1854 1855/1879/1853 1785/1808/1783
f 1787/1810/1785 1857/1881/1855 1856/1880/1854 1786/1809/1784
f 1788/1811/1786 1858/1882/1856 1857/1881/1855 1787/1810/1785
f 1789/1812/1787 1859/1883/1857 1858/1882/1856 1788/1811/1786
f 1790/1813/1788 1860/1884/1858 1859/1883/1857 1789/1812/1787
f 1791/1814/1789 1861/1885/1859 1860/1884/1858 1790/1813/1788
f 1792/1815/1790 1862/1886/1860 1861/1885/1859 1791/1814/1789
f 1793/1816/1791 1863/1887/1861 1862/1886/1860 1792/1815/1790
f 1794/1817/1792 1864/1888/1862 1863/1887/1861 1793/1816/1791
f 1795/1818/1793 1865/1889/1863 1864/1888/1862 1794/1817/1792
f 1796/1819/1794 1866/1890/1864 1865/1889/1863 1795/1818/1793
f 1797/1820/1795 1867/1891/1865 1866/1890/1864 1796/1819/1794
f 1798/1821/1796 1868/1892/1866 1867/1891/1865 1797/1820/1795
f 1799/1822/1797 1869/1893/1867 1868/1892/1866 1798/1821/1796
f 1800/1823/1798 1870/1894/1868 1869/1893/1867 1799/1822/1797
f 1801/1824/1799 1871/1895/1869 1870/1894/1868 1800/1823/1798
f 1802/1825/1800 1872/1896/1870 1871/1895/1869 1801/1824/1799
f 1803/1826/1801 1873/1897/1871 1872/1896/1870 1802/1825/1800
f 1804/1827/1802 1874/1898/1872 1873/1897/1871 1803/1826/1801
f 1805/1828/1803 1875/1899/1873 1874/1898/1872 1804/1827/1802
f 1806/1829/1804 1876/1900/1874 1875/1899/1873 1805/1828/1803
f 1807/1830/1805 1877/1901/1875 1876/1900/1874 1806/1829/1804
f 1808/1831/1806 1878/1902/1876 1877/1901/1875 1807/1830/1805
f 1809/1832/1807 1879/1903/1877 1878/1902/1876 1808/1831/1806
f 1810/1833/1808 1880/1904/1878 1879/1903/1877 1809/1832/1807
f 1811/1834/1809 1881/1905/1879 1880/1904/1878 1810/1833/1808
f 1812/1835/1810 1882/1906/1880 1881/1905/1879 1811/1834/1809
f 1813/1836/1811 1883/1907/1881 1882/1906/1880 1812/1835/1810
f 1814/1837/1812 1884/1908/1882 1883/1907/1881 1813/1836/1811
f 1815/1838/1813 1885/1909/1883 1884/1908/1882 1814/1837/1812
f 1816/1839/1814 1886/1910/1884 1885/1909/1883 1815/1838/1813
f 1817/1840/1815 1887/1911/1885 1886/1910/1884 1816/1839/1814
f 1818/1841/1816 1888/1912/1886 1887/1911/1885 1817/1840/1815
f 1819/1842/1817 1889/1913/1887 1888/1912/1886 1818/1841/1816
f 1820/1843/1818 1890/1914/1888 1889/1913/1887 1819/1842/1817
f 1821/1844/1819 1891/1915/1889 1890/1914/1888 1820/1843/1818
f 1822/1845/1820 1892/1916/1890 1891/1915/1889 1821/1844/1819
f 1753/1846/1751 1823/1917/1821 1892/1916/1890 1822/1845/1820
f 1824/1848/1822 1894/1919/1892 1893/1918/1891 1823/1847/1821
f 1825/1849/1823 1895/1920/1893 1894/1919/1892 1824/1848/1822
f 1826/1850/1824 1896/1921/1894 1895/1920/1893 1825/1849/1823
f 1827/1851/1825 1897/1922/1895 1896/1921/1894 1826/1850/1824
f 1828/1852/1826 1898/1923/1896 1897/1922/1895 1827/1851/1825
f 1829/1853/1827 1899/1924/1897 1898/1923/1896 1828/1852/1826
f 1830/1854/1828 1900/1925/1898 1899/1924/1897 1829/1853/1827
f 1831/1855/1829 1901/1926/1899 1900/1925/1898 1830/1854/1828
f 1832/1856/1830 1902/1927/1900 1901/1926/1899 1831/1855/1829
f 1833/1857/1831 1903/1928/1901 1902/1927/1900 1832/1856/1830
f 1834/1858/1832 1904/1929/1902 1903/1928/1901 1833/1857/1831
f 1835/1859/1833 1905/1930/1903 1904/1929/1902 1834/1858/1832
f 1836/1860/1834 1906/1931/1904 1905/1930/1903 1835/1859/1833
f 1837/1861/1835 1907/1932/1905 1906/1931/1904 1836/1860/1834
f 1838/1862/1836 1908/1933/1906 1907/1932/1905 1837/1861/1835
f 1839/1863/1837 1909/1934/1907 1908/1933/1906 1838/1862/1836
f 1840/1864/1838 1910/1935/1908 1909/1934/1907 1839/1863/1837
f 1841/1865/1839 1911/1936/1909 1910/1935/1908 1840/1864/1838
f 1842/1866/1840 1912/1937/1910 1911/1936/1909 1841/1865/1839
f 1843/1867/1841 1913/1938/1911 1912/1937/1910 1842/1866/1840
f 1844/1868/1842 1914/1939/1912 1913/1938/1911 1843/1867/1841
f 1845/1869/1843 1915/1940/1913 1914/1939/1912 1844/1868/1842
f 1846/1870/1844 1916/1941/1914 1915/1940/1913 1845/1869/1843
f 1847/1871/1845 1917/1942/1915 1916/1941/1914 1846/1870/1844
f 1848/1872/1846 1918/1943/1916 1917/1942/1915 1847/1871/1845
f 1849/1873/1847 1919/1944/1917 1918/1943/1916 1848/1872/1846
f 1850/1874/1848 1920/1945/1918 1919/1944/1917 1849/1873/1847
f 1851/1875/1849 1921/1946/1919 1920/1945/1918 1850/1874/1848
f 1852/1876/1850 1922/1947/1920 1921/1946/1919 1851/1875/1849
f 1853/1877/1851 1923/1948/1921 1922/1947/1920 1852/1876/1850
f 1854/1878/1852 1924/1949/1922 1923/1948/1921 1853/1877/1851
f 1855/1879/1853 1925/1950/1923 1924/1949/1922 1854/1878/1852
f 1856/1880/1854 1926/1951/1924 1925/1950/1923 1855/1879/1853
f 1857/1881/1855 1927/1952/1925 1926/1951/1924 1856/1880/1854
f 1858/1882/1856 1928/1953/1926 1927/1952/1925 1857/1881/1855
f 1859/1883/1857 1929/1954/1927 1928/1953/1926 1858/1882/1856
f 1860/1884/1858 1930/1955/1928 1929/1954/1927 1859/1883/1857
f 1861/1885/1859 1931/1956/1929 1930/1955/1928 1860/1884/1858
f 1862/1886/1860 1932/1957/1930 1931/1956/1929 1861/1885/1859
f 1863/1887/1861 1933/1958/1931 1932/1957/1930 1862/1886/1860
f 1864/1888/1862 1934/1959/1932 1933/1958/1931 1863/1887/1861
f 1865/1889/1863 1935/1960/1933 1934/1959/1932 1864/1888/1862
f 1866/1890/1864 1936/1961/1934 1935/1960/1933 1865/1889/1863
f 1867/1891/1865 1937/1962/1935 1936/1961/1934 1866/1890/1864
f 1868/1892/1866 1938/1963/1936 1937/1962/1935 1867/1891/1865
f 1869/1893/1867 1939/1964/1937 1938/1963/1936 1868/1892/1866
f 1870/1894/1868 1940/1965/1938 1939/1964/1937 1869/1893/1867
f 1871/1895/1869 1941/1966/1939 1940/1965/1938 1870/1894/1868
f 1872/1896/1870 1942/1967/1940 1941/1966/1939 1871/1895/1869
f 1873/1897/1871 1943/1968/1941 1942/1967/1940 1872/1896/1870
f 1874/1898/1872 1944/1969/1942 1943/1968/1941 1873/1897/1871
f 1875/1899/1873 1945/1970/1943 1944/1969/1942 1874/1898/1872
f 1876/1900/1874 1946/1971/1944 1945/1970/1943 1875/1899/1873
f 1877/1901/1875 1947/1972/1945 1946/1971/1944 1876/1900/1874
f 1878/1902/1876 1948/1973/1946 1947/1972/1945 1877/1901/1875
f 1879/1903/1877 1949/1974/1947 1948/1973/1946 1878/1902/1876
f 1880/1904/1878 1950/1975/1948 1949/1974/1947 1879/1903/1877
f 1881/1905/1879 1951/1976/1949 1950/1975/1948 1880/1904/1878
f 1882/1906/1880 1952/1977/1950 1951/1976/1949 1881/1905/1879
f 1883/1907/1881 1953/1978/1951 1952/1977/1950 1882/1906/1880
f 1884/1908/1882 1954/1979/1952 1953/1978/1951 1883/1907/1881
f 1885/1909/1883 1955/1980/1953 1954/1979/1952 1884/1908/1882
f 1886/1910/1884 1956/1981/1954 1955/1980/1953 1885/1909/1883
f 1887/1911/1885 1957/1982/1955 1956/1981/1954 1886/1910/1884
f 1888/1912/1886 1958/1983/1956 1957/1982/1955 1887/1911/1885
f 1889/1913/1887 1959/1984/1957 1958/1983/1956 1888/1912/1886
f 1890/1914/1888 1960/1985/1958 1959/1984/1957 1889/1913/1887
f 1891/1915/1889 1961/1986/1959 1960/1985/1958 1890/1914/1888
f 1892/1916/1890 1962/1987/1960 1961/1986/1959 1891/1915/1889
f 1823/1917/1821 1893/1988/1891 1962/1987/1960 1892/1916/1890
f 1894/1919/1892 1964/1990/1962 1963/1989/1961 1893/1918/1891
f 1895/1920/1893 1965/1991/1963 1964/1990/1962 1894/1919/1892
f 1896/1921/1894 1966/1992/1964 1965/1991/1963 1895/1920/1893
f 1897/1922/1895 1967/1993/1965 1966/1992/1964 1896/1921/1894
f 1898/1923/1896 1968/1994/1966 1967/1993/1965 1897/1922/1895
f 1899/1924/1897 1969/1995/1967 1968/1994/1966 1898/1923/1896
f 1900/1925/1898 1970/1996/1968 1969/1995/1967 1899/1924/1897
f 1901/1926/1899 1971/1997/1969 1970/1996/1968 1900/1925/1898
f 1902/1927/1900 1972/1998/1970 1971/1997/1969 1901/1926/1899
f 1903/1928/1901 1973/1999/1971 1972/1998/1970 1902/1927/1900
f 1904/1929/1902 1974/2000/1972 1973/1999/1971 1903/1928/1901
f 1905/1930/1903 1975/2001/1973 1974/2000/1972 1904/1929/1902
f 1906/1931/1904 1976/2002/1974 1975/2001/1973 1905/1930/1903
f 1907/1932/1905 1977/2003/1975 1976/2002/1974 1906/1931/1904
f 1908/1933/1906 1978/2004/1976 1977/2003/1975 1907/1932/1905
f 1909/1934/1907 1979/2005/1977 1978/2004/1976 1908/1933/1906
f 1910/1935/1908 1980/2006/1978 1979/2005/1977 1909/1934/1907
f 1911/1936/1909 1981/2007/1979 1980/2006/1978 1910/1935/1908
f 1912/1937/1910 1982/2008/1980 1981/2007/1979 1911/1936/1909
f 1913/1938/1911 1983/2009/1981 1982/2008/1980 1912/1937/1910
f 1914/1939/1912 1984/2010/1982 1983/2009/1981 1913/1938/1911
f 1915/1940/1913 1985/2011/1983 1984/2010/1982 1914/1939/1912
f 1916/1941/1914 1986/2012/1984 1985/2011/1983 1915/1940/1913
f 1917/1942/1915 1987/2013/1985 1986/2012/1984 1916/1941/1914
f 1918/1943/1916 1988/2014/1986 1987/2013/1985 1917/1942/1915
f 1919/1944/1917 1989/2015/1987 1988/2014/1986 1918/1943/1916
f 1920/1945/1918 1990/2016/1988 1989/2015/1987 1919/1944/1917
f 1921/1946/1919 1991/2017/1989 1990/2016/1988 1920/1945/1918
f 1922/1947/1920 1992/2018/1990 1991/2017/1989 1921/1946/1919
f 1923/1948/1921 1993/2019/1991 1992/2018/1990 1922/1947/1920
f 1924/1949/1922 1994/2020/1992 1993/2019/1991 1923/1948/1921
f 1925/1950/1923 1995/2021/1993 1994/2020/1992 1924/1949/1922
f 1926/1951/1924 1996/2022/1994 1995/2021/1993 1925/1950/1923
f 1927/1952/1925 1997/2023/1995 1996/2022/1994 1926/1951/1924
f 1928/1953/1926 1998/2024/1996 1997/2023/1995 1927/1952/1925
f 1929/1954/1927 1999/2025/1997 1998/2024/1996 1928/1953/1926
f 1930/1955/1928 2000/2026/1998 1999/2025/1997 1929/1954/1927
f 1931/1956/1929 2001/2027/1999 2000/2026/1998 1930/1955/1928
f 1932/1957/1930 2002/2028/2000 2001/2027/1999 1931/1956/1929
f 1933/1958/1931 2003/2029/2001 2002/2028/2000 1932/1957/1930
f 1934/1959/1932 2004/2030/2002 2003/2029/2001 1933/1958/1931
f 1935/1960/1933 2005/2031/2003 2004/2030/2002 1934/1959/1932
f 1936/1961/1934 2006/2032/2004 2005/2031/2003 1935/1960/1933
f 1937/1962/1935 2007/2033/2005 2006/2032/2004 1936/1961/1934
f 1938/1963/1936 2008/2034/2006 2007/2033/2005 1937/1962/1935
f 1939/1964/1937 2009/2035/2007 2008/2034/2006 1938/1963/1936
f 1940/1965/1938 2010/2036/2008 2009/2035/2007 1939/1964/1937
f 1941/1966/1939 2011/2037/2009 2010/2036/2008 1940/1965/1938
f 1942/1967/1940 2012/2038/2010 2011/2037/2009 1941/1966/1939
f 1943/1968/1941 2013/2039/2011 2012/2038/2010 1942/1967/1940
f 1944/1969/1942 2014/2040/2012 2013/2039/2011 1943/1968/1941
f 1945/1970/1943 2015/2041/2013 2014/2040/2012 1944/1969/1942
f 1946/1971/1944 2016/2042/2014 2015/2041/2013 1945/1970/1943
f 1947/1972/1945 2017/2043/2015 2016/2042/2014 1946/1971/1944
f 1948/1973/1946 2018/2044/2016 2017/2043/2015 1947/1972/1945
f 1949/1974/1947 2019/2045/2017 2018/2044/2016 1948/1973/1946
f 1950/1975/1948 2020/2046/2018 2019/2045/2017 1949/1974/1947
f 1951/1976/1949 2021/2047/2019 2020/2046/2018 1950/1975/1948
f 1952/1977/1950 2022/2048/2020 2021/2047/2019 1951/1976/1949
f 1953/1978/1951 2023/2049/2021 2022/2048/2020 1952/1977/1950
f 1954/1979/1952 2024/2050/2022 2023/2049/2021 1953/1978/1951
f 1955/1980/1953 2025/2051/2023 2024/2050/2022 1954/1979/1952
f 1956/1981/1954 2026/2052/2024 2025/2051/2023 1955/1980/1953
f 1957/1982/1955 2027/2053/2025 2026/2052/2024 1956/1981/1954
f 1958/1983/1956 2028/2054/2026 2027/2053/2025 1957/1982/1955
f 1959/1984/1957 2029/2055/2027 2028/2054/2026 1958/1983/1956
f 1960/1985/1958 2030/2056/2028 2029/2055/2027 1959/1984/1957
f 1961/1986/1959 2031/2057/2029 2030/2056/2028 1960/1985/1958
f 1962/1987/1960 2032/2058/2030 2031/2057/2029 1961/1986/1959
f 1893/1988/1891 1963/2059/1961 2032/2058/2030 1962/1987/1960
f 1964/1990/1962 2034/2061/2032 2033/2060/2031 1963/1989/1961
f 1965/1991/1963 2035/2062/2033 2034/2061/2032 1964/1990/1962
f 1966/1992/1964 2036/2063/2034 2035/2062/2033 1965/1991/1963
f 1967/1993/1965 2037/2064/2035 2036/2063/2034 1966/1992/1964
f 1968/1994/1966 2038/2065/2036 2037/2064/2035 1967/1993/1965
f 1969/1995/1967 2039/2066/2037 2038/2065/2036 1968/1994/1966
f 1970/1996/1968 2040/2067/2038 2039/2066/2037 1969/1995/1967
f 1971/1997/1969 2041/2068/2039 2040/2067/2038 1970/1996/1968
f 1972/1998/1970 2042/2069/2040 2041/2068/2039 1971/1997/1969
f 1973/1999/1971 2043/2070/2041 2042/2069/2040 1972/1998/1970
f 1974/2000/1972 2044/2071/2042 2043/2070/2041 1973/1999/1971
f 1975/2001/1973 2045/2072/2043 2044/2071/2042 1974/2000/1972
f 1976/2002/1974 2046/2073/2044 2045/2072/2043 1975/2001/1973
f 1977/2003/1975 2047/2074/2045 2046/2073/2044 1976/2002/1974
f 1978/2004/1976 2048/2075/2046 2047/2074/2045 1977/2003/1975
f 1979/2005/1977 2049/2076/2047 2048/2075/2046 1978/2004/1976
f 1980/2006/1978 2050/2077/2048 2049/2076/2047 1979/2005/1977
f 1981/2007/1979 2051/2078/2049 2050/2077/2048 1980/2006/1978
f 1982/2008/1980 2052/2079/2050 2051/2078/2049 1981/2007/1979
f 1983/2009/1981 2053/2080/2051 2052/2079/2050 1982/2008/1980
f 1984/2010/1982 2054/2081/2052 2053/2080/2051 1983/2009/1981
f 1985/2011/1983 2055/2082/2053 2054/2081/2052 1984/2010/1982
f 1986/2012/1984 2056/2083/2054 2055/2082/2053 1985/2011/1983
f 1987/2013/1985 2057/2084/2055 2056/2083/2054 1986/2012/1984
f 1988/2014/1986 2058/2085/2056 2057/2084/2055 1987/2013/1985
f 1989/2015/1987 2059/2086/2057 2058/2085/2056 1988/2014/1986
f 1990/2016/1988 2060/2087/2058 2059/2086/2057 1989/2015/1987
f 1991/2017/1989 2061/2088/2059 2060/2087/2058 1990/2016/1988
f 1992/2018/1990 2062/2089/2060 2061/2088/2059 1991/2017/1989
f 1993/2019/1991 2063/2090/2061 2062/2089/2060 1992/2018/1990
f 1994/2020/1992 2064/2091/2062 2063/2090/2061 1993/2019/1991
f 1995/2021/1993 2065/2092/2063 2064/2091/2062 1994/2020/1992
f 1996/2022/1994 2066/2093/2064 2065/2092/2063 1995/2021/1993
f 1997/2023/1995 2067/2094/2065 2066/2093/2064 1996/2022/1994
f 1998/2024/1996 2068/2095/2066 2067/2094/2065 1997/2023/1995
f 1999/2025/1997 2069/2096/2067 2068/2095/2066 1998/2024/1996
f 2000/2026/1998 2070/2097/2068 2069/2096/2067 1999/2025/1997
f 2001/2027/1999 2071/2098/2069 2070/2097/2068 2000/2026/1998
f 2002/2028/2000 2072/2099/2070 2071/2098/2069 2001/2027/1999
f 2003/2029/2001 2073/2100/2071 2072/2099/2070 2002/2028/2000
f 2004/2030/2002 2074/2101/2072 2073/2100/2071 2003/2029/2001
f 2005/2031/2003 2075/2102/2073 2074/2101/2072 2004/2030/2002
f 2006/2032/2004 2076/2103/2074 2075/2102/2073 2005/2031/2003
f 2007/2033/2005 2077/2104/2075 2076/2103/2074 2006/2032/2004
f 2008/2034/2006 2078/2105/2076 2077/2104/2075 2007/2033/2005
f 2009/2035/2007 2079/2106/2077 2078/2105/2076 2008/2034/2006
f 2010/2036/2008 2080/2107/2078 2079/2106/2077 2009/2035/2007
f 2011/2037/2009 2081/2108/2079 2080/2107/2078 2010/2036/2008
f 2012/2038/2010 2082/2109/2080 2081/2108/2079 2011/2037/2009
f 2013/2039/2011 2083/2110/2081 2082/2109/2080 2012/2038/2010
f 2014/2040/2012 2084/2111/2082 2083/2110/2081 2013/2039/2011
f 2015/2041/2013 2085/2112/2083 2084/2111/2082 2014/2040/2012
f 2016/2042/2014 2086/2113/2084 2085/2112/2083 2015/2041/2013
f 2017/2043/2015 2087/2114/2085 2086/2113/2084 2016/2042/2014
f 2018/2044/2016 2088/2115/2086 2087/2114/2085 2017/2043/2015
f 2019/2045/2017 2089/2116/2087 2088/2115/2086 2018/2044/2016
f 2020/2046/2018 2090/2117/2088 2089/2116/2087 2019/2045/2017
f 2021/2047/2019 2091/2118/2089 2090/2117/2088 2020/2046/2018
f 2022/2048/2020 2092/2119/2090 2091/2118/2089 2021/2047/2019
f 2023/2049/2021 2093/2120/2091 2092/2119/2090 2022/2048/2020
f 2024/2050/2022 2094/2121/2092 2093/2120/2091 2023/2049/2021
f 2025/2051/2023 2095/2122/2093 2094/2121/2092 2024/2050/2022
f 2026/2052/2024 2096/2123/2094 2095/2122/2093 2025/2051/2023
f 2027/2053/2025 2097/2124/2095 2096/2123/2094 2026/2052/2024
f 2028/2054/2026 2098/2125/2096 2097/2124/2095 2027/2053/2025
f 2029/2055/2027 2099/2126/2097 2098/2125/2096 2028/2054/2026
f 2030/2056/2028 2100/2127/2098 2099/2126/2097 2029/2055/2027
f 2031/2057/2029 2101/2128/2099 2100/2127/2098 2030/2056/2028
f 2032/2058/2030 2102/2129/2100 2101/2128/2099 2031/2057/2029
f 1963/2059/1961 2033/2130/2031 2102/2129/2100 2032/2058/2030
f 2034/2061/2032 2104/2132/2102 2103/2131/2101 2033/2060/2031
f 2035/2062/2033 2105/2133/2103 2104/2132/2102 2034/2061/2032
f 2036/2063/2034 2106/2134/2104 2105/2133/2103 2035/2062/2033
f 2037/2064/2035 2107/2135/2105 2106/2134/2104 2036/2063/2034
f 2038/2065/2036 2108/2136/2106 2107/2135/2105 2037/2064/2035
f 2039/2066/2037 2109/2137/2107 2108/2136/2106 2038/2065/2036
f 2040/2067/2038 2110/2138/2108 2109/2137/2107 2039/2066/2037
f 2041/2068/2039 2111/2139/2109 2110/2138/2108 2040/2067/2038
f 2042/2069/2040 2112/2140/2110 2111/2139/2109 2041/2068/2039
f 2043/2070/2041 2113/2141/2111 2112/2140/2110 2042/2069/2040
f 2044/2071/2042 2114/2142/2112 2113/2141/2111 2043/2070/2041
f 2045/2072/2043 2115/2143/2113 2114/2142/2112 2044/2071/2042
f 2046/2073/2044 2116/2144/2114 2115/2143/2113 2045/2072/2043
f 2047/2074/2045 2117/2145/2115 2116/2144/2114 2046/2073/2044
f 2048/2075/2046 2118/2146/2116 2117/2145/2115 2047/2074/2045
f 2049/2076/2047 2119/2147/2117 2118/2146/2116 2048/2075/2046
f 2050/2077/2048 2120/2148/2118 2119/2147/2117 2049/2076/2047
f 2051/2078/2049 2121/2149/2119 2120/2148/2118 2050/2077/2048
f 2052/2079/2050 2122/2150/2120 2121/2149/2119 2051/2078/2049
f 2053/2080/2051 2123/2151/2121 2122/2150/2120 2052/2079/2050
f 2054/2081/2052 2124/2152/2122 2123/2151/2121 2053/2080/2051
f 2055/2082/2053 2125/2153/2123 2124/2152/2122 2054/2081/2052
f 2056/2083/2054 2126/2154/2124 2125/2153/2123 2055/2082/2053
f 2057/2084/2055 2127/2155/2125 2126/2154/2124 2056/2083/2054
f 2058/2085/2056 2128/2156/2126 2127/2155/2125 2057/2084/2055
f 2059/2086/2057 2129/2157/2127 2128/2156/2126 2058/2085/2056
f 2060/2087/2058 2130/2158/2128 2129/2157/2127 2059/2086/2057
f 2061/2088/2059 2131/2159/2129 2130/2158/2128 2060/2087/2058
f 2062/2089/2060 2132/2160/2130 2131/2159/2129 2061/2088/2059
f 2063/2090/2061 2133/2161/2131 2132/2160/2130 2062/2089/2060
f 2064/2091/2062 2134/2162/2132 2133/2161/2131 2063/2090/2061
f 2065/2092/2063 2135/2163/2133 2134/2162/2132 2064/2091/2062
f 2066/2093/2064 2136/2164/2134 2135/2163/2133 2065/2092/2063
f 2067/2094/2065 2137/2165/2135 2136/2164/2134 2066/2093/2064
f 2068/2095/2066 2138/2166/2136 2137/2165/2135 2067/2094/2065
f 2069/2096/2067 2139/2167/2137 2138/2166/2136 2068/2095/2066
f 2070/2097/2068 2140/2168/2138 2139/2167/2137 2069/2096/2067
f 2071/2098/2069 2141/2169/2139 2140/2168/2138 2070/2097/2068
f 2072/2099/2070 2142/2170/2140 2141/2169/2139 2071/2098/2069
f 2073/2100/2071 2143/2171/2141 2142/2170/2140 2072/2099/2070
f 2074/2101/2072 2144/2172/2142 2143/2171/2141 2073/2100/2071
f 2075/2102/2073 2145/2173/2143 2144/2172/2142 2074/2101/2072
f 2076/2103/2074 2146/2174/2144 2145/2173/2143 2075/2102/2073
f 2077/2104/2075 2147/2175/2145 2146/2174/2144 2076/2103/2074
f 2078/2105/2076 2148/2176/2146 2147/2175/2145 2077/2104/2075
f 2079/2106/2077 2149/2177/2147 2148/2176/2146 2078/2105/2076
f 2080/2107/2078 2150/2178/2148 2149/2177/2147 2079/2106/2077
f 2081/2108/2079 2151/2179/2149 2150/2178/2148 2080/2107/2078
f 2082/2109/2080 2152/2180/2150 2151/2179/2149 2081/2108/2079
f 2083/2110/2081 2153/2181/2151 2152/2180/2150 2082/2109/2080
f 2084/2111/2082 2154/2182/2152 2153/2181/2151 2083/2110/2081
f 2085/2112/2083 2155/2183/2153 2154/2182/2152 2084/2111/2082
f 2086/2113/2084 2156/2184/2154 2155/2183/2153 2085/2112/2083
f 2087/2114/2085 2157/2185/2155 2156/2184/2154 2086/2113/2084
f 2088/2115/2086 2158/2186/2156 2157/2185/2155 2087/2114/2085
f 2089/2116/2087 2159/2187/2157 2158/2186/2156 2088/2115/2086
f 2090/2117/2088 2160/2188/2158 2159/2187/2157 2089/2116/2087
f 2091/2118/2089 2161/2189/2159 2160/2188/2158 2090/2117/2088
f 2092/2119/2090 2162/2190/2160 2161/2189/2159 2091/2118/2089
f 2093/2120/2091 2163/2191/2161 2162/2190/2160 2092/2119/2090
f 2094/2121/2092 2164/2192/2162 2163/2191/2161 2093/2120/2091
f 2095/2122/2093 2165/2193/2163 2164/2192/2162 2094/2121/2092
f 2096/2123/2094 2166/2194/2164 2165/2193/2163 2095/2122/2093
f 2097/2124/2095 2167/2195/2165 2166/2194/2164 2096/2123/2094
f 2098/2125/2096 2168/2196/2166 2167/2195/2165 2097/2124/2095
f 2099/2126/2097 2169/2197/2167 2168/2196/2166 2098/2125/2096
f 2100/2127/2098 2170/2198/2168 2169/2197/2167 2099/2126/2097
f 2101/2128/2099 2171/2199/2169 2170/2198/2168 2100/2127/2098
f 2102/2129/2100 2172/2200/2170 2171/2199/2169 2101/2128/2099
f 2033/2130/2031 2103/2201/2101 2172/2200/2170 2102/2129/2100
f 2104/2132/2102 2174/2203/2172 2173/2202/2171 2103/2131/2101
f 2105/2133/2103 2175/2204/2173 2174/2203/2172 2104/2132/2102
f 2106/2134/2104 2176/2205/2174 2175/2204/2173 2105/2133/2103
f 2107/2135/2105 2177/2206/2175 2176/2205/2174 2106/2134/2104
f 2108/2136/2106 2178/2207/2176 2177/2206/2175 2107/2135/2105
f 2109/2137/2107 2179/2208/2177 2178/2207/2176 2108/2136/2106
f 2110/2138/2108 2180/2209/2178 2179/2208/2177 2109/2137/2107
f 2111/2139/2109 2181/2210/2179 2180/2209/2178 2110/2138/2108
f 2112/2140/2110 2182/2211/2180 2181/2210/2179 2111/2139/2109
f 2113/2141/2111 2183/2212/2181 2182/2211/2180 2112/2140/2110
f 2114/2142/2112 2184/2213/2182 2183/2212/2181 2113/2141/2111
f 2115/2143/2113 2185/2214/2183 2184/2213/2182 2114/2142/2112
f 2116/2144/2114 2186/2215/2184 2185/2214/2183 2115/2143/2113
f 2117/2145/2115 2187/2216/2185 2186/2215/2184 2116/2144/2114
f 2118/2146/2116 2188/2217/2186 2187/2216/2185 2117/2145/2115
f 2119/2147/2117 2189/2218/2187 2188/2217/2186 2118/2146/2116
f 2120/2148/2118 2190/2219/2188 2189/2218/2187 2119/2147/2117
f 2121/2149/2119 2191/2220/2189 2190/2219/2188 2120/2148/2118
f 2122/2150/2120 2192/2221/2190 2191/2220/2189 2121/2149/2119
f 2123/2151/2121 2193/2222/2191 2192/2221/2190 2122/2150/2120
f 2124/2152/2122 2194/2223/2192 2193/2222/2191 2123/2151/2121
f 2125/2153/2123 2195/2224/2193 2194/2223/2192 2124/2152/2122
f 2126/2154/2124 2196/2225/2194 2195/2224/2193 2125/2153/2123
f 2127/2155/2125 2197/2226/2195 2196/2225/2194 2126/2154/2124
f 2128/2156/2126 2198/2227/2196 2197/2226/2195 2127/2155/2125
f 2129/2157/2127 2199/2228/2197 2198/2227/2196 2128/2156/2126
f 2130/2158/2128 2200/2229/2198 2199/2228/2197 2129/2157/2127
f 2131/2159/2129 2201/2230/2199 2200/2229/2198 2130/2158/2128
f 2132/2160/2130 2202/2231/2200 2201/2230/2199 2131/2159/2129
f 2133/2161/2131 2203/2232/2201 2202/2231/2200 2132/2160/2130
f 2134/2162/2132 2204/2233/2202 2203/2232/2201 2133/2161/2131
f 2135/2163/2133 2205/2234/2203 2204/2233/2202 2134/2162/2132
f 2136/2164/2134 2206/2235/2204 2205/2234/2203 2135/2163/2133
f 2137/2165/2135 2207/2236/2205 2206/2235/2204 2136/2164/2134
f 2138/2166/2136 2208/2237/2206 2207/2236/2205 2137/2165/2135
f 2139/2167/2137 2209/2238/2207 2208/2237/2206 2138/2166/2136
f 2140/2168/2138 2210/2239/2208 2209/2238/2207 2139/2167/2137
f 2141/2169/2139 2211/2240/2209 2210/2239/2208 2140/2168/2138
f 2142/2170/2140 2212/2241/2210 2211/2240/2209 2141/2169/2139
f 2143/2171/2141 2213/2242/2211 2212/2241/2210 2142/2170/2140
f 2144/2172/2142 2214/2243/2212 2213/2242/2211 2143/2171/2141
f 2145/2173/2143 2215/2244/2213 2214/2243/2212 2144/2172/2142
f 2146/2174/2144 2216/2245/2214 2215/2244/2213 2145/2173/2143
f 2147/2175/2145 2217/2246/2215 2216/2245/2214 2146/2174/2144
f 2148/2176/2146 2218/2247/2216 2217/2246/2215 2147/2175/2145
f 2149/2177/2147 2219/2248/2217 2218/2247/2216 2148/2176/2146
f 2150/2178/2148 2220/2249/2218 2219/2248/2217 2149/2177/2147
f 2151/2179/2149 2221/2250/2219 2220/2249/2218 2150/2178/2148
f 2152/2180/2150 2222/2251/2220 2221/2250/2219 2151/2179/2149
f 2153/2181/2151 2223/2252/2221 2222/2251/2220 2152/2180/2150
f 2154/2182/2152 2224/2253/2222 2223/2252/2221 2153/2181/2151
f 2155/2183/2153 2225/2254/2223 2224/2253/2222 2154/2182/2152
f 2156/2184/2154 2226/2255/2224 2225/2254/2223 2155/2183/2153
f 2157/2185/2155 2227/2256/2225 2226/2255/2224 2156/2184/2154
f 2158/2186/2156 2228/2257/2226 2227/2256/2225 2157/2185/2155
f 2159/2187/2157 2229/2258/2227 2228/2257/2226 2158/2186/2156
f 2160/2188/2158 2230/2259/2228 2229/2258/2227 2159/2187/2157
f 2161/2189/2159 2231/2260/2229 2230/2259/2228 2160/2188/2158
f 2162/2190/2160 2232/2261/2230 2231/2260/2229 2161/2189/2159
f 2163/2191/2161 2233/2262/2231 2232/2261/2230 2162/2190/2160
f 2164/2192/2162 2234/2263/2232 2233/2262/2231 2163/2191/2161
f 2165/2193/2163 2235/2264/2233 2234/2263/2232 2164/2192/2162
f 2166/2194/2164 2236/2265/2234 2235/2264/2233 2165/2193/2163
f 2167/2195/2165 2237/2266/2235 2236/2265/2234 2166/2194/2164
f 2168/2196/2166 2238/2267/2236 2237/2266/2235 2167/2195/2165
f 2169/2197/2167 2239/2268/2237 2238/2267/2236 2168/2196/2166
f 2170/2198/2168 2240/2269/2238 2239/2268/2237 2169/2197/2167
f 2171/2199/2169 2241/2270/2239 2240/2269/2238 2170/2198/2168
f 2172/2200/2170 2242/2271/2240 2241/2270/2239 2171/2199/2169
f 2103/2201/2101 2173/2272/2171 2242/2271/2240 2172/2200/2170
f 2174/2203/2172 2244/2274/2242 2243/2273/2241 2173/2202/2171
f 2175/2204/2173 2245/2275/2243 2244/2274/2242 2174/2203/2172
f 2176/2205/2174 2246/2276/2244 2245/2275/2243 2175/2204/2173
f 2177/2206/2175 2247/2277/2245 2246/2276/2244 2176/2205/2174
f 2178/2207/2176 2248/2278/2246 2247/2277/2245 2177/2206/2175
f 2179/2208/2177 2249/2279/2247 2248/2278/2246 2178/2207/2176
f 2180/2209/2178 2250/2280/2248 2249/2279/2247 2179/2208/2177
f 2181/2210/2179 2251/2281/2249 2250/2280/2248 2180/2209/2178
f 2182/2211/2180 2252/2282/2250 2251/2281/2249 2181/2210/2179
f 2183/2212/2181 2253/2283/2251 2252/2282/2250 2182/2211/2180
f 2184/2213/2182 2254/2284/2252 2253/2283/2251 2183/2212/2181
f 2185/2214/2183 2255/2285/2253 2254/2284/2252 2184/2213/2182
f 2186/2215/2184 2256/2286/2254 2255/2285/2253 2185/2214/2183
f 2187/2216/2185 2257/2287/2255 2256/2286/2254 2186/2215/2184
f 2188/2217/2186 2258/2288/2256 2257/2287/2255 2187/2216/2185
f 2189/2218/2187 2259/2289/2257 2258/2288/2256 2188/2217/2186
f 2190/2219/2188 2260/2290/2258 2259/2289/2257 2189/2218/2187
f 2191/2220/2189 2261/2291/2259 2260/2290/2258 2190/2219/2188
f 2192/2221/2190 2262/2292/2260 2261/2291/2259 2191/2220/2189
f 2193/2222/2191 2263/2293/2261 2262/2292/2260 2192/2221/2190
f 2194/2223/2192 2264/2294/2262 2263/2293/2261 2193/2222/2191
f 2195/2224/2193 2265/2295/2263 2264/2294/2262 2194/2223/2192
f 2196/2225/2194 2266/2296/2264 2265/2295/2263 2195/2224/2193
f 2197/2226/2195 2267/2297/2265 2266/2296/2264 2196/2225/2194
f 2198/2227/2196 2268/2298/2266 2267/2297/2265 2197/2226/2195
f 2199/2228/2197 2269/2299/2267 2268/2298/2266 2198/2227/2196
f 2200/2229/2198 2270/2300/2268 2269/2299/2267 2199/2228/2197
f 2201/2230/2199 2271/2301/2269 2270/2300/2268 2200/2229/2198
f 2202/2231/2200 2272/2302/2270 2271/2301/2269 2201/2230/2199
f 2203/2232/2201 2273/2303/2271 2272/2302/2270 2202/2231/2200
f 2204/2233/2202 2274/2304/2272 2273/2303/2271 2203/2232/2201
f 2205/2234/2203 2275/2305/2273 2274/2304/2272 2204/2233/2202
f 2206/2235/2204 2276/2306/2274 2275/2305/2273 2205/2234/2203
f 2207/2236/2205 2277/2307/2275 2276/2306/2274 2206/2235/2204
f 2208/2237/2206 2278/2308/2276 2277/2307/2275 2207/2236/2205
f 2209/2238/2207 2279/2309/2277 2278/2308/2276 2208/2237/2206
f 2210/2239/2208 2280/2310/2278 2279/2309/2277 2209/2238/2207
f 2211/2240/2209 2281/2311/2279 2280/2310/2278 2210/2239/2208
f 2212/2241/2210 2282/2312/2280 2281/2311/2279 2211/2240/2209
f 2213/2242/2211 2283/2313/2281 2282/2312/2280 2212/2241/2210
f 2214/2243/2212 2284/2314/2282 2283/2313/2281 2213/2242/2211
f 2215/2244/2213 2285/2315/2283 2284/2314/2282 2214/2243/2212
f 2216/2245/2214 2286/2316/2284 2285/2315/2283 2215/2244/2213
f 2217/2246/2215 2287/2317/2285 2286/2316/2284 2216/2245/2214
f 2218/2247/2216 2288/2318/2286 2287/2317/2285 2217/2246/2215
f 2219/2248/2217 2289/2319/2287 2288/2318/2286 2218/2247/2216
f 2220/2249/2218 2290/2320/2288 2289/2319/2287 2219/2248/2217
f 2221/2250/2219 2291/2321/2289 2290/2320/2288 2220/2249/2218
f 2222/2251/2220 2292/2322/2290 2291/2321/2289 2221/2250/2219
f 2223/2252/2221 2293/2323/2291 2292/2322/2290 2222/2251/2220
f 2224/2253/2222 2294/2324/2292 2293/2323/2291 2223/2252/2221
f 2225/2254/2223 2295/2325/2293 2294/2324/2292 2224/2253/2222
f 2226/2255/2224 2296/2326/2294 2295/2325/2293 2225/2254/2223
f 2227/2256/2225 2297/2327/2295 2296/2326/2294 2226/2255/2224
f 2228/2257/2226 2298/2328/2296 2297/2327/2295 2227/2256/2225
f 2229/2258/2227 2299/2329/2297 2298/2328/2296 2228/2257/2226
f 2230/2259/2228 2300/2330/2298 2299/2329/2297 2229/2258/2227
f 2231/2260/2229 2301/2331/2299 2300/2330/2298 2230/2259/2228
f 2232/2261/2230 2302/2332/2300 2301/2331/2299 2231/2260/2229
f 2233/2262/2231 2303/2333/2301 2302/2332/2300 2232/2261/2230
f 2234/2263/2232 2304/2334/2302 2303/2333/2301 2233/2262/2231
f 2235/2264/2233 2305/2335/2303 2304/2334/2302 2234/2263/2232
f 2236/2265/2234 2306/2336/2304 2305/2335/2303 2235/2264/2233
f 2237/2266/2235 2307/2337/2305 2306/2336/2304 2236/2265/2234
f 2238/2267/2236 2308/2338/2306 2307/2337/2305 2237/2266/2235
f 2239/2268/2237 2309/2339/2307 2308/2338/2306 2238/2267/2236
f 2240/2269/2238 2310/2340/2308 2309/2339/2307 2239/2268/2237
f 2241/2270/2239 2311/2341/2309 2310/2340/2308 2240/2269/2238
f 2242/2271/2240 2312/2342/2310 2311/2341/2309 2241/2270/2239
f 2173/2272/2171 2243/2343/2241 2312/2342/2310 2242/2271/2240
f 2244/2274/2242 2314/2345/2312 2313/2344/2311 2243/2273/2241
f 2245/2275/2243 2315/2346/2313 2314/2345/2312 2244/2274/2242
f 2246/2276/2244 2316/2347/2314 2315/2346/2313 2245/2275/2243
f 2247/2277/2245 2317/2348/2315 2316/2347/2314 2246/2276/2244
f 2248/2278/2246 2318/2349/2316 2317/2348/2315 2247/2277/2245
f 2249/2279/2247 2319/2350/2317 2318/2349/2316 2248/2278/2246
f 2250/2280/2248 2320/2351/2318 2319/2350/2317 2249/2279/2247
f 2251/2281/2249 2321/2352/2319 2320/2351/2318 2250/2280/2248
f 2252/2282/2250 2322/2353/2320 2321/2352/2319 2251/2281/2249
f 2253/2283/2251 2323/2354/2321 2322/2353/2320 2252/2282/2250
f 2254/2284/2252 2324/2355/2322 2323/2354/2321 2253/2283/2251
f 2255/2285/2253 2325/2356/2323 2324/2355/2322 2254/2284/2252
f 2256/2286/2254 2326/2357/2324 2325/2356/2323 2255/2285/2253
f 2257/2287/2255 2327/2358/2325 2326/2357/2324 2256/2286/2254
f 2258/2288/2256 2328/2359/2326 2327/2358/2325 2257/2287/2255
f 2259/2289/2257 2329/2360/2327 2328/2359/2326 2258/2288/2256
f 2260/2290/2258 2330/2361/2328 2329/2360/2327 2259/2289/2257
f 2261/2291/2259 2331/2362/2329 2330/2361/2328 2260/2290/2258
f 2262/2292/2260 2332/2363/2330 2331/2362/2329 2261/2291/2259
f 2263/2293/2261 2333/2364/2331 2332/2363/2330 2262/2292/2260
f 2264/2294/2262 2334/2365/2332 2333/2364/2331 2263/2293/2261
f 2265/2295/2263 2335/2366/2333 2334/2365/2332 2264/2294/2262
f 2266/2296/2264 2336/2367/2334 2335/2366/2333 2265/2295/2263
f 2267/2297/2265 2337/2368/2335 2336/2367/2334 2266/2296/2264
f 2268/2298/2266 2338/2369/2336 2337/2368/2335 2267/2297/2265
f 2269/2299/2267 2339/2370/2337 2338/2369/2336 2268/2298/2266
f 2270/2300/2268 2340/2371/2338 2339/2370/2337 2269/2299/2267
f 2271/2301/2269 2341/2372/2339 2340/2371/2338 2270/2300/2268
f 2272/2302/2270 2342/2373/2340 2341/2372/2339 2271/2301/2269
f 2273/2303/2271 2343/2374/2341 2342/2373/2340 2272/2302/2270
f 2274/2304/2272 2344/2375/2342 2343/2374/2341 2273/2303/2271
f 2275/2305/2273 2345/2376/2343 2344/2375/2342 2274/2304/2272
f 2276/2306/2274 2346/2377/2344 2345/2376/2343 2275/2305/2273
f 2277/2307/2275 2347/2378/2345 2346/2377/2344 2276/2306/2274
f 2278/2308/2276 2348/2379/2346 2347/2378/2345 2277/2307/2275
f 2279/2309/2277 2349/2380/2347 2348/2379/2346 2278/2308/2276
f 2280/2310/2278 2350/2381/2348 2349/2380/2347 2279/2309/2277
f 2281/2311/2279 2351/2382/2349 2350/2381/2348 2280/2310/2278
f 2282/2312/2280 2352/2383/2350 2351/2382/2349 2281/2311/2279
f 2283/2313/2281 2353/2384/2351 2352/2383/2350 2282/2312/2280
f 2284/2314/2282 2354/2385/2352 2353/2384/2351 2283/2313/2281
f 2285/2315/2283 2355/2386/2353 2354/2385/2352 2284/2314/2282
f 2286/2316/2284 2356/2387/2354 2355/2386/2353 2285/2315/2283
f 2287/2317/2285 2357/2388/2355 2356/2387/2354 2286/2316/2284
f 2288/2318/2286 2358/2389/2356 2357/2388/2355 2287/2317/2285
f 2289/2319/2287 2359/2390/2357 2358/2389/2356 2288/2318/2286
f 2290/2320/2288 2360/2391/2358 2359/2390/2357 2289/2319/2287
f 2291/2321/2289 2361/2392/2359 2360/2391/2358 2290/2320/2288
f 2292/2322/2290 2362/2393/2360 2361/2392/2359 2291/2321/2289
f 2293/2323/2291 2363/2394/2361 2362/2393/2360 2292/2322/2290
f 2294/2324/2292 2364/2395/2362 2363/2394/2361 2293/2323/2291
f 2295/2325/2293 2365/2396/2363 2364/2395/2362 2294/2324/2292
f 2296/2326/2294 2366/2397/2364 2365/2396/2363 2295/2325/2293
f 2297/2327/2295 2367/2398/2365 2366/2397/2364 2296/2326/2294
f 2298/2328/2296 2368/2399/2366 2367/2398/2365 2297/2327/2295
f 2299/2329/2297 2369/2400/2367 2368/2399/2366 2298/2328/2296
f 2300/2330/2298 2370/2401/2368 2369/2400/2367 2299/2329/2297
f 2301/2331/2299 2371/2402/2369 2370/2401/2368 2300/2330/2298
f 2302/2332/2300 2372/2403/2370 2371/2402/2369 2301/2331/2299
f 2303/2333/2301 2373/2404/2371 2372/2403/2370 2302/2332/2300
f 2304/2334/2302 2374/2405/2372 2373/2404/2371 2303/2333/2301
f 2305/2335/2303 2375/2406/2373 2374/2405/2372 2304/2334/2302
f 2306/2336/2304 2376/2407/2374 2375/2406/2373 2305/2335/2303
f 2307/2337/2305 2377/2408/2375 2376/2407/2374 2306/2336/2304
f 2308/2338/2306 2378/2409/2376 2377/2408/2375 2307/2337/2305
f 2309/2339/2307 2379/2410/2377 2378/2409/2376 2308/2338/2306
f 2310/2340/2308 2380/2411/2378 2379/2410/2377 2309/2339/2307
f 2311/2341/2309 2381/2412/2379 2380/2411/2378 2310/2340/2308
f 2312/2342/2310 2382/2413/2380 2381/2412/2379 2311/2341/2309
f 2243/2343/2241 2313/2414/2311 2382/2413/2380 2312/2342/2310
f 4/4/4 3/1/1 1/2415/2381
f 2/2416/2383 2313/2344/2311 2314/2345/2312
f 5/6/6 4/4/4 1/2417/2381
f 2/2418/2383 2314/2345/2312 2315/2346/2313
f 6/8/8 5/6/6 1/2419/2381
f 2/2420/2383 2315/2346/2313 2316/2347/2314
f 7/10/10 6/8/8 1/2421/2381
f 2/2422/2383 2316/2347/2314 2317/2348/2315
f 8/12/12 7/10/10 1/2423/2381
f 2/2424/2383 2317/2348/2315 2318/2349/2316
f 9/14/14 8/12/12 1/2425/2381
f 2/2426/2383 2318/2349/2316 2319/2350/2317
f 10/16/16 9/14/14 1/2427/2381
f 2/2428/2383 2319/2350/2317 2320/2351/2318
f 11/18/18 10/16/16 1/2429/2381
f 2/2430/2383 2320/2351/2318 2321/2352/2319
f 12/20/20 11/18/18 1/2431/2381
f 2/2432/2383 2321/2352/2319 2322/2353/2320
f 13/22/22 12/20/20 1/2433/2381
f 2/2434/2383 2322/2353/2320 2323/2354/2321
f 14/24/24 13/22/22 1/2435/2381
f 2/2436/2383 2323/2354/2321 2324/2355/2322
f 15/26/26 14/24/24 1/2437/2381
f 2/2438/2383 2324/2355/2322 2325/2356/2323
f 16/28/28 15/26/26 1/2439/2381
f 2/2440/2383 2325/2356/2323 2326/2357/2324
f 17/30/30 16/28/28 1/2441/2381
f 2/2442/2383 2326/2357/2324 2327/2358/2325
f 18/32/32 17/30/30 1/2443/2381
f 2/2444/2383 2327/2358/2325 2328/2359/2326
f 19/34/34 18/32/32 1/2445/2381
f 2/2446/2383 2328/2359/2326 2329/2360/2327
f 20/36/36 19/34/34 1/2447/2381
f 2/2448/2383 2329/2360/2327 2330/2361/2328
f 21/38/38 20/36/36 1/2449/2381
f 2/2450/2383 2330/2361/2328 2331/2362/2329
f 22/40/40 21/38/38 1/2451/2381
f 2/2452/2383 2331/2362/2329 2332/2363/2330
f 23/42/42 22/40/40 1/2453/2381
f 2/2454/2383 2332/2363/2330 2333/2364/2331
f 24/44/44 23/42/42 1/2455/2381
f 2/2456/2383 2333/2364/2331 2334/2365/2332
f 25/46/46 24/44/44 1/2457/2381
f 2/2458/2383 2334/2365/2332 2335/2366/2333
f 26/48/48 25/46/46 1/2459/2381
f 2/2460/2383 2335/2366/2333 2336/2367/2334
f 27/50/50 26/48/48 1/2461/2381
f 2/2462/2383 2336/2367/2334 2337/2368/2335
f 28/52/52 27/50/50 1/2463/2381
f 2/2464/2383 2337/2368/2335 2338/2369/2336
f 29/54/54 28/52/52 1/2465/2381
f 2/2466/2383 2338/2369/2336 2339/2370/2337
f 30/56/56 29/54/54 1/2467/2381
f 2/2468/2383 2339/2370/2337 2340/2371/2338
f 31/58/58 30/56/56 1/2469/2381
f 2/2470/2383 2340/2371/2338 2341/2372/2339
f 32/60/60 31/58/58 1/2471/2381
f 2/2472/2383 2341/2372/2339 2342/2373/2340
f 33/62/62 32/60/60 1/2473/2381
f 2/2474/2383 2342/2373/2340 2343/2374/2341
f 34/64/64 33/62/62 1/2475/2381
f 2/2476/2383 2343/2374/2341 2344/2375/2342
f 35/66/66 34/64/64 1/2477/2381
f 2/2478/2383 2344/2375/2342 2345/2376/2343
f 36/68/68 35/66/66 1/2479/2381
f 2/2480/2383 2345/2376/2343 2346/2377/2344
f 37/70/70 36/68/68 1/2481/2381
f 2/2482/2383 2346/2377/2344 2347/2378/2345
f 38/72/72 37/70/70 1/2483/2381
f 2/2484/2383 2347/2378/2345 2348/2379/2346
f 39/74/74 38/72/72 1/2485/2381
f 2/2486/2383 2348/2379/2346 2349/2380/2347
f 40/76/76 39/74/74 1/2487/2381
f 2/2488/2383 2349/2380/2347 2350/2381/2348
f 41/78/78 40/76/76 1/2489/2381
f 2/2490/2383 2350/2381/2348 2351/2382/2349
f 42/80/80 41/78/78 1/2491/2381
f 2/2492/2383 2351/2382/2349 2352/2383/2350
f 43/82/82 42/80/80 1/2493/2381
f 2/2494/2383 2352/2383/2350 2353/2384/2351
f 44/84/84 43/82/82 1/2495/2381
f 2/2496/2383 2353/2384/2351 2354/2385/2352
f 45/86/86 44/84/84 1/2497/2381
f 2/2498/2383 2354/2385/2352 2355/2386/2353
f 46/88/88 45/86/86 1/2499/2381
f 2/2500/2383 2355/2386/2353 2356/2387/2354
f 47/90/90 46/88/88 1/2501/2381
f 2/2502/2383 2356/2387/2354 2357/2388/2355
f 48/92/92 47/90/90 1/2503/2381
f 2/2504/2383 2357/2388/2355 2358/2389/2356
f 49/94/94 48/92/92 1/2505/2381
f 2/2506/2383 2358/2389/2356 2359/2390/2357
f 50/96/96 49/94/94 1/2507/2381
f 2/2508/2383 2359/2390/2357 2360/2391/2358
f 51/98/98 50/96/96 1/2509/2381
f 2/2510/2383 2360/2391/2358 2361/2392/2359
f 52/100/100 51/98/98 1/2511/2381
f 2/2512/2383 2361/2392/2359 2362/2393/2360
f 53/102/102 52/100/100 1/2513/2381
f 2/2514/2383 2362/2393/2360 2363/2394/2361
f 54/104/104 53/102/102 1/2515/2381
f 2/2516/2383 2363/2394/2361 2364/2395/2362
f 55/106/106 54/104/104 1/2517/2381
f 2/2518/2383 2364/2395/2362 2365/2396/2363
f 56/108/108 55/106/106 1/2519/2381
f 2/2520/2383 2365/2396/2363 2366/2397/2364
f 57/110/110 56/108/108 1/2521/2381
f 2/2522/2383 2366/2397/2364 2367/2398/2365
f 58/112/112 57/110/110 1/2523/2381
f 2/2524/2383 2367/2398/2365 2368/2399/2366
f 59/114/114 58/112/112 1/2525/2381
f 2/2526/2383 2368/2399/2366 2369/2400/2367
f 60/116/116 59/114/114 1/2527/2381
f 2/2528/2383 2369/2400/2367 2370/2401/2368
f 61/118/118 60/116/116 1/2529/2381
f 2/2530/2383 2370/2401/2368 2371/2402/2369
f 62/120/120 61/118/118 1/2531/2381
f 2/2532/2383 2371/2402/2369 2372/2403/2370
f 63/122/122 62/120/120 1/2533/2381
f 2/2534/2383 2372/2403/2370 2373/2404/2371
f 64/124/124 63/122/122 1/2535/2381
f 2/2536/2383 2373/2404/2371 2374/2405/2372
f 65/126/126 64/124/124 1/2537/2381
f 2/2538/2383 2374/2405/2372 2375/2406/2373
f 66/128/128 65/126/126 1/2539/2381
f 2/2540/2383 2375/2406/2373 2376/2407/2374
f 67/130/130 66/128/128 1/2541/2381
f 2/2542/2383 2376/2407/2374 2377/2408/2375
f 68/132/132 67/130/130 1/2543/2381
f 2/2544/2383 2377/2408/2375 2378/2409/2376
f 69/134/134 68/132/132 1/2545/2381
f 2/2546/2383 2378/2409/2376 2379/2410/2377
f 70/136/136 69/134/134 1/2547/2381
f 2/2548/2383 2379/2410/2377 2380/2411/2378
f 71/138/138 70/136/136 1/2549/2381
f 2/2550/2383 2380/2411/2378 2381/2412/2379
f 72/140/140 71/138/138 1/2551/2381
f 2/2552/2383 2381/2412/2379 2382/2413/2380
f 3/142/1 72/140/140 1/2553/2381
f 2/2554/2383 2382/2413/2380 2313/2414/2311

